utterance,speaker,wall_ms,stage_preparation_ms,stage_ctc_encoding_ms,stage_ctc_viterbi_ms,stage_phone_scoring_ms,stage_total_ms
000030012,0003,61.61187501857057,0.162,57.024,3.602,0.664,61.476
000030024,0003,52.52395800198428,0.201,49.121,1.821,0.416,51.588
000030040,0003,51.18475001654588,0.148,48.377,1.791,0.455,50.791
000030047,0003,52.45079199085012,0.2,49.297,2.003,0.458,51.984
000030049,0003,50.967082992428914,0.16,47.711,1.58,0.436,49.913
000030051,0003,56.92291600280441,0.166,53.385,2.492,0.473,56.543
000030054,0003,53.09729199507274,0.249,50.302,1.766,0.36,52.701
000030059,0003,65.86033399798907,0.16,61.871,2.91,0.473,65.438
000030067,0003,65.6853330146987,0.159,61.351,3.295,0.534,65.36
000030069,0003,52.47937500826083,0.149,49.185,2.347,0.434,52.136
000030079,0003,66.5449170046486,0.198,61.203,3.94,0.686,66.049
000030080,0003,53.68816698319279,0.15,50.126,2.513,0.532,53.344
000030097,0003,44.058708008378744,0.131,41.329,1.769,0.418,43.674
000030101,0003,54.743415996199474,0.134,51.346,2.395,0.48,54.38
000030116,0003,74.21866699587554,0.176,69.004,3.864,0.715,73.784
000030119,0003,83.15762499114498,0.18,76.195,4.756,1.548,82.709
000030145,0003,57.34837500494905,0.159,53.877,2.26,0.64,56.967
000030153,0003,45.27795800822787,0.18,42.749,1.299,0.367,44.619
000030154,0003,53.9466249756515,0.157,50.978,2.002,0.462,53.624
000030175,0003,37.44949999963865,0.137,36.362,0.566,0.214,37.307
000240010,0024,42.934584023896605,0.139,40.707,1.534,0.39,42.797
000240031,0024,63.28612499055453,0.2,57.623,4.473,0.771,63.092
000240060,0024,54.903041978832334,0.149,49.986,3.661,0.674,54.494
000240071,0024,85.29550000093877,0.177,75.969,7.536,0.992,84.699
000240073,0024,98.69100002106279,0.231,85.648,11.079,1.216,98.197
000240099,0024,72.68058299086988,0.279,63.93,6.29,0.92,71.443
000240115,0024,50.67833300563507,0.18,47.506,2.103,0.445,50.253
000240116,0024,55.338333011604846,0.151,50.195,3.764,0.87,55.007
000240151,0024,59.21483397833072,0.16,54.236,3.682,0.681,58.785
000240152,0024,54.459665989270434,0.164,49.26,3.834,0.694,53.973
000240248,0024,52.28387500392273,0.191,47.494,3.004,0.63,51.34
000240284,0024,53.55541600147262,0.155,48.8,3.47,0.713,53.163
000240287,0024,42.3570419952739,0.141,39.941,1.473,0.389,41.968
000240289,0024,60.31583299045451,0.17,54.539,4.485,0.683,59.899
000240320,0024,66.05475000105798,0.207,58.449,5.557,0.861,65.094
000240323,0024,70.22700001834892,0.19,63.33,4.811,0.644,68.994
000240324,0024,50.676167011260986,0.186,46.301,2.741,0.55,49.795
000240329,0024,54.30712501402013,0.165,49.628,3.431,0.64,53.882
000240350,0024,52.76550000417046,0.188,47.727,3.298,0.704,51.943
000240352,0024,54.911374987568706,0.189,49.927,3.328,0.565,54.031
000440005,0044,52.01483401469886,0.164,48.044,1.912,0.319,50.458
000440021,0044,74.22637499985285,0.181,67.414,5.474,0.642,73.731
000440032,0044,63.08879199787043,0.207,59.023,2.521,0.407,62.18
000440035,0044,62.907707993872464,0.184,58.71,2.615,0.427,61.955
000440043,0044,71.11116600572132,0.196,66.719,3.293,0.419,70.646
000440045,0044,57.73116700584069,0.189,54.795,1.512,0.257,56.78
000440049,0044,88.3406670182012,0.225,83.213,3.849,0.438,87.746
000440062,0044,86.73187499516644,0.237,80.992,4.521,0.454,86.23
000440082,0044,71.25966702005826,0.223,66.433,3.13,0.406,70.215
000440089,0044,64.94733301224187,0.173,61.198,2.528,0.501,64.423
000440090,0044,58.57695799204521,0.152,55.651,1.574,0.338,57.734
000440099,0044,121.81283300742507,0.236,111.62,8.27,0.759,120.909
000440104,0044,91.83758398285136,0.209,85.448,4.686,0.55,90.915
000440126,0044,73.96508299279958,0.24,68.605,3.658,0.435,72.97
000440132,0044,65.17012498807162,0.222,60.635,2.871,0.447,64.198
000440145,0044,82.35987499938346,0.196,76.079,5.053,0.555,81.907
000440147,0044,75.25270801852457,0.223,68.626,4.778,0.556,74.206
000440163,0044,71.66333397617564,0.201,65.752,3.188,0.425,69.584
000440173,0044,45.27729100664146,0.182,42.308,1.483,0.337,44.332
000440175,0044,40.075083990814164,0.144,38.557,0.793,0.193,39.71
000490002,0049,77.28258302086033,0.192,73.411,2.844,0.386,76.858
000490017,0049,81.67441698606126,0.286,73.737,4.001,0.495,78.542
000490032,0049,50.38733300170861,0.194,47.61,1.347,0.272,49.442
000490047,0049,84.70475001377054,0.226,80.253,3.386,0.347,84.232
000490052,0049,52.99316701712087,0.171,49.484,1.985,0.351,52.015
000490086,0049,52.01295900042169,0.175,48.621,2.329,0.396,51.54
000490087,0049,60.88187501882203,0.164,57.347,2.589,0.398,60.522
000490088,0049,49.304584012134,0.162,46.33,1.633,0.307,48.451
000490092,0049,62.74399999529123,0.168,58.621,2.913,0.441,62.165
000490097,0049,64.30420899414457,0.21,59.165,3.417,0.525,63.336
000490101,0049,54.33066701516509,0.224,50.348,2.342,0.4,53.373
000490102,0049,72.60537499678321,0.201,64.73,4.102,0.589,69.645
000490117,0049,81.87816699501127,0.224,75.497,4.676,0.494,80.912
000490134,0049,71.09762498294003,0.223,66.203,3.273,0.412,70.131
000490144,0049,81.0656670073513,0.231,74.456,4.819,0.559,80.091
000490151,0049,71.5161660045851,0.18,66.318,3.953,0.559,71.033
000490157,0049,49.23295899061486,0.188,46.607,1.171,0.26,48.255
000490162,0049,67.79120900318958,0.175,63.814,2.957,0.425,67.391
000490164,0049,64.13354200776666,0.17,61.526,1.707,0.321,63.746
000490175,0049,79.09258399740793,0.215,73.255,4.131,0.561,78.187
000920002,0092,60.46845798846334,0.179,57.593,1.808,0.406,60.011
000920009,0092,55.866792012238875,0.182,52.786,1.684,0.325,55.0
000920010,0092,52.52408399246633,0.172,48.746,1.842,0.351,51.133
000920025,0092,58.01562499254942,0.173,54.453,2.514,0.403,57.564
000920040,0092,59.29887501406483,0.185,55.05,2.495,0.395,58.143
000920051,0092,50.34424999030307,0.163,47.254,1.7,0.294,49.429
000920055,0092,51.55787500552833,0.144,48.176,2.326,0.441,51.106
000920074,0092,50.94333298620768,0.153,47.86,2.114,0.432,50.581
000920092,0092,79.37416699132882,0.224,72.691,5.318,0.614,78.87
000920094,0092,64.48995799291879,0.202,59.197,3.628,0.481,63.529
000920099,0092,60.02083301427774,0.204,54.816,3.456,0.573,59.068
000920104,0092,64.46170798153616,0.19,59.843,2.984,0.477,63.513
000920122,0092,64.88091699429788,0.202,60.36,2.736,0.586,63.909
000920126,0092,71.43995800288394,0.2,66.883,3.47,0.45,71.021
000920129,0092,67.31204100651667,0.19,62.297,3.307,0.575,66.399
000920134,0092,54.29787500179373,0.244,51.085,1.687,0.371,53.412
000920136,0092,66.89658400136977,0.178,59.374,3.456,0.591,63.625
000920149,0092,73.41208297293633,0.216,66.721,4.836,0.615,72.412
000920167,0092,58.063582982867956,0.188,54.225,2.267,0.448,57.148
000920173,0092,41.84166601044126,0.134,40.031,1.049,0.25,41.484
000930005,0093,49.59549999330193,0.144,46.985,1.707,0.341,49.198
000930014,0093,60.90770801529288,0.16,57.056,2.758,0.483,60.478
000930018,0093,70.63845900120214,0.194,65.154,3.81,0.536,69.716
000930026,0093,58.75754199223593,0.163,55.439,1.694,0.457,57.777
000930035,0093,62.640792020829394,0.17,59.813,1.88,0.404,62.298
000930040,0093,50.07191700860858,0.196,47.425,1.483,0.399,49.527
000930048,0093,55.929332971572876,0.177,52.492,2.416,0.419,55.525
000930050,0093,55.20420800894499,0.183,51.284,2.304,0.503,54.296
000930051,0093,48.794457979965955,0.153,44.366,1.574,0.377,46.492
000930056,0093,51.53674999019131,0.152,48.647,1.914,0.424,51.158
000930089,0093,60.340666997944936,0.182,55.083,2.604,0.461,58.357
000930091,0093,66.67904197820462,0.213,61.116,3.813,0.545,65.706
000930095,0093,59.5973749877885,0.213,55.435,2.527,0.476,58.672
000930099,0093,59.98079100390896,0.2,54.722,3.47,0.609,59.024
000930101,0093,53.7975000042934,0.184,49.904,2.323,0.413,52.844
000930111,0093,74.32695798343047,0.19,68.653,4.454,0.558,73.877
000930148,0093,62.11245901067741,0.211,57.202,3.318,0.445,61.196
000930151,0093,71.83908298611641,0.202,67.333,2.709,0.379,70.645
000930155,0093,54.88458299078047,0.188,51.314,2.023,0.36,53.907
000930162,0093,51.64895800407976,0.171,47.012,1.708,0.379,49.29
000940012,0094,63.19141699350439,0.188,58.33,3.651,0.552,62.742
000940015,0094,59.9832919833716,0.216,55.209,3.009,0.556,59.011
000940021,0094,59.46637500892393,0.202,54.729,3.057,0.503,58.512
000940027,0094,53.36154199903831,0.196,49.957,1.874,0.346,52.393
000940032,0094,48.89470900525339,0.141,46.892,1.149,0.304,48.509
000940042,0094,58.83704099687748,0.164,54.986,2.69,0.452,58.312
000940049,0094,54.00816700421274,0.219,50.423,1.951,0.36,52.984
000940067,0094,53.26720801531337,0.16,49.588,2.649,0.467,52.885
000940068,0094,51.21612502261996,0.156,48.215,1.909,0.371,50.671
000940073,0094,54.56820799736306,0.169,51.505,1.985,0.358,54.038
000940074,0094,56.01741699501872,0.148,53.256,1.822,0.403,55.649
000940086,0094,48.485082981642336,0.132,46.091,1.409,0.394,48.051
000940093,0094,56.97550001787022,0.142,53.551,2.23,0.618,56.565
000940102,0094,59.7121249884367,0.164,55.448,2.566,0.639,58.841
000940103,0094,59.43525000475347,0.214,55.047,2.755,0.497,58.534
000940122,0094,60.32195797888562,0.208,54.804,3.593,0.742,59.37
000940133,0094,51.19425000157207,0.186,47.312,2.361,0.45,50.329
000940147,0094,58.09941698680632,0.183,54.226,2.8,0.424,57.656
000940150,0094,36.76533300313167,0.139,34.846,0.723,0.204,35.932
000940173,0094,49.605708016315475,0.137,46.875,1.829,0.399,49.259
000960002,0096,58.23079199763015,0.151,55.094,2.203,0.399,57.865
000960008,0096,80.99904199480079,0.234,75.261,4.1,0.446,80.062
000960019,0096,62.29083298239857,0.215,57.793,2.903,0.437,61.379
000960040,0096,58.77170801977627,0.2,54.919,2.301,0.407,57.845
000960043,0096,54.598333983449265,0.213,51.344,1.709,0.328,53.615
000960046,0096,54.50137497973628,0.175,48.897,2.352,0.424,51.867
000960048,0096,53.057708020787686,0.174,49.98,2.027,0.401,52.606
000960049,0096,52.64554198947735,0.157,49.373,2.108,0.391,52.049
000960050,0096,60.36941701313481,0.177,54.952,2.125,0.353,57.626
000960052,0096,57.4617920210585,0.21,54.219,1.778,0.355,56.582
000960054,0096,53.20912500610575,0.183,49.891,1.668,0.31,52.071
000960066,0096,104.6821249765344,0.226,96.627,6.753,0.563,104.191
000960071,0096,59.681500017177314,0.192,55.198,2.82,0.476,58.705
000960073,0096,63.090624986216426,0.215,58.195,3.239,0.524,62.193
000960084,0096,79.71866699517705,0.213,73.652,4.389,0.532,78.806
000960090,0096,49.14254098548554,0.201,46.325,1.326,0.305,48.177
000960093,0096,62.556000018958,0.165,58.905,2.54,0.548,62.18
000960136,0096,63.88795797829516,0.191,58.7,3.429,0.558,62.899
000960167,0096,49.29533301037736,0.183,46.731,1.167,0.25,48.351
000960168,0096,41.99258299195208,0.13,40.26,0.968,0.207,41.584
001110009,0111,52.21208298462443,0.148,49.591,1.793,0.32,51.873
001110023,0111,59.78912499267608,0.186,54.582,2.62,0.388,57.795
001110039,0111,61.782000004313886,0.206,57.557,2.569,0.415,60.766
001110040,0111,40.465917001711205,0.169,38.72,0.913,0.221,40.043
001110047,0111,62.92220900650136,0.18,59.279,2.726,0.362,62.567
001110056,0111,60.148874996230006,0.179,55.245,3.288,0.507,59.24
001110060,0111,51.922084006946534,0.205,48.424,2.023,0.373,51.047
001110067,0111,64.59637498483062,0.204,60.112,3.362,0.429,64.127
001110072,0111,50.5699579953216,0.144,47.187,2.405,0.433,50.201
001110076,0111,71.58479202189483,0.188,66.174,4.16,0.497,71.042
001110094,0111,62.50983400968835,0.211,57.781,3.068,0.462,61.542
001110099,0111,60.39408300421201,0.192,54.947,3.302,0.508,58.972
001110114,0111,80.5028329777997,0.212,73.778,5.06,0.537,79.608
001110122,0111,71.47470899508335,0.203,65.036,4.696,0.615,70.572
001110129,0111,61.46795899257995,0.2,57.38,2.513,0.395,60.508
001110135,0111,57.598749990575016,0.148,55.077,1.641,0.323,57.21
001110137,0111,83.86799998697825,0.283,76.955,5.143,0.622,83.029
001110141,0111,73.44420900335535,0.196,67.658,4.549,0.59,73.017
001110151,0111,50.07420800393447,0.163,47.108,1.897,0.476,49.669
001110173,0111,54.31733300792985,0.174,50.773,2.592,0.409,53.977
001120010,0112,43.02283300785348,0.177,40.817,1.198,0.342,42.562
001120013,0112,62.973291001981124,0.238,58.395,3.391,0.536,62.582
001120024,0112,53.30470800981857,0.196,49.022,2.652,0.456,52.349
001120031,0112,49.99320799834095,0.151,46.871,1.988,0.416,49.445
001120038,0112,52.34229101915844,0.149,49.354,2.024,0.395,51.941
001120063,0112,55.33187498804182,0.244,50.481,2.669,0.419,53.831
001120078,0112,61.646874994039536,0.184,55.307,3.067,0.484,59.061
001120090,0112,49.88620799849741,0.188,46.745,1.706,0.355,49.014
001120097,0112,60.114874999271706,0.187,55.718,3.246,0.516,59.686
001120098,0112,54.26183299277909,0.194,50.109,2.538,0.45,53.311
001120101,0112,53.794417006429285,0.202,48.081,2.059,0.411,50.772
001120105,0112,70.33558300463483,0.201,64.922,4.187,0.577,69.91
001120119,0112,73.03958397824317,0.212,65.631,5.257,0.685,71.808
001120130,0112,45.45529201277532,0.163,42.644,1.413,0.287,44.526
001120136,0112,49.84187497757375,0.144,46.867,1.996,0.419,49.445
001120141,0112,65.00654100091197,0.196,60.225,3.607,0.522,64.578
001120148,0112,62.02066599507816,0.171,57.077,3.315,0.499,61.08
001120156,0112,54.070625017629936,0.252,49.49,2.894,0.506,53.165
001120159,0112,51.76929198205471,0.145,48.575,2.236,0.404,51.381
001120162,0112,44.11120800068602,0.169,41.646,1.511,0.366,43.71
001130002,0113,50.6418340082746,0.143,48.042,1.691,0.367,50.263
001130005,0113,64.91737498436123,0.182,59.792,3.808,0.496,64.297
001130019,0113,75.19870798569173,0.183,69.15,4.376,0.574,74.305
001130021,0113,63.878333021420985,0.234,59.207,3.084,0.424,62.969
001130023,0113,64.41162497503683,0.197,59.467,2.735,0.389,62.808
001130024,0113,70.74429100612178,0.212,65.784,3.298,0.426,69.739
001130039,0113,59.08375000581145,0.21,55.211,2.248,0.411,58.105
001130047,0113,61.890791985206306,0.185,57.331,2.948,0.481,60.965
001130054,0113,58.8220409990754,0.189,54.967,2.376,0.373,57.927
001130073,0113,79.68770799925551,0.224,73.847,4.081,0.481,78.653
001130074,0113,50.38391597918235,0.18,47.067,1.856,0.388,49.514
001130082,0113,73.90404099714942,0.234,69.201,2.852,0.353,72.662
001130087,0113,73.2942920003552,0.232,68.567,3.071,0.409,72.301
001130102,0113,92.32308299397118,0.217,86.62,4.113,0.465,91.439
001130118,0113,77.14554201811552,0.179,72.432,3.216,0.488,76.335
001130123,0113,118.84304200066254,0.234,109.397,7.541,0.683,117.88
001130138,0113,69.34333298704587,0.215,64.422,3.269,0.435,68.362
001130155,0113,44.243000011192635,0.183,41.647,1.159,0.251,43.259
001130168,0113,63.02870798390359,0.173,58.969,2.931,0.456,62.555
001130173,0113,51.04904100880958,0.187,47.897,1.689,0.353,50.146
001140008,0114,61.90362499910407,0.189,57.328,3.397,0.542,61.476
001140045,0114,45.21170898806304,0.188,41.794,1.886,0.384,44.271
001140046,0114,42.015040991827846,0.133,39.446,1.654,0.368,41.623
001140049,0114,109.32983399834484,0.256,101.896,6.155,0.505,108.833
001140054,0114,43.54466698714532,0.167,40.553,1.474,0.427,42.642
001140056,0114,52.02787500456907,0.152,48.593,2.371,0.488,51.623
001140059,0114,49.28550001932308,0.142,46.372,1.981,0.431,48.945
001140064,0114,68.40016599744558,0.201,64.005,3.281,0.472,67.98
001140068,0114,51.75408298964612,0.188,47.943,2.272,0.391,50.814
001140099,0114,64.38841699855402,0.177,59.134,4.069,0.62,64.018
001140100,0114,70.32641701516695,0.25,65.785,2.995,0.424,69.479
001140104,0114,49.76833300315775,0.189,46.608,2.106,0.43,49.351
001140108,0114,44.876958010718226,0.163,41.925,1.963,0.366,44.435
001140120,0114,78.85333299054764,0.207,72.716,4.897,0.576,78.419
001140130,0114,45.5880000081379,0.207,42.389,1.653,0.37,44.639
001140133,0114,69.91533300606534,0.175,65.537,3.318,0.478,69.527
001140140,0114,51.431583997327834,0.191,47.742,2.12,0.425,50.501
001140146,0114,81.50654201745056,0.204,73.838,6.201,0.739,81.005
001140159,0114,50.2924169995822,0.205,46.989,1.833,0.345,49.394
001140163,0114,52.71941699902527,0.183,50.245,1.526,0.294,52.266
001200015,0120,83.67112500127405,0.21,72.805,7.484,0.919,81.444
001200016,0120,81.47558302152902,0.245,73.343,6.125,0.725,80.458
001200050,0120,71.99379199300893,0.196,64.084,5.904,0.824,71.032
001200081,0120,61.0429169901181,0.216,54.878,4.309,0.683,60.111
001200098,0120,55.24895898997784,0.173,50.69,3.342,0.598,54.827
001200103,0120,65.70658402051777,0.191,59.468,4.457,0.685,64.824
001200114,0120,73.25529199442826,0.232,65.228,5.51,0.7,71.695
001200121,0120,45.51983397686854,0.163,41.86,2.071,0.394,44.511
001200126,0120,44.596040999749675,0.141,42.063,1.635,0.385,44.245
001200145,0120,66.2707080191467,0.203,59.965,4.993,0.702,65.887
001200146,0120,73.32354100071825,0.195,66.785,4.756,0.763,72.523
001200159,0120,51.21333300485276,0.19,47.556,2.047,0.493,50.313
001200161,0120,63.22054099291563,0.171,57.513,4.301,0.812,62.825
001200162,0120,51.156625006115064,0.2,46.908,2.604,0.493,50.227
001200168,0120,55.44362499495037,0.163,50.349,3.878,0.676,55.086
001200209,0120,61.98166700778529,0.186,55.334,4.705,0.75,60.996
001200210,0120,77.47020799433812,0.199,68.689,6.519,0.819,76.25
001200306,0120,53.12895801034756,0.175,48.336,3.021,0.613,52.166
001200338,0120,59.493834007298574,0.176,54.52,3.747,0.615,59.077
001200350,0120,67.51200000871904,0.265,60.205,5.393,0.762,66.649
001220013,0122,45.51808399264701,0.191,42.504,1.606,0.338,44.659
001220015,0122,54.53608400421217,0.155,50.707,2.837,0.449,54.168
001220021,0122,52.493833005428314,0.19,48.841,1.898,0.369,51.318
001220031,0122,63.39820800349116,0.195,59.315,2.944,0.426,62.903
001220034,0122,58.767041977262124,0.218,54.422,2.25,0.328,57.238
001220037,0122,44.56979100359604,0.184,41.929,1.201,0.281,43.616
001220038,0122,50.01870798878372,0.149,46.638,1.643,0.365,48.814
001220051,0122,52.550624997820705,0.146,49.69,1.939,0.399,52.195
001220068,0122,57.278958993265405,0.159,52.699,2.026,0.428,55.335
001220093,0122,54.16991698439233,0.201,50.168,2.276,0.399,53.068
001220101,0122,52.9733749863226,0.18,49.557,2.396,0.405,52.561
001220104,0122,51.57991699525155,0.169,47.274,1.487,0.298,49.249
001220127,0122,73.02837498718873,0.186,67.872,4.058,0.488,72.625
001220129,0122,54.861165990587324,0.2,50.909,2.401,0.371,53.903
001220137,0122,72.54412499605678,0.203,64.821,4.495,0.574,70.115
001220138,0122,63.12312500085682,0.194,59.397,2.68,0.399,62.692
001220159,0122,68.05699999677017,0.251,64.176,2.461,0.334,67.243
001220163,0122,51.49870799505152,0.155,48.732,1.767,0.398,51.074
001220166,0122,52.29079199489206,0.157,49.151,2.179,0.401,51.907
001220168,0122,50.3868339874316,0.15,47.156,2.167,0.509,50.004
001330002,0133,52.38933299551718,0.153,49.198,2.189,0.443,52.003
001330027,0133,48.727416986366734,0.158,46.576,1.361,0.267,48.383
001330033,0133,68.3878330164589,0.207,64.591,2.758,0.385,67.959
001330057,0133,52.91937501169741,0.189,49.184,2.257,0.382,52.03
001330067,0133,50.01524998806417,0.151,47.528,1.617,0.327,49.645
001330068,0133,50.03679101355374,0.19,47.173,1.887,0.356,49.626
001330075,0133,61.78245900082402,0.17,57.488,3.227,0.47,61.374
001330097,0133,52.25462501402944,0.19,47.92,2.668,0.516,51.314
001330099,0133,63.95483302185312,0.186,58.678,4.066,0.638,63.592
001330112,0133,54.82645801384933,0.162,51.63,2.286,0.363,54.462
001330115,0133,63.910917000612244,0.174,59.107,3.521,0.539,63.361
001330118,0133,80.75112500227988,0.201,73.346,5.343,0.698,79.615
001330126,0133,84.45708302315325,0.249,75.348,7.022,0.752,83.393
001330128,0133,74.14237500051968,0.21,67.863,4.886,0.654,73.632
001330129,0133,51.968749990919605,0.15,48.805,2.135,0.502,51.614
001330143,0133,75.23929100716487,0.21,70.73,3.34,0.54,74.843
001330146,0133,85.84979199804366,0.189,80.646,3.966,0.601,85.423
001330155,0133,49.56841698731296,0.14,46.718,1.451,0.367,48.701
001330170,0133,64.94574999669567,0.153,62.062,1.946,0.376,64.559
001330172,0133,59.239165973849595,0.168,55.465,2.304,0.435,58.393
001490002,0149,59.51966700376943,0.178,54.752,2.881,0.474,58.302
001490016,0149,53.76612499821931,0.201,49.174,2.336,0.456,52.187
001490024,0149,51.61299998871982,0.141,48.19,2.383,0.486,51.226
001490032,0149,62.077917013084516,0.171,58.332,2.648,0.47,61.64
001490039,0149,59.46520800353028,0.193,55.433,2.462,0.414,58.527
001490045,0149,73.62395798554644,0.215,66.851,4.905,0.63,72.622
001490052,0149,59.36679197475314,0.202,54.946,2.764,0.471,58.402
001490056,0149,64.20891601010226,0.183,59.64,2.941,0.492,63.276
001490077,0149,82.50841702101752,0.213,75.274,5.709,0.787,82.004
001490080,0149,84.04241700191051,0.25,77.247,4.944,0.556,83.018
001490093,0149,55.034165998222306,0.201,50.228,2.941,0.702,54.099
001490101,0149,84.28675000322983,0.23,75.731,5.497,0.564,82.047
001490109,0149,57.24004199146293,0.192,54.153,1.99,0.446,56.806
001490127,0149,65.26137501350604,0.179,60.486,3.523,0.607,64.822
001490131,0149,51.70558299869299,0.164,48.398,1.738,0.401,50.722
001490138,0149,53.89616600587033,0.16,50.522,2.395,0.407,53.506
001490153,0149,65.52758300676942,0.215,60.27,3.536,0.534,64.575
001490155,0149,42.75125000276603,0.184,40.295,0.991,0.323,41.814
001490161,0149,52.05966599169187,0.234,48.93,1.717,0.338,51.238
001490171,0149,43.70995800127275,0.153,39.831,1.049,0.266,41.319
001570024,0157,66.86445800005458,0.227,60.202,5.191,0.748,66.39
001570030,0157,90.28179198503494,0.236,77.984,10.442,1.1,89.786
001570034,0157,66.39604200609028,0.218,60.033,4.367,0.787,65.433
001570061,0157,66.12129099084996,0.197,59.489,4.551,0.68,64.938
001570072,0157,63.28866700641811,0.223,57.216,4.194,0.647,62.313
001570100,0157,51.14654201315716,0.171,47.056,2.388,0.629,50.267
001570165,0157,50.33166697830893,0.156,46.891,2.425,0.534,50.029
001570185,0157,52.84812499303371,0.154,49.296,2.486,0.484,52.441
001570194,0157,59.91679200087674,0.162,54.715,3.976,0.673,59.546
001570203,0157,53.04150001029484,0.154,49.526,2.434,0.526,52.663
001570212,0157,54.127040988532826,0.161,49.615,3.361,0.584,53.743
001570216,0157,61.17174998507835,0.186,55.049,4.288,0.738,60.281
001570269,0157,83.0434579984285,0.225,74.056,6.711,0.805,81.819
001570272,0157,50.10962500819005,0.192,46.899,1.7,0.391,49.202
001570290,0157,61.467207997338846,0.193,56.364,3.835,0.649,61.065
001570316,0157,73.59745798748918,0.221,65.927,5.525,0.866,72.565
001570324,0157,73.09283298673108,0.221,65.23,5.865,0.772,72.11
001570325,0157,78.85145899490453,0.233,69.386,7.337,0.936,77.914
001570361,0157,64.70058299601078,0.217,58.158,4.626,0.692,63.714
001570378,0157,64.86316700465977,0.185,58.356,4.59,0.719,63.873
003060002,0306,71.78770800237544,0.219,64.89,4.997,0.673,70.8
003060017,0306,60.196459002327174,0.167,55.255,3.748,0.524,59.714
003060025,0306,105.03612499451265,0.25,90.823,11.88,1.111,104.085
003060028,0306,88.06491701398045,0.235,77.491,8.877,0.912,87.54
003060064,0306,77.0142080145888,0.23,68.522,6.268,0.71,75.753
003060087,0306,84.83725000405684,0.259,75.648,7.182,0.762,83.875
003060107,0306,63.91541598713957,0.203,59.213,3.483,0.511,63.432
003060161,0306,65.19812499755062,0.196,59.626,3.854,0.565,64.262
003060186,0306,59.89345902344212,0.205,55.069,3.141,0.536,58.972
003060226,0306,65.00704100471921,0.209,59.298,3.967,0.559,64.056
003060229,0306,58.81399998907,0.162,54.314,3.326,0.589,58.414
003060235,0306,63.15637502120808,0.214,57.846,3.618,0.551,62.25
003060245,0306,75.51670901011676,0.205,69.335,4.893,0.604,75.059
003060259,0306,66.53008301509544,0.208,60.34,4.352,0.644,65.564
003060263,0306,86.39254199806601,0.225,76.171,7.952,0.834,85.205
003060285,0306,65.37179200677201,0.223,59.307,4.29,0.63,64.476
003060291,0306,86.69154200470075,0.213,77.989,6.758,0.738,85.723
003060306,0306,91.37341700261459,0.247,82.031,7.767,0.835,90.906
003060319,0306,53.302915999665856,0.248,49.442,2.166,0.408,52.283
003060337,0306,71.38216600287706,0.335,64.376,5.402,0.8,70.934
004570010,0457,93.62500000861473,0.226,82.036,9.52,0.91,92.715
004570071,0457,55.184374999953434,0.199,50.365,3.104,0.544,54.239
004570074,0457,73.75620800303295,0.27,64.753,5.47,0.737,71.251
004570106,0457,64.82916700770147,0.211,58.071,4.813,0.787,63.904
004570124,0457,49.800667009549215,0.202,46.1,2.088,0.475,48.885
004570129,0457,52.25895802141167,0.154,48.648,2.451,0.464,51.738
004570137,0457,54.128415999002755,0.153,49.869,3.089,0.522,53.653
004570145,0457,73.7579170090612,0.177,66.857,5.488,0.841,73.394
004570146,0457,62.91000000783242,0.188,57.856,3.788,0.563,62.42
004570167,0457,50.98891700617969,0.198,47.393,2.038,0.371,50.023
004570237,0457,71.760541992262,0.208,64.386,5.815,0.889,71.321
004570256,0457,69.67154200538062,0.188,64.003,4.033,0.56,68.809
004570259,0457,93.03250000812113,0.208,83.701,7.311,0.874,92.117
004570268,0457,56.95850000483915,0.156,53.043,2.347,0.524,56.095
004570283,0457,81.58912498038262,0.196,74.972,5.297,0.701,81.191
004570289,0457,84.17045802343637,0.223,75.391,6.48,0.807,82.925
004570300,0457,81.87729099881835,0.231,72.844,6.965,0.868,80.933
004570304,0457,43.534374999580905,0.187,40.522,1.513,0.349,42.591
004570306,0457,73.47729097818956,0.214,67.608,4.562,0.623,73.03
004570374,0457,55.28387500089593,0.216,50.619,2.964,0.543,54.365
004610037,0461,89.16662499541417,0.247,78.79,7.306,0.734,87.1
004610054,0461,63.947333983378485,0.213,58.479,3.712,0.569,62.994
004610065,0461,142.5057909800671,0.332,122.142,17.731,1.15,141.38
004610129,0461,53.54562500724569,0.207,49.603,2.326,0.45,52.605
004610148,0461,76.71958298305981,0.187,72.585,2.982,0.413,76.186
004610151,0461,58.756417012773454,0.187,54.626,2.596,0.415,57.848
004610176,0461,44.13925000699237,0.183,40.417,1.606,0.31,42.536
004610177,0461,58.461416978389025,0.157,53.881,3.395,0.623,58.085
004610182,0461,87.48958300566301,0.215,77.462,8.421,0.911,87.032
004610227,0461,81.84687499306165,0.239,73.833,6.118,0.645,80.854
004610230,0461,83.10895800241269,0.293,75.124,6.422,0.718,82.58
004610231,0461,72.61487498180941,0.236,66.082,4.759,0.57,71.669
004610238,0461,63.74995899386704,0.208,57.926,4.039,0.608,62.802
004610239,0461,78.61774999764748,0.25,73.295,3.619,0.438,77.624
004610246,0461,49.566291010705754,0.184,45.979,1.981,0.466,48.633
004610266,0461,63.032500009285286,0.195,58.785,3.017,0.544,62.571
004610290,0461,53.9190000272356,0.158,48.934,3.011,0.535,52.658
004610298,0461,62.374333007028326,0.164,58.024,3.3,0.537,62.046
004610362,0461,66.36037499993108,0.207,60.094,4.492,0.675,65.49
004610373,0461,65.06804199307226,0.201,59.556,4.264,0.562,64.604
005630017,0563,65.70949999149889,0.211,60.265,3.736,0.532,64.766
005630044,0563,77.34429198899306,0.232,68.685,6.384,1.059,76.383
005630072,0563,63.366749993292615,0.184,58.623,3.115,0.495,62.435
005630081,0563,85.38229099940509,0.234,75.342,7.901,0.917,84.419
005630122,0563,65.40595801197924,0.187,59.468,4.34,0.546,64.562
005630127,0563,70.67262497730553,0.196,64.477,4.37,0.643,69.711
005630142,0563,71.65616698330268,0.246,65.192,4.569,0.645,70.681
005630147,0563,58.85758300428279,0.168,54.774,2.555,0.371,57.888
005630151,0563,71.78116700379178,0.177,64.805,4.923,0.731,70.658
005630160,0563,49.290915980236605,0.194,45.979,1.847,0.355,48.396
005630169,0563,54.72762498538941,0.167,50.347,3.211,0.578,54.324
005630195,0563,65.68674999289215,0.208,59.894,3.744,0.564,64.43
005630225,0563,71.59929198678583,0.237,65.071,4.751,0.606,70.689
005630267,0563,52.942915994208306,0.24,49.06,2.313,0.435,52.069
005630284,0563,65.28945799800567,0.168,59.349,4.681,0.686,64.911
005630291,0563,75.8942500106059,0.212,67.205,6.561,0.874,74.876
005630302,0563,50.08883299888112,0.194,46.92,1.715,0.353,49.202
005630315,0563,106.43829198670574,0.233,90.672,13.803,1.206,105.942
005630330,0563,63.061833003303036,0.198,57.846,3.541,0.543,62.149
005630375,0563,59.17291701189242,0.216,54.317,3.207,0.513,58.274
005670043,0567,59.575292019871995,0.188,54.439,3.205,0.508,58.362
005670055,0567,73.29445800860412,0.223,66.498,4.944,0.607,72.293
005670113,0567,67.65149999409914,0.209,62.344,3.535,0.621,66.737
005670122,0567,57.278583000879735,0.163,53.649,2.551,0.592,56.981
005670125,0567,86.7453750106506,0.272,78.131,7.014,0.815,86.256
005670137,0567,57.31191698578186,0.207,52.969,2.6,0.583,56.385
005670147,0567,65.83666600636207,0.183,60.929,3.728,0.533,65.397
005670155,0567,81.34345797589049,0.217,75.011,5.0,0.669,80.922
005670159,0567,51.55087498133071,0.214,47.681,2.267,0.448,50.633
005670160,0567,70.53841699962504,0.186,65.11,4.166,0.604,70.088
005670189,0567,59.65179202030413,0.187,54.728,3.059,0.505,58.503
005670198,0567,54.782999999588355,0.199,50.384,2.794,0.458,53.856
005670282,0567,76.4363750058692,0.217,67.383,5.614,0.666,73.902
005670289,0567,53.85362502420321,0.206,49.608,2.609,0.444,52.888
005670292,0567,61.68904202058911,0.193,57.58,3.0,0.443,61.236
005670303,0567,57.298250001622364,0.186,51.849,3.047,0.525,55.626
005670310,0567,54.343708005035296,0.213,49.835,2.809,0.478,53.36
005670320,0567,67.31254101032391,0.193,60.051,3.643,0.541,64.45
005670348,0567,50.7375419838354,0.165,47.174,2.03,0.378,49.766
005670356,0567,90.72141701471992,0.232,81.493,7.721,0.818,90.283
007360004,0736,80.51508301286958,0.204,72.989,5.717,0.657,79.587
007360006,0736,117.48854100005701,0.301,102.57,12.596,1.04,116.534
007360036,0736,65.40799999493174,0.227,60.068,3.538,0.53,64.387
007360045,0736,65.51704101730138,0.173,60.395,3.188,0.552,64.331
007360055,0736,77.81466699088924,0.179,71.615,4.845,0.739,77.399
007360108,0736,65.82587500452064,0.174,61.451,2.525,0.456,64.631
007360181,0736,107.32312497566454,0.228,96.438,8.84,0.835,106.362
007360196,0736,98.61020799144171,0.247,87.963,8.399,1.061,97.699
007360205,0736,69.44912500330247,0.198,63.175,4.496,0.634,68.527
007360212,0736,75.64916697447188,0.21,68.369,5.376,0.648,74.627
007360233,0736,59.020457993028685,0.203,54.744,2.631,0.437,58.036
007360247,0736,62.544832995627075,0.204,57.83,3.039,0.51,61.604
007360249,0736,63.72579198796302,0.167,59.557,3.017,0.584,63.352
007360250,0736,60.596249997615814,0.176,55.853,3.103,0.54,59.696
007360280,0736,82.51779101556167,0.251,74.807,5.651,0.709,81.442
007360281,0736,50.237708986969665,0.185,46.674,1.799,0.411,49.092
007360296,0736,75.01775000127964,0.187,67.569,5.985,0.783,74.546
007360299,0736,71.44570798845962,0.231,65.521,4.095,0.594,70.465
007360305,0736,70.44704197323881,0.205,64.819,3.962,0.535,69.541
007360374,0736,49.5328750112094,0.165,46.319,1.669,0.406,48.583
007650036,0765,136.03058300213888,0.293,118.06,15.955,1.205,135.536
007650061,0765,128.71137500042096,0.308,111.325,15.001,0.993,127.655
007650076,0765,107.62808300205506,0.266,92.609,12.505,1.138,106.562
007650078,0765,71.79579199873842,0.227,64.734,5.047,0.76,70.791
007650084,0765,92.3021670023445,0.251,83.329,7.057,0.63,91.292
007650089,0765,112.23166700801812,0.269,97.203,12.499,0.976,110.973
007650116,0765,61.06095798895694,0.197,55.899,3.407,0.587,60.11
007650131,0765,77.88095800788142,0.229,68.97,6.4,0.718,76.341
007650174,0765,56.24975002137944,0.199,51.512,3.083,0.489,55.306
007650181,0765,67.11670898948796,0.2,62.519,2.838,0.606,66.189
007650192,0765,70.96504099899903,0.195,64.976,4.257,0.582,70.035
007650197,0765,73.54704101453535,0.214,67.773,4.069,0.534,72.625
007650254,0765,63.23008399340324,0.192,58.255,3.358,0.475,62.302
007650271,0765,55.33470801310614,0.193,50.501,3.175,0.501,54.394
007650294,0765,54.91908299154602,0.176,49.317,2.938,0.567,53.018
007650337,0765,62.243124993983656,0.213,57.621,3.372,0.552,61.779
007650346,0765,71.0810830059927,0.242,64.759,4.55,0.552,70.124
007650352,0765,49.42516700248234,0.168,45.821,1.821,0.372,48.205
007650369,0765,73.91150001785718,0.223,67.478,5.048,0.674,73.446
007650377,0765,83.6444579763338,0.247,75.144,6.452,0.754,82.618
008110043,0811,65.8482080034446,0.212,59.561,4.455,0.633,64.882
008110049,0811,56.089374993462116,0.198,50.568,3.709,0.686,55.181
008110106,0811,60.92508300207555,0.229,54.636,4.153,0.73,59.772
008110107,0811,72.60616699932143,0.213,64.547,6.067,0.807,71.656
008110110,0811,79.48041701456532,0.231,69.686,7.632,0.94,78.513
008110113,0811,50.53874998702668,0.177,46.225,2.484,0.464,49.371
008110116,0811,53.23508399305865,0.165,48.93,3.128,0.567,52.81
008110147,0811,65.77454201760702,0.2,58.376,4.725,0.756,64.081
008110159,0811,66.55154100735672,0.22,59.281,5.183,0.804,65.515
008110175,0811,42.76412501349114,0.178,39.759,1.478,0.422,41.861
008110204,0811,54.01133300620131,0.157,49.316,3.449,0.637,53.579
008110209,0811,63.51133299176581,0.207,57.308,4.401,0.711,62.647
008110224,0811,45.711582992225885,0.184,42.18,1.949,0.449,44.782
008110247,0811,50.16754200914875,0.146,46.663,2.455,0.499,49.783
008110258,0811,49.73695901571773,0.143,46.283,2.38,0.548,49.375
008110286,0811,78.90345799387433,0.211,68.88,8.304,0.992,78.409
008110287,0811,53.70366698480211,0.212,48.755,3.265,0.577,52.828
008110307,0811,60.44370899326168,0.194,55.195,3.796,0.688,59.895
008110340,0811,50.285917008295655,0.189,46.901,2.285,0.492,49.89
008110371,0811,43.82591700414196,0.187,40.73,1.933,0.451,43.326
009810029,0981,76.9834999809973,0.196,70.565,5.004,0.784,76.58
009810073,0981,66.4422910194844,0.217,60.232,4.345,0.623,65.441
009810075,0981,86.26604100572877,0.25,76.21,7.927,0.825,85.238
009810106,0981,72.41812499705702,0.234,65.811,4.76,0.609,71.435
009810112,0981,71.47295802133158,0.221,65.252,4.37,0.642,70.505
009810153,0981,51.99191698920913,0.155,48.451,2.421,0.458,51.508
009810155,0981,73.28354098717682,0.207,66.505,4.195,0.61,71.542
009810196,0981,77.0418340107426,0.225,68.674,6.068,0.759,75.749
009810200,0981,53.092166024725884,0.183,49.753,2.346,0.402,52.704
009810204,0981,91.86166600557044,0.304,80.04,9.959,1.039,91.366
009810230,0981,66.11770897870883,0.204,59.845,4.854,0.719,65.643
009810235,0981,63.0436249775812,0.192,58.008,3.367,0.588,62.181
009810249,0981,76.40816699131392,0.246,68.394,6.064,0.739,75.47
009810258,0981,60.26312499307096,0.206,55.634,3.432,0.533,59.827
009810283,0981,66.41041702823713,0.191,60.306,4.32,0.641,65.483
009810293,0981,55.06983399391174,0.21,50.944,2.487,0.44,54.101
009810305,0981,67.14920900412835,0.171,61.623,2.815,0.453,65.086
009810327,0981,66.00033299764618,0.16,61.44,2.746,0.518,64.885
009810344,0981,56.02745898067951,0.143,52.704,1.941,0.395,55.206
009810349,0981,58.87312497361563,0.151,54.875,2.183,0.536,57.769
010300003,1030,55.77745899790898,0.181,50.906,2.996,0.502,54.607
010300105,1030,87.0720410021022,0.23,75.027,9.29,1.035,85.605
010300106,1030,66.57195900334045,0.196,60.24,4.585,0.633,65.674
010300123,1030,55.41295898729004,0.186,50.968,2.783,0.496,54.456
010300128,1030,52.52108399872668,0.197,47.788,2.2,0.47,50.674
010300133,1030,44.58829198847525,0.168,41.41,2.108,0.485,44.192
010300153,1030,71.63841699366458,0.177,64.882,5.367,0.776,71.232
010300157,1030,63.25516599463299,0.181,57.12,4.32,0.712,62.355
010300159,1030,73.13083400367759,0.226,64.733,6.346,0.871,72.212
010300169,1030,45.8659159776289,0.17,42.405,1.713,0.369,44.678
010300194,1030,52.78229198302142,0.154,48.703,2.908,0.567,52.353
010300216,1030,66.41883400152437,0.169,60.011,5.094,0.742,66.04
010300217,1030,51.93445799523033,0.205,47.765,2.504,0.495,50.988
010300236,1030,45.55575002450496,0.165,42.394,2.095,0.472,45.146
010300275,1030,51.17725001764484,0.143,47.472,2.555,0.508,50.774
010300282,1030,44.399416976375505,0.14,41.679,1.77,0.348,43.957
010300298,1030,55.580749991349876,0.153,51.072,3.332,0.584,55.208
010300316,1030,73.74312498723157,0.219,65.517,6.62,0.936,73.315
010300325,1030,61.04308302747086,0.207,54.893,4.278,0.702,60.101
010300328,1030,52.94958301237784,0.186,48.478,3.29,0.57,52.548
010370025,1037,53.970790992025286,0.179,48.914,3.762,0.701,53.578
010370070,1037,68.48591699963436,0.18,60.36,5.459,0.921,66.943
010370099,1037,62.6942090166267,0.212,56.339,4.422,0.709,61.704
010370102,1037,43.135125015396625,0.132,40.656,1.427,0.336,42.572
010370131,1037,51.77975000697188,0.155,48.316,2.342,0.469,51.305
010370140,1037,75.4325829911977,0.182,67.411,6.525,0.909,75.05
010370202,1037,53.09299999498762,0.201,49.027,2.427,0.478,52.153
010370204,1037,50.40675000054762,0.189,46.673,2.455,0.544,49.887
010370216,1037,50.935667008161545,0.155,47.517,2.366,0.465,50.523
010370217,1037,46.413290983764455,0.151,41.278,1.769,0.435,43.655
010370232,1037,60.600875003729016,0.17,55.669,3.73,0.624,60.22
010370234,1037,75.22320799762383,0.216,66.684,6.923,0.893,74.741
010370246,1037,64.93070800206624,0.201,58.716,4.333,0.678,63.949
010370251,1037,51.59216601168737,0.176,47.142,2.548,0.5,50.386
010370253,1037,50.89308400056325,0.15,47.365,2.438,0.542,50.517
010370265,1037,57.271249999757856,0.219,50.599,3.146,0.591,54.577
010370290,1037,66.76833299570717,0.213,59.011,4.968,0.756,64.971
010370309,1037,55.83029199624434,0.204,50.809,3.339,0.503,54.879
010370352,1037,55.27608300326392,0.198,49.28,3.678,0.676,53.854
010370380,1037,46.31249999511056,0.159,41.654,1.628,0.353,43.815
010390004,1039,65.93062498723157,0.18,58.996,5.431,0.843,65.471
010390027,1039,63.25045900302939,0.195,55.739,5.219,0.859,62.035
010390039,1039,43.81641701911576,0.185,40.508,1.744,0.438,42.898
010390041,1039,37.23470799741335,0.132,35.083,1.218,0.36,36.812
010390064,1039,45.97449998254888,0.146,42.476,2.43,0.537,45.606
010390126,1039,51.28458299441263,0.15,47.886,2.28,0.412,50.752
010390166,1039,47.95870798989199,0.165,42.503,2.005,0.416,45.107
010390170,1039,45.1382500177715,0.139,41.828,2.277,0.507,44.772
010390175,1039,52.28470801375806,0.178,48.642,2.558,0.441,51.841
010390183,1039,45.985583012225106,0.173,41.814,1.761,0.43,44.198
010390189,1039,50.54454199853353,0.147,46.913,2.567,0.527,50.173
010390216,1039,44.29354198509827,0.137,41.381,1.947,0.454,43.941
010390218,1039,52.77016700711101,0.145,48.483,3.17,0.602,52.418
010390244,1039,46.75199999473989,0.165,42.783,2.796,0.577,46.349
010390257,1039,51.937959011411294,0.146,48.098,2.663,0.538,51.463
010390269,1039,43.3224999869708,0.148,39.121,1.779,0.47,41.543
010390285,1039,52.388250012882054,0.148,48.485,2.797,0.553,52.004
010390303,1039,64.22495801234618,0.185,57.72,3.412,0.518,61.855
010390341,1039,59.97541599208489,0.196,53.89,4.209,0.744,59.061
010390366,1039,77.11770798778161,0.239,67.875,6.996,1.017,76.15
010460017,1046,60.36500001209788,0.2,55.112,3.53,0.607,59.474
010460020,1046,53.24554201797582,0.169,49.116,2.615,0.412,52.332
010460030,1046,51.548542018281296,0.183,48.428,2.144,0.377,51.151
010460034,1046,58.09670899179764,0.184,55.025,2.054,0.361,57.647
010460041,1046,53.90879200422205,0.198,49.984,2.351,0.422,52.975
010460050,1046,70.3268330253195,0.209,64.838,4.26,0.579,69.906
010460053,1046,45.79666699282825,0.191,42.044,1.728,0.328,44.31
010460061,1046,51.68679199414328,0.149,48.169,2.503,0.48,51.321
010460066,1046,66.6535830241628,0.194,61.108,4.33,0.555,66.208
010460079,1046,46.18062498047948,0.164,42.448,1.997,0.386,45.015
010460088,1046,52.16225000913255,0.172,48.156,2.277,0.448,51.076
010460111,1046,55.64041598699987,0.183,48.886,3.198,0.504,52.79
010460114,1046,53.508165990933776,0.156,49.473,2.973,0.529,53.15
010460120,1046,44.45487502380274,0.16,40.539,1.445,0.319,42.483
010460149,1046,49.41125001641922,0.139,46.179,2.252,0.459,49.049
010460152,1046,43.320124997990206,0.182,40.682,1.345,0.26,42.487
010460153,1046,41.81950000929646,0.129,39.685,1.322,0.28,41.435
010460155,1046,41.42445800243877,0.124,39.046,1.476,0.424,41.095
010460158,1046,43.2322499982547,0.147,40.617,1.7,0.416,42.898
010460162,1046,43.813666998175904,0.131,41.25,1.682,0.385,43.475
010500012,1050,50.69062497932464,0.141,47.309,2.375,0.469,50.317
010500018,1050,37.01054200064391,0.126,34.93,1.216,0.352,36.645
010500028,1050,43.31791601725854,0.131,40.848,1.631,0.367,42.995
010500058,1050,51.21645799954422,0.138,48.265,2.013,0.405,50.84
010500071,1050,42.49758299556561,0.132,39.637,1.891,0.448,42.13
010500073,1050,44.461833022069186,0.136,41.557,1.982,0.416,44.117
010500083,1050,50.75999998371117,0.147,46.671,2.791,0.574,50.212
010500085,1050,45.865583000704646,0.143,42.342,2.478,0.547,45.533
010500089,1050,51.04883300373331,0.15,47.735,2.28,0.516,50.703
010500090,1050,57.64054198516533,0.15,53.956,2.678,0.494,57.299
010500100,1050,48.80087499623187,0.138,46.069,1.473,0.52,48.225
010500108,1050,56.98604098870419,0.149,53.168,2.65,0.639,56.629
010500110,1050,50.48954198719002,0.141,45.72,2.019,0.521,48.42
010500113,1050,45.23158399388194,0.141,42.098,2.048,0.524,44.834
010500131,1050,51.59704099060036,0.167,48.234,1.974,0.405,50.8
010500147,1050,45.48983398126438,0.135,42.419,2.063,0.485,45.125
010500149,1050,73.51291700615548,0.222,67.365,4.84,0.612,73.061
010500152,1050,50.59187498409301,0.191,47.02,2.0,0.416,49.645
010500163,1050,63.13837500056252,0.188,58.489,3.438,0.565,62.701
010500167,1050,43.21133400662802,0.187,40.63,1.196,0.296,42.331
010610015,1061,51.39345899806358,0.152,48.021,2.411,0.434,51.04
010610017,1061,52.881292009260505,0.173,47.772,1.926,0.377,50.267
010610024,1061,54.87866699695587,0.155,51.024,2.795,0.509,54.503
010610025,1061,53.733040986116976,0.172,50.074,2.189,0.398,52.852
010610035,1061,49.94129200349562,0.154,47.279,1.735,0.407,49.596
010610057,1061,64.07162500545382,0.189,59.571,3.344,0.48,63.604
010610067,1061,73.6539579811506,0.225,67.7,4.236,0.463,72.649
010610069,1061,54.969332995824516,0.198,50.483,2.857,0.441,54.0
010610073,1061,51.825542002916336,0.188,46.724,2.123,0.44,49.496
010610080,1061,49.01466699084267,0.145,46.588,1.454,0.26,48.466
010610087,1061,51.25366599531844,0.145,48.016,2.196,0.492,50.87
010610094,1061,84.51975000207312,0.213,75.685,5.487,0.622,82.032
010610099,1061,73.85304098716006,0.229,68.626,3.617,0.41,72.901
010610102,1061,54.16066598263569,0.194,49.886,2.538,0.537,53.187
010610113,1061,90.29895899584517,0.226,80.407,5.801,0.729,87.187
010610114,1061,112.75983398081735,0.28,102.311,8.43,0.683,111.726
010610129,1061,64.63045801501721,0.21,59.902,3.178,0.414,63.725
010610151,1061,61.958542006323114,0.199,58.25,2.194,0.365,61.035
010610165,1061,74.38050000928342,0.219,69.088,3.625,0.422,73.377
010610171,1061,84.86795800854452,0.235,78.51,4.63,0.493,83.889
010750002,1075,60.688375000609085,0.241,56.33,2.733,0.489,59.817
010750003,1075,54.764125001383945,0.165,50.414,2.556,0.465,53.623
010750010,1075,43.28120802529156,0.175,39.326,1.051,0.254,40.827
010750011,1075,69.46649999008514,0.198,64.362,3.412,0.535,68.528
010750021,1075,58.83820800227113,0.231,54.526,2.654,0.456,57.884
010750024,1075,43.00958299427293,0.128,40.653,1.458,0.407,42.665
010750026,1075,43.49691598326899,0.138,40.807,1.726,0.421,43.113
010750035,1075,58.42899999697693,0.158,55.308,2.228,0.344,58.061
010750043,1075,52.662374975625426,0.187,48.894,2.231,0.384,51.715
010750060,1075,85.6109999876935,0.224,79.342,5.081,0.482,85.148
010750062,1075,63.26779199298471,0.201,58.422,3.278,0.434,62.357
010750072,1075,63.498541014268994,0.211,59.516,2.459,0.346,62.552
010750094,1075,83.03712500492111,0.232,76.024,5.255,0.536,82.067
010750097,1075,53.12679198686965,0.182,49.133,2.484,0.48,52.3
010750099,1075,53.03237502812408,0.148,49.812,2.231,0.406,52.616
010750102,1075,56.76050001056865,0.179,50.555,2.562,0.462,53.778
010750104,1075,83.67500000167638,0.208,74.4,5.822,0.647,81.097
010750117,1075,70.88870898587629,0.191,65.512,3.671,0.544,69.938
010750163,1075,43.165917013539,0.169,40.588,1.176,0.251,42.205
010750168,1075,49.46799998288043,0.218,47.01,1.505,0.335,49.088
010760001,1076,51.30395901505835,0.154,48.021,2.191,0.53,50.919
010760002,1076,71.00420899223536,0.183,66.21,3.722,0.421,70.557
010760013,1076,62.23191702156328,0.205,57.57,3.009,0.445,61.252
010760032,1076,86.2720410223119,0.252,80.344,4.282,0.391,85.289
010760038,1076,64.8434580070898,0.226,60.246,2.483,0.329,63.304
010760046,1076,74.48675000341609,0.231,69.03,3.856,0.436,73.573
010760060,1076,63.807042024564,0.231,58.747,3.376,0.511,62.885
010760062,1076,68.36029200349003,0.211,64.094,2.74,0.352,67.419
010760067,1076,74.16854199254885,0.241,68.669,3.845,0.463,73.24
010760076,1076,54.65337500208989,0.207,50.125,2.835,0.502,53.692
010760079,1076,60.44079098501243,0.194,54.491,2.566,0.563,57.835
010760089,1076,63.30375000834465,0.206,58.91,2.866,0.367,62.37
010760097,1076,81.04395799455233,0.228,74.441,4.872,0.546,80.107
010760108,1076,125.15249999705702,0.301,112.255,10.714,0.792,124.083
010760111,1076,74.84158300212584,0.213,68.111,5.01,0.565,73.921
010760116,1076,94.79699999792501,0.255,85.569,7.288,0.673,93.804
010760136,1076,51.72591601149179,0.154,48.173,2.114,0.415,50.88
010760151,1076,49.73329199128784,0.164,47.152,1.593,0.306,49.234
010760162,1076,50.69424997782335,0.141,48.288,1.55,0.316,50.317
010760169,1076,56.82174998219125,0.152,54.202,1.77,0.303,56.448
010990020,1099,54.638250003336,0.19,49.612,3.286,0.58,53.688
010990048,1099,57.925458007957786,0.196,50.482,3.909,0.663,55.271
010990060,1099,59.868042008019984,0.206,54.273,3.567,0.731,58.799
010990063,1099,55.783624993637204,0.201,49.719,4.21,0.714,54.863
010990082,1099,68.85195898939855,0.181,60.614,5.4,0.867,67.084
010990087,1099,68.60966701060534,0.214,60.622,5.915,0.912,67.685
010990123,1099,43.55425000539981,0.133,40.953,1.693,0.384,43.186
010990139,1099,45.66458301269449,0.141,42.238,2.298,0.501,45.198
010990162,1099,51.92066699964926,0.142,48.379,2.422,0.582,51.547
010990165,1099,56.751832977170125,0.144,53.475,2.263,0.479,56.382
010990188,1099,68.90970800304785,0.161,62.769,4.294,0.877,68.124
010990202,1099,51.14558301283978,0.152,47.439,2.085,0.531,50.228
010990218,1099,50.19862501649186,0.135,46.98,2.183,0.511,49.835
010990239,1099,48.41341599239968,0.156,45.081,2.169,0.589,48.022
010990260,1099,53.370124980574474,0.154,49.34,2.878,0.516,52.908
010990267,1099,70.54975000210106,0.176,64.443,4.851,0.68,70.173
010990276,1099,41.5910420124419,0.178,38.501,1.526,0.433,40.661
010990279,1099,54.22033401555382,0.155,48.904,3.842,0.723,53.649
010990291,1099,59.00570799713023,0.19,54.282,2.677,0.395,57.565
010990313,1099,53.30158301512711,0.261,49.369,2.373,0.418,52.441
011090011,1109,64.5659580186475,0.195,60.013,3.396,0.498,64.125
011090020,1109,81.21687499806285,0.202,73.72,5.58,0.693,80.219
011090034,1109,54.446416994323954,0.182,51.002,1.91,0.375,53.49
011090089,1109,46.86587501782924,0.17,41.472,1.977,0.466,44.103
011090140,1109,86.18870901409537,0.244,76.754,7.759,0.924,85.709
011090154,1109,87.7502909861505,0.205,78.528,7.667,0.835,87.259
011090184,1109,71.03591700433753,0.229,65.547,3.781,0.524,70.103
011090220,1109,72.37000000895932,0.218,66.22,4.323,0.61,71.39
011090235,1109,64.23937500221655,0.243,58.071,3.695,0.568,62.597
011090246,1109,75.74820797890425,0.23,68.792,5.084,0.672,74.795
011090273,1109,60.41495798854157,0.2,55.855,2.883,0.513,59.473
011090277,1109,81.54691601521336,0.211,74.786,5.508,0.606,81.134
011090292,1109,110.71024998091161,0.278,98.606,9.88,0.765,109.55
011090295,1109,79.92049999302253,0.202,72.849,5.281,0.675,79.035
011090320,1109,104.5426249911543,0.276,91.288,10.96,0.975,103.522
011090329,1109,59.427208005217835,0.199,55.5,2.353,0.399,58.474
011090333,1109,93.42491699499078,0.269,82.905,8.492,0.783,92.472
011090334,1109,87.81850000377744,0.26,78.089,8.051,0.816,87.239
011090335,1109,60.82687500747852,0.205,55.76,3.384,0.501,59.871
011090359,1109,84.40545902703889,0.244,74.98,7.398,0.806,83.451
011350001,1135,66.77862498327158,0.188,60.14,4.946,0.618,65.913
011350026,1135,81.42116697854362,0.218,73.455,6.032,0.701,80.428
011350027,1135,75.76270800200291,0.237,67.623,6.218,0.721,74.821
011350064,1135,75.87154197972268,0.225,68.144,5.78,0.703,74.874
011350116,1135,88.77262502210215,0.237,78.023,8.66,0.847,87.796
011350141,1135,85.60004201717675,0.247,75.699,7.786,0.831,84.585
011350158,1135,51.24566701124422,0.19,47.729,2.02,0.412,50.37
011350173,1135,65.24345799698494,0.194,60.507,3.552,0.426,64.702
011350190,1135,89.16770899668336,0.257,78.466,8.274,1.082,88.109
011350215,1135,78.53433300624602,0.213,71.807,5.367,0.715,78.128
011350218,1135,65.92349999118596,0.183,60.016,3.888,0.633,64.745
011350221,1135,65.83866599248722,0.217,60.391,3.7,0.512,64.843
011350225,1135,83.58674999908544,0.219,74.505,7.058,0.814,82.618
011350249,1135,72.3153330036439,0.222,66.235,4.28,0.566,71.324
011350257,1135,71.07116701081395,0.227,64.74,4.498,0.639,70.124
011350290,1135,65.95054198987782,0.222,59.375,4.609,0.7,64.928
011350303,1135,74.34400002239272,0.205,68.63,3.915,0.577,73.351
011350318,1135,75.87841700296849,0.253,68.652,5.201,0.655,74.784
011350345,1135,94.42920901346952,0.265,81.977,10.089,0.977,93.337
011350374,1135,63.05916598648764,0.195,58.186,3.245,0.457,62.11
011560005,1156,84.1932920156978,0.231,74.396,7.692,0.854,83.197
011560058,1156,64.55449998611584,0.209,58.386,4.369,0.637,63.624
011560063,1156,73.04716602084227,0.233,65.979,5.135,0.689,72.061
011560068,1156,106.7652499768883,0.278,91.965,12.817,1.146,106.23
011560072,1156,50.592874991707504,0.197,46.87,2.111,0.434,49.632
011560075,1156,70.53249998716637,0.201,64.168,4.965,0.703,70.062
011560086,1156,67.5020840135403,0.194,60.483,5.206,0.782,66.685
011560100,1156,92.52170799300075,0.243,80.693,9.581,0.957,91.498
011560117,1156,68.24637498357333,0.225,60.684,5.026,0.729,66.693
011560184,1156,71.92245899932459,0.224,64.331,5.613,0.779,70.968
011560192,1156,66.03962500230409,0.187,59.176,4.958,0.803,65.15
011560202,1156,60.48341700807214,0.198,55.799,3.43,0.58,60.03
011560257,1156,60.242957988521084,0.192,54.537,3.836,0.678,59.265
011560269,1156,64.05341697973199,0.214,57.965,4.132,0.738,63.073
011560275,1156,53.50733298109844,0.197,48.926,2.895,0.484,52.525
011560289,1156,51.87954200664535,0.152,48.296,2.569,0.482,51.519
011560320,1156,54.92012499598786,0.175,50.07,3.445,0.757,54.47
011560353,1156,54.60825000773184,0.209,50.018,3.012,0.513,53.774
011560354,1156,78.48954098881222,0.213,68.911,6.067,0.679,75.892
011560372,1156,43.78691699821502,0.155,40.904,1.493,0.326,42.902
011810063,1181,58.727083989651874,0.156,54.608,2.941,0.503,58.232
011810067,1181,82.04783400287852,0.191,73.537,4.841,0.764,79.356
011810133,1181,51.278041006298736,0.136,47.707,2.011,0.49,50.368
011810162,1181,67.1191250148695,0.231,62.126,3.775,0.535,66.691
011810168,1181,49.09212500206195,0.157,45.584,1.992,0.46,48.215
011810173,1181,64.2962499987334,0.191,58.462,4.4,0.754,63.834
011810184,1181,64.339958014898,0.22,58.078,4.484,0.654,63.457
011810197,1181,85.92408400727436,0.243,75.434,8.221,0.995,84.919
011810206,1181,45.97670800285414,0.165,42.392,1.989,0.423,44.989
011810213,1181,49.823875015135854,0.157,46.75,2.071,0.412,49.41
011810214,1181,56.28966601216234,0.174,51.213,3.814,0.618,55.84
011810222,1181,52.15762500301935,0.2,47.729,2.787,0.509,51.244
011810246,1181,46.541540999896824,0.14,43.129,2.395,0.475,46.161
011810247,1181,52.278125018347055,0.172,48.478,2.543,0.55,51.763
011810279,1181,52.8700000140816,0.19,47.142,2.699,0.551,50.602
011810280,1181,51.177708024624735,0.147,47.517,2.587,0.525,50.797
011810284,1181,79.55100000253879,0.29,68.967,6.857,0.849,76.988
011810314,1181,55.40054201264866,0.177,50.399,3.365,0.522,54.49
011810334,1181,62.295707990415394,0.184,55.63,3.938,0.682,60.454
011810377,1181,66.15225001587532,0.206,59.238,4.908,0.854,65.229
011860256,1186,85.65974998055026,0.245,78.5,5.347,0.553,84.668
011860263,1186,86.74812500248663,0.244,77.758,6.702,0.75,85.477
011860264,1186,118.50825001602061,0.295,108.514,8.145,0.565,117.54
011860284,1186,65.07566600339487,0.197,60.612,2.896,0.423,64.152
011860285,1186,58.33341702236794,0.17,54.519,2.731,0.482,57.922
011860287,1186,82.21724999020807,0.25,74.842,5.512,0.658,81.29
011860292,1186,80.43362500029616,0.219,73.463,5.113,0.628,79.445
011860298,1186,60.2135420194827,0.209,55.945,2.638,0.419,59.232
011860301,1186,74.60824999725446,0.218,67.848,4.908,0.61,73.608
011860308,1186,91.73179199569859,0.241,80.561,9.036,0.877,90.736
011860317,1186,71.17995899170637,0.202,66.009,3.898,0.538,70.666
011860332,1186,58.64274999476038,0.157,55.017,2.56,0.416,58.172
011860335,1186,89.0925420098938,0.231,81.101,6.157,0.606,88.117
011860346,1186,58.47779201576486,0.204,54.484,2.418,0.423,57.551
011860359,1186,54.029582999646664,0.198,50.091,2.315,0.42,53.044
011860361,1186,62.15558300027624,0.164,57.531,3.467,0.586,61.774
011860363,1186,92.70862501580268,0.259,82.463,8.092,0.826,91.669
011860372,1186,59.43162500625476,0.186,54.988,2.794,0.445,58.433
011860373,1186,65.78712500049733,0.209,60.204,3.924,0.532,64.888
011860377,1186,92.81445798114873,0.271,82.173,8.488,0.862,91.819
012280016,1228,63.59508298919536,0.194,57.722,4.129,0.598,62.665
012280033,1228,83.70541600743309,0.243,75.025,6.559,0.815,82.664
012280053,1228,87.22183300415054,0.256,77.094,8.305,0.832,86.51
012280054,1228,92.30633298284374,0.251,80.577,9.522,0.934,91.305
012280161,1228,62.721499998588115,0.207,56.617,3.822,0.632,61.299
012280173,1228,62.89924998418428,0.184,58.451,3.281,0.549,62.496
012280198,1228,71.68454199563712,0.215,64.384,4.917,0.648,70.19
012280201,1228,74.40187499742024,0.237,66.55,5.769,0.807,73.389
012280206,1228,61.84341700281948,0.255,56.035,3.693,0.592,60.594
012280243,1228,65.98895901697688,0.213,59.264,4.88,0.722,65.098
012280261,1228,67.07470800029114,0.209,60.746,4.469,0.62,66.067
012280262,1228,59.52812498435378,0.204,54.52,3.239,0.575,58.56
012280276,1228,44.94970801169984,0.144,42.184,1.799,0.427,44.576
012280288,1228,52.56662500323728,0.162,48.927,2.549,0.526,52.183
012280308,1228,84.60066700354218,0.218,75.131,7.925,0.848,84.144
012280343,1228,45.9113749966491,0.192,42.187,2.138,0.44,44.98
012280345,1228,45.196874998509884,0.137,42.651,1.634,0.384,44.826
012280355,1228,49.27158399368636,0.141,46.522,1.835,0.389,48.907
012280366,1228,70.63620901317336,0.202,64.686,4.62,0.644,70.174
012280375,1228,43.85000001639128,0.159,41.028,1.376,0.372,42.956
012920007,1292,64.57966699963436,0.167,59.259,4.109,0.64,64.195
012920027,1292,72.28125000256114,0.233,64.443,5.941,0.747,71.385
012920054,1292,45.79712499980815,0.184,42.421,1.817,0.429,44.874
012920062,1292,62.739582994254306,0.191,57.334,4.152,0.618,62.319
012920073,1292,61.90249999053776,0.199,55.902,4.154,0.653,60.928
012920085,1292,55.01962499693036,0.201,49.81,3.385,0.697,54.12
012920110,1292,76.84141598292626,0.228,67.813,5.754,0.745,74.56
012920121,1292,51.944458013167605,0.198,48.198,2.173,0.396,50.985
012920143,1292,64.70470799831674,0.193,58.762,4.576,0.714,64.267
012920146,1292,60.667125013424084,0.185,55.02,3.671,0.575,59.472
012920155,1292,76.07645800453611,0.218,68.664,5.489,0.675,75.072
012920158,1292,53.37750000762753,0.194,48.829,2.892,0.481,52.417
012920214,1292,60.280959005467594,0.186,54.793,4.194,0.674,59.87
012920254,1292,53.874957986408845,0.194,48.581,3.445,0.695,52.936
012920259,1292,50.80020902096294,0.143,46.899,2.8,0.556,50.416
012920268,1292,72.79816700611264,0.196,65.563,5.797,0.784,72.366
012920270,1292,43.231749994447455,0.182,40.067,1.627,0.434,42.332
012920299,1292,78.78591699409299,0.174,72.578,4.921,0.702,78.397
012920301,1292,58.654709020629525,0.147,54.279,2.843,0.522,57.813
012920368,1292,62.34687499818392,0.154,57.412,3.246,0.657,61.492
012930008,1293,61.77391699748114,0.148,56.422,3.665,0.694,60.956
012930012,1293,46.80558299878612,0.139,43.054,2.219,0.502,45.937
012930028,1293,73.08479098719545,0.188,64.803,6.397,0.959,72.368
012930036,1293,51.91924999235198,0.251,48.331,2.006,0.401,51.011
012930037,1293,82.49237498966977,0.187,74.716,6.222,0.914,82.069
012930040,1293,64.2105000151787,0.201,58.231,4.159,0.62,63.234
012930051,1293,63.86299998848699,0.181,58.169,3.983,0.579,62.932
012930067,1293,51.65408400353044,0.184,47.049,2.885,0.613,50.758
012930079,1293,50.76008298783563,0.15,47.103,2.555,0.534,50.362
012930097,1293,64.91700001060963,0.194,55.455,5.595,0.862,62.129
012930114,1293,65.3018329758197,0.282,58.715,4.588,0.736,64.343
012930127,1293,63.1635419849772,0.217,57.568,3.861,0.59,62.258
012930139,1293,51.87470800592564,0.143,46.948,2.979,0.624,50.713
012930155,1293,45.44612500467338,0.154,42.332,2.067,0.465,45.038
012930195,1293,50.566333025926724,0.145,46.326,3.054,0.608,50.154
012930225,1293,54.27529200096615,0.151,49.718,3.415,0.598,53.902
012930240,1293,52.924082992831245,0.155,48.346,3.383,0.653,52.556
012930261,1293,48.12933300854638,0.178,42.814,2.583,0.552,46.148
012930266,1293,46.77054099738598,0.161,43.251,2.424,0.502,46.357
012930315,1293,41.305166989332065,0.123,39.306,1.193,0.31,40.951
013340007,1334,61.034583020955324,0.158,55.022,4.684,0.793,60.677
013340034,1334,46.80425001424737,0.172,42.658,2.501,0.545,45.896
013340046,1334,50.50733298412524,0.169,46.803,2.582,0.51,50.085
013340091,1334,50.675666017923504,0.145,46.308,3.017,0.661,50.15
013340137,1334,52.29045799933374,0.144,47.909,3.166,0.634,51.873
013340147,1334,46.11370898783207,0.137,42.888,2.151,0.443,45.637
013340159,1334,51.41345798620023,0.177,47.366,2.593,0.523,50.677
013340204,1334,45.435374981025234,0.134,42.213,2.23,0.478,45.078
013340217,1334,56.81816698051989,0.194,51.536,4.047,0.671,56.468
013340243,1334,61.33670898270793,0.214,55.525,4.044,0.72,60.525
013340245,1334,55.69287500111386,0.208,50.216,3.622,0.675,54.746
013340255,1334,48.80849999608472,0.195,43.244,3.115,0.638,47.215
013340259,1334,54.6458330063615,0.159,49.531,3.861,0.735,54.308
013340277,1334,45.421000017086044,0.172,40.385,1.948,0.474,43.001
013340291,1334,47.177666012430564,0.145,43.619,2.477,0.516,46.776
013340297,1334,52.01108299661428,0.257,47.55,3.029,0.634,51.491
013340313,1334,47.57062499993481,0.178,42.485,2.277,0.522,45.484
013340345,1334,53.17800000193529,0.2,48.178,3.289,0.566,52.257
013340375,1334,57.430957996984944,0.207,50.711,4.11,0.694,55.742
013340378,1334,46.30529199494049,0.171,42.431,2.355,0.48,45.459
014040005,1404,116.34216600214131,0.261,108.78,5.576,0.436,115.073
014040013,1404,107.74595898692496,0.283,99.918,6.013,0.482,106.734
014040027,1404,87.55045797443017,0.23,81.754,4.121,0.422,86.55
014040028,1404,69.78429199079983,0.202,65.814,2.501,0.362,68.903
014040052,1404,73.62537499284372,0.195,67.692,4.27,0.48,72.66
014040072,1404,72.31591700110584,0.213,67.303,3.807,0.498,71.843
014040081,1404,95.66358299343847,0.265,89.622,4.397,0.375,94.679
014040088,1404,72.18337501399219,0.249,66.89,3.604,0.407,71.174
014040089,1404,64.20354099827819,0.234,60.101,2.631,0.326,63.313
014040090,1404,83.85883399751037,0.237,78.0,4.17,0.38,82.811
014040096,1404,82.18037500046194,0.208,75.084,5.075,0.522,80.912
014040097,1404,84.58925000741147,0.24,76.54,6.188,0.597,83.589
014040109,1404,100.73737500351854,0.324,92.524,6.316,0.493,99.679
014040111,1404,91.20249998522922,0.26,81.612,7.634,0.716,90.246
014040122,1404,71.41595799475908,0.228,65.161,4.46,0.548,70.417
014040124,1404,93.18591601913795,0.332,86.951,4.435,0.429,92.169
014040145,1404,121.63245800184086,0.29,107.919,11.522,0.805,120.559
014040148,1404,72.64425000175834,0.228,66.038,4.851,0.549,71.689
014040152,1404,94.88829199108295,0.277,87.337,5.668,0.584,93.886
014040155,1404,89.45391699671745,0.258,82.328,4.387,0.54,87.537
014080008,1408,59.83512502280064,0.186,54.435,3.576,0.658,58.878
014080073,1408,51.31237499881536,0.197,47.336,2.352,0.449,50.354
014080091,1408,70.92233299044892,0.176,64.751,4.702,0.696,70.347
014080103,1408,54.79525000555441,0.183,50.011,2.848,0.51,53.572
014080117,1408,57.84166700323112,0.224,51.195,3.337,0.567,55.344
014080134,1408,49.26962498575449,0.194,46.079,1.689,0.393,48.376
014080149,1408,57.03399999765679,0.149,54.165,1.826,0.433,56.602
014080178,1408,53.58854198129848,0.154,50.378,1.76,0.428,52.741
014080201,1408,54.2314579943195,0.18,50.803,2.218,0.546,53.773
014080243,1408,71.818374999566,0.182,66.241,3.392,0.629,70.471
014080270,1408,67.98983400221914,0.184,62.561,3.678,0.652,67.102
014080279,1408,74.87716700416058,0.284,69.014,3.967,0.662,73.952
014080301,1408,51.793457998428494,0.195,48.137,2.027,0.437,50.818
014080333,1408,71.37995801167563,0.179,65.228,4.671,0.69,70.795
014080336,1408,74.44895899971016,0.196,68.414,4.169,0.62,73.423
014080337,1408,69.85704199178144,0.169,64.548,3.651,0.605,68.996
014080339,1408,56.65824998868629,0.149,53.3,1.859,0.474,55.808
014080358,1408,108.5805420007091,0.236,97.627,8.87,0.899,107.656
014080361,1408,83.33383299759589,0.227,73.971,7.262,0.87,82.353
014080362,1408,75.30954200774431,0.229,68.115,5.365,0.626,74.355
014200011,1420,53.94654200063087,0.207,49.335,3.014,0.535,53.11
014200060,1420,60.462583001935855,0.191,55.42,3.766,0.643,60.038
014200076,1420,55.18758299876936,0.25,50.38,3.559,0.605,54.816
014200086,1420,51.461499999277294,0.18,47.295,2.6,0.471,50.564
014200087,1420,83.92841601744294,0.255,73.468,8.401,1.112,83.264
014200124,1420,47.14804101968184,0.199,43.117,2.417,0.525,46.279
014200161,1420,55.54554201080464,0.167,50.659,3.61,0.678,55.136
014200177,1420,51.22754100011662,0.185,46.446,2.848,0.577,50.077
014200206,1420,54.93724998086691,0.153,50.261,3.572,0.584,54.59
014200207,1420,50.44854199513793,0.199,46.323,2.419,0.517,49.476
014200229,1420,55.89625000720844,0.206,50.455,4.04,0.703,55.425
014200238,1420,46.20779198012315,0.184,42.908,1.802,0.36,45.273
014200246,1420,44.98383298050612,0.155,41.51,1.844,0.447,43.979
014200272,1420,61.4836250024382,0.168,56.31,3.934,0.629,61.06
014200295,1420,61.659667000640184,0.213,56.265,3.745,0.522,60.764
014200296,1420,44.072332995710894,0.172,40.647,1.948,0.465,43.252
014200339,1420,55.44554101652466,0.158,50.181,3.918,0.712,54.988
014200342,1420,63.07616701815277,0.192,56.226,4.303,0.691,61.432
014200353,1420,72.3869169887621,0.214,64.227,6.168,0.771,71.402
014200357,1420,51.60104201058857,0.19,47.7,2.288,0.455,50.651
014220001,1422,81.39674999983981,0.204,74.984,5.127,0.634,80.969
014220003,1422,93.5930410050787,0.264,85.964,5.741,0.573,92.566
014220021,1422,71.18108301074244,0.218,66.003,3.432,0.489,70.164
014220027,1422,80.15112500288524,0.236,73.804,4.565,0.531,79.158
014220038,1422,44.57420902326703,0.143,42.773,0.994,0.256,44.193
014220044,1422,62.0125419809483,0.17,58.497,2.397,0.395,61.479
014220048,1422,89.85937500256114,0.238,80.715,7.543,0.863,89.386
014220058,1422,73.52437500958331,0.201,68.239,4.085,0.501,73.048
014220066,1422,71.22962499852292,0.214,66.163,3.188,0.449,70.038
014220068,1422,80.75012499466538,0.224,75.655,3.5,0.411,79.812
014220070,1422,80.38720799959265,0.225,74.617,4.628,0.442,79.932
014220081,1422,63.62991698551923,0.206,58.943,3.083,0.441,62.697
014220087,1422,79.77466701413505,0.224,74.294,3.695,0.535,78.772
014220102,1422,81.27512500504963,0.244,74.823,4.18,0.468,79.737
014220115,1422,83.06516701122746,0.304,75.911,5.327,0.551,82.117
014220140,1422,81.8963750207331,0.23,74.972,5.114,0.574,80.912
014220142,1422,74.46158298989758,0.227,68.191,4.517,0.594,73.552
014220159,1422,57.772250002017245,0.168,54.84,1.905,0.293,57.228
014220160,1422,62.532707990612835,0.227,58.928,2.007,0.309,61.492
014220167,1422,62.56895902333781,0.228,58.988,2.045,0.376,61.66
014650011,1465,71.43812501453795,0.218,65.697,3.978,0.561,70.475
014650023,1465,106.65508298552595,0.278,97.036,7.555,0.67,105.559
014650032,1465,61.5598339936696,0.172,57.387,2.685,0.413,60.678
014650037,1465,58.829833986237645,0.173,55.057,2.292,0.418,57.964
014650038,1465,62.462084024446085,0.204,58.096,2.678,0.439,61.439
014650040,1465,70.71137501043268,0.231,66.228,2.927,0.388,69.796
014650041,1465,46.762458980083466,0.203,44.221,1.089,0.328,45.864
014650043,1465,58.504999993601814,0.188,55.153,2.349,0.392,58.103
014650047,1465,59.477333998074755,0.166,55.649,2.627,0.491,58.957
014650058,1465,82.76995900087059,0.214,76.186,4.581,0.764,81.773
014650059,1465,78.76791601302102,0.207,74.067,3.573,0.491,78.358
014650063,1465,65.80683300853707,0.23,61.48,2.657,0.452,64.845
014650085,1465,76.48820799659006,0.2,70.62,4.518,0.689,76.059
014650087,1465,74.10645799245685,0.194,69.124,3.215,0.636,73.195
014650088,1465,102.73545800009742,0.274,93.356,6.951,0.664,101.269
014650108,1465,127.86358300945722,0.319,116.664,9.192,0.62,126.818
014650113,1465,90.56645800592378,0.271,82.979,5.829,0.565,89.668
014650125,1465,60.96458400133997,0.207,57.138,2.271,0.368,60.003
014650145,1465,110.57262500980869,0.285,98.721,9.643,0.848,109.526
014650164,1465,79.9696670146659,0.225,74.249,4.011,0.511,79.017
014690004,1469,71.00924997939728,0.2,66.183,3.585,0.573,70.562
014690006,1469,65.7792080019135,0.258,60.218,3.604,0.515,64.617
014690018,1469,67.09654099540785,0.196,61.703,3.743,0.524,66.188
014690020,1469,84.53070800169371,0.229,77.752,4.757,0.771,83.535
014690047,1469,63.21070800186135,0.207,58.769,2.859,0.439,62.298
014690048,1469,75.67729201400653,0.199,68.594,5.316,0.662,74.794
014690050,1469,119.9423750222195,0.29,108.648,9.189,0.816,118.969
014690055,1469,84.62487498763949,0.191,77.187,5.6,0.773,83.775
014690062,1469,67.86895799450576,0.207,63.468,2.798,0.463,66.957
014690067,1469,71.63374999072403,0.192,66.624,3.266,0.542,70.644
014690074,1469,63.16545800655149,0.194,58.596,2.682,0.438,61.931
014690082,1469,85.7702499779407,0.226,77.993,4.833,0.647,83.728
014690110,1469,91.7389579990413,0.232,83.222,6.96,0.805,91.244
014690113,1469,89.13700000266545,0.233,80.21,6.99,0.769,88.222
014690121,1469,82.14795900858007,0.259,76.702,3.608,0.474,81.065
014690125,1469,59.58904098952189,0.221,55.433,2.524,0.475,58.674
014690136,1469,106.53033302514814,0.264,99.142,6.118,0.477,106.022
014690144,1469,81.97045800625347,0.223,74.48,5.51,0.702,80.939
014690150,1469,59.78408397641033,0.23,56.341,1.893,0.342,58.829
014690167,1469,81.8255830090493,0.249,74.076,5.66,0.801,80.81
015010004,1501,60.39329199120402,0.24,54.91,3.454,0.762,59.392
015010014,1501,54.68079200363718,0.191,50.178,2.867,0.485,53.743
015010033,1501,48.055958992335945,0.173,43.169,1.49,0.311,45.165
015010038,1501,45.5828330013901,0.195,42.437,1.652,0.378,44.684
015010041,1501,48.979915998643264,0.149,46.2,1.818,0.394,48.583
015010079,1501,44.068959017749876,0.137,42.055,1.202,0.257,43.671
015010087,1501,46.12849999102764,0.141,43.052,2.049,0.43,45.69
015010094,1501,59.1587079979945,0.161,54.929,3.135,0.527,58.775
015010097,1501,53.0972910055425,0.19,49.036,2.41,0.497,52.157
015010103,1501,50.63216597773135,0.184,47.349,2.197,0.464,50.215
015010115,1501,55.04341601044871,0.16,50.632,3.322,0.547,54.679
015010121,1501,46.197791991289705,0.165,43.033,1.425,0.317,44.963
015010125,1501,55.468791018938646,0.171,50.577,3.031,0.518,54.32
015010137,1501,64.72583400318399,0.215,59.138,3.856,0.521,63.75
015010145,1501,66.54370800242759,0.207,59.604,4.94,0.814,65.59
015010151,1501,53.69037500349805,0.299,49.468,2.466,0.471,52.728
015010156,1501,44.655167002929375,0.14,42.433,1.323,0.35,44.267
015010159,1501,42.933749995427206,0.148,40.763,1.212,0.38,42.527
015010169,1501,63.221832999261096,0.173,58.815,3.343,0.523,62.877
015010170,1501,46.16249998798594,0.212,42.643,2.006,0.403,45.284
015020001,1502,60.72116701398045,0.173,55.764,2.942,0.545,59.448
015020007,1502,74.02154200826772,0.217,67.08,5.09,0.639,73.047
015020010,1502,61.57820898806676,0.184,56.873,3.116,0.474,60.666
015020012,1502,66.3317920116242,0.222,60.261,4.273,0.595,65.371
015020017,1502,59.70833299215883,0.179,54.838,2.927,0.515,58.485
015020022,1502,63.058833009563386,0.216,58.411,3.0,0.438,62.086
015020029,1502,60.323875019093975,0.203,56.901,1.883,0.365,59.377
015020045,1502,57.01329102157615,0.184,53.483,2.064,0.395,56.148
015020061,1502,62.41608300479129,0.217,57.574,3.164,0.557,61.538
015020065,1502,61.236165987793356,0.169,57.102,2.536,0.5,60.33
015020070,1502,53.79954201634973,0.197,49.846,2.353,0.441,52.861
015020088,1502,55.239499983144924,0.189,50.331,3.261,0.496,54.3
015020097,1502,51.71916598919779,0.196,47.803,2.323,0.444,50.79
015020099,1502,51.76325002685189,0.172,48.647,2.064,0.325,51.227
015020101,1502,54.05812500976026,0.257,48.989,2.647,0.447,52.362
015020113,1502,62.68500001169741,0.196,57.445,3.925,0.61,62.197
015020126,1502,53.24579100124538,0.172,49.337,2.412,0.404,52.346
015020136,1502,64.39995797700249,0.197,59.879,3.351,0.502,63.951
015020161,1502,80.22499998332933,0.216,73.533,5.338,0.643,79.753
015020162,1502,51.10695899929851,0.177,48.652,1.568,0.28,50.698
015030001,1503,64.92391700157896,0.174,59.771,4.025,0.55,64.539
015030005,1503,62.84437500289641,0.231,57.507,3.66,0.497,61.913
015030006,1503,47.29391701403074,0.173,43.287,2.227,0.475,46.182
015030010,1503,53.93766702036373,0.154,50.09,2.833,0.452,53.549
015030015,1503,72.65970899607055,0.219,65.349,4.937,0.66,71.186
015030027,1503,65.18337500165217,0.164,59.386,4.126,0.958,64.66
015030030,1503,50.322958995820954,0.175,48.153,0.82,0.276,49.449
015030041,1503,51.45129101583734,0.181,48.926,1.536,0.37,51.034
015030067,1503,67.99112498993054,0.207,63.004,3.65,0.63,67.543
015030077,1503,51.63649999303743,0.177,47.873,2.162,0.436,50.67
015030082,1503,51.34404098498635,0.18,47.9,2.357,0.468,50.925
015030106,1503,61.35654199169949,0.207,55.283,3.082,0.519,59.11
015030109,1503,70.71229099528864,0.21,64.848,4.137,0.588,69.803
015030115,1503,75.12479199795052,0.204,67.63,5.51,0.798,74.165
015030118,1503,75.37562499055639,0.226,67.839,5.641,0.696,74.425
015030122,1503,52.91279198718257,0.192,48.734,2.296,0.457,51.7
015030125,1503,48.85270798695274,0.146,46.463,1.541,0.305,48.477
015030133,1503,59.90750002092682,0.194,56.068,2.701,0.483,59.466
015030142,1503,54.16749999858439,0.199,49.286,3.151,0.558,53.215
015030150,1503,64.27274999441579,0.185,58.439,2.189,0.321,61.154
020020015,2002,51.0570420010481,0.168,47.287,2.209,0.43,50.116
020020032,2002,75.90770898968913,0.212,66.966,7.285,0.964,75.451
020020094,2002,66.89483299851418,0.219,60.143,4.84,0.73,65.954
020020108,2002,65.34149998333305,0.188,58.287,4.871,0.775,64.144
020020123,2002,50.897874985821545,0.176,47.772,2.102,0.421,50.492
020020174,2002,45.77354199136607,0.166,42.58,2.118,0.448,45.332
020020181,2002,62.36487498972565,0.164,56.623,4.268,0.735,61.815
020020185,2002,67.27120801224373,0.177,61.857,3.921,0.762,66.739
020020204,2002,55.53900002269074,0.144,52.541,1.898,0.495,55.102
020020206,2002,57.438624993665144,0.161,54.255,2.162,0.513,57.118
020020208,2002,73.29158301581629,0.174,66.667,4.799,0.774,72.441
020020220,2002,61.541333998320624,0.211,56.305,3.474,0.581,60.592
020020278,2002,51.188957993872464,0.203,47.067,2.422,0.61,50.328
020020285,2002,65.48458299948834,0.21,58.041,5.239,0.781,64.294
020020295,2002,67.56525000673719,0.199,60.308,5.271,0.786,66.589
020020303,2002,54.610874998616055,0.184,49.825,2.804,0.536,53.372
020020348,2002,55.36679201759398,0.197,49.06,2.951,0.509,52.738
020020357,2002,53.72062500100583,0.158,49.336,3.202,0.64,53.359
020020361,2002,52.78754097525962,0.156,49.259,2.464,0.488,52.388
020020377,2002,50.3557919873856,0.179,46.391,2.226,0.531,49.354
020070039,2007,63.3969159971457,0.172,59.632,2.65,0.432,62.906
020070050,2007,62.24483301048167,0.21,57.856,2.856,0.4,61.341
020070065,2007,64.54308400861919,0.224,58.935,3.771,0.634,63.587
020070066,2007,53.77516700536944,0.179,49.733,2.5,0.397,52.831
020070070,2007,54.18700000154786,0.155,50.072,2.905,0.529,53.682
020070079,2007,63.34829202387482,0.202,57.585,3.648,0.631,62.087
020070081,2007,63.05358398822136,0.164,57.712,3.529,0.521,61.95
020070083,2007,54.36000000918284,0.2,49.529,3.127,0.51,53.389
020070086,2007,61.21279200306162,0.246,54.294,3.207,0.636,58.407
020070091,2007,75.70454201777466,0.212,68.159,5.675,0.688,74.754
020070095,2007,63.9686249778606,0.226,58.09,4.099,0.611,63.048
020070105,2007,60.26587501401082,0.161,55.521,3.172,0.52,59.398
020070132,2007,73.13962499029003,0.231,66.976,4.38,0.605,72.214
020070146,2007,53.047666006023064,0.207,48.932,2.521,0.479,52.159
020070152,2007,49.49733300600201,0.15,46.645,1.898,0.372,49.085
020070153,2007,52.032916981261224,0.156,49.299,1.845,0.349,51.671
020070154,2007,63.10970801860094,0.169,56.032,3.115,0.566,59.904
020070157,2007,51.445167016936466,0.19,48.344,1.623,0.313,50.489
020070165,2007,70.48933301120996,0.195,65.342,3.947,0.563,70.07
020070166,2007,52.843417011899874,0.197,49.373,1.967,0.359,51.916
020140004,2014,51.614874973893166,0.176,48.224,2.31,0.435,51.17
020140014,2014,53.46408300101757,0.153,49.553,2.657,0.657,53.044
020140028,2014,52.69745900295675,0.165,49.481,2.264,0.393,52.324
020140032,2014,65.3724999865517,0.182,59.106,3.053,0.439,62.801
020140036,2014,51.95762499351986,0.192,48.399,1.956,0.414,50.984
020140041,2014,51.7783329996746,0.152,48.701,2.131,0.389,51.393
020140045,2014,52.87837501964532,0.153,49.871,2.084,0.356,52.482
020140048,2014,53.01816697465256,0.197,49.082,2.336,0.44,52.076
020140055,2014,61.15058300201781,0.199,56.366,2.902,0.492,59.98
020140059,2014,71.81233298615552,0.193,64.918,5.155,0.667,70.956
020140074,2014,64.4572919991333,0.225,59.81,3.048,0.449,63.554
020140083,2014,70.73729101102799,0.215,65.108,3.895,0.54,69.777
020140087,2014,66.03729201015085,0.196,60.216,3.993,0.648,65.087
020140096,2014,105.82520900061354,0.249,93.829,9.872,0.877,104.858
020140099,2014,83.14929201151244,0.222,75.154,5.926,0.796,82.124
020140114,2014,69.00658400263637,0.186,64.125,3.149,0.636,68.125
020140117,2014,66.62583301658742,0.211,61.373,3.519,0.605,65.734
020140121,2014,71.13037499948405,0.186,65.388,4.032,0.607,70.235
020140133,2014,76.95379198412411,0.212,69.523,5.553,0.661,75.972
020140173,2014,52.387624979019165,0.167,48.72,2.122,0.49,51.521
020160042,2016,59.98979101423174,0.162,55.42,3.424,0.594,59.62
020160068,2016,85.8877919963561,0.217,75.564,8.086,1.0,84.889
020160093,2016,72.21679098438472,0.226,64.584,5.596,0.807,71.234
020160128,2016,65.70337500306778,0.194,59.096,4.681,0.778,64.771
020160131,2016,66.94687498384155,0.219,60.216,4.841,0.772,66.068
020160132,2016,62.0907080010511,0.201,55.966,4.244,0.751,61.186
020160151,2016,65.69183300598525,0.174,59.075,4.895,0.742,64.908
020160171,2016,62.04429201898165,0.206,55.967,4.123,0.778,61.096
020160178,2016,66.21158399502747,0.211,59.553,4.731,0.782,65.298
020160207,2016,71.90875001833774,0.187,66.233,4.409,0.61,71.457
020160222,2016,46.78016700199805,0.213,43.329,1.888,0.4,45.851
020160245,2016,60.987041011685506,0.168,54.941,4.626,0.797,60.554
020160264,2016,51.34345902479254,0.19,47.889,1.928,0.403,50.428
020160295,2016,56.02629098575562,0.16,50.951,3.917,0.625,55.679
020160312,2016,45.2823750092648,0.149,42.703,1.67,0.362,44.904
020160318,2016,51.229083008365706,0.151,47.915,2.253,0.479,50.819
020160335,2016,67.88283298374154,0.3,60.223,4.212,0.617,65.372
020160344,2016,53.085667022969574,0.192,48.99,2.538,0.49,52.231
020160347,2016,76.83500001439825,0.195,69.063,6.419,0.744,76.446
020160371,2016,72.48204099596478,0.209,65.74,5.294,0.767,72.032
020270001,2027,71.67487501283176,0.232,65.374,4.428,0.589,70.643
020270005,2027,55.819917004555464,0.167,51.415,2.891,0.448,54.944
020270020,2027,64.09083300968632,0.202,58.843,3.017,0.5,62.584
020270030,2027,64.22337499679998,0.208,60.097,2.916,0.494,63.741
020270042,2027,73.11141700483859,0.227,68.875,2.613,0.385,72.13
020270048,2027,59.57279200083576,0.182,55.333,2.294,0.42,58.248
020270049,2027,65.8532079833094,0.22,61.449,2.778,0.443,64.91
020270077,2027,81.81345899356529,0.222,75.405,4.6,0.645,80.895
020270087,2027,76.9285420246888,0.177,71.392,3.553,0.632,75.779
020270108,2027,88.92558299703524,0.191,82.285,4.932,0.654,88.083
020270113,2027,53.89433301752433,0.153,50.618,1.837,0.432,53.063
020270136,2027,62.3431249987334,0.159,58.607,2.742,0.419,61.945
020270142,2027,89.7921250143554,0.237,81.59,6.295,0.648,88.796
020270146,2027,75.33525000326335,0.205,68.227,5.268,0.671,74.395
020270161,2027,50.18891699728556,0.177,46.948,1.664,0.391,49.202
020270167,2027,50.017125002341345,0.146,47.263,1.886,0.344,49.661
020270168,2027,52.28312499821186,0.151,49.044,2.29,0.407,51.914
020270170,2027,50.001374998828396,0.14,47.335,1.608,0.348,49.451
020270171,2027,59.32504098745994,0.156,55.516,2.724,0.5,58.921
020270174,2027,79.01166600640863,0.22,73.748,3.647,0.385,78.023
020300005,2030,63.07733402354643,0.205,58.495,2.932,0.48,62.135
020300012,2030,64.59066699608229,0.198,59.438,3.467,0.522,63.644
020300017,2030,60.50449999747798,0.27,55.928,2.954,0.501,59.675
020300020,2030,89.55674999742769,0.245,81.876,5.882,0.575,88.6
020300044,2030,51.77470899070613,0.23,48.092,2.083,0.429,50.855
020300053,2030,91.26854201895185,0.246,83.424,6.333,0.617,90.644
020300056,2030,72.99962500110269,0.223,67.172,4.067,0.534,72.015
020300057,2030,80.11920799617656,0.237,73.822,4.614,0.554,79.248
020300059,2030,72.38970798789524,0.203,66.514,3.813,0.578,71.133
020300065,2030,74.3111250048969,0.219,68.255,4.266,0.582,73.342
020300073,2030,61.50162499397993,0.213,57.487,2.444,0.409,60.574
020300083,2030,90.90887499041855,0.256,82.333,6.68,0.593,89.886
020300097,2030,100.20466599962674,0.252,92.007,6.411,0.559,99.25
020300121,2030,73.41170898871496,0.207,68.647,3.171,0.442,72.487
020300132,2030,59.20891699497588,0.199,55.186,2.453,0.409,58.278
020300143,2030,54.3381669849623,0.19,50.625,2.59,0.453,53.88
020300147,2030,62.49920802656561,0.187,57.96,2.917,0.503,61.592
020300156,2030,52.220334007870406,0.145,48.471,2.046,0.417,51.101
020300171,2030,52.49404101050459,0.155,48.895,2.559,0.489,52.121
020300173,2030,63.53904202114791,0.167,59.679,2.809,0.427,63.104
020310032,2031,46.80666601052508,0.194,43.21,2.007,0.434,45.865
020310042,2031,63.66387498565018,0.191,58.65,3.812,0.548,63.223
020310075,2031,83.12175000901334,0.248,74.054,6.969,0.838,82.131
020310085,2031,63.822791998973116,0.242,57.874,4.067,0.668,62.872
020310112,2031,53.47620899556205,0.173,49.122,2.758,0.521,52.596
020310114,2031,72.41125000291504,0.183,65.376,5.526,0.807,71.914
020310133,2031,76.02149999001995,0.232,67.477,6.506,0.841,75.079
020310141,2031,53.78116597421467,0.207,49.605,2.411,0.569,52.818
020310148,2031,59.19295901549049,0.171,55.145,2.686,0.644,58.674
020310151,2031,67.32691600336693,0.213,61.285,4.141,0.75,66.416
020310154,2031,57.00587498722598,0.205,52.949,2.429,0.516,56.122
020310174,2031,66.30700000096112,0.253,61.337,3.676,0.593,65.884
020310219,2031,54.127999988850206,0.187,50.124,2.738,0.589,53.668
020310273,2031,77.77929099393077,0.197,70.083,5.951,1.043,77.317
020310281,2031,69.0517499751877,0.164,65.267,2.414,0.733,68.615
020310295,2031,71.95387498359196,0.29,65.774,4.586,0.867,71.544
020310297,2031,69.28754100226797,0.183,65.032,3.058,0.603,68.906
020310322,2031,63.62124998122454,0.175,58.567,2.945,0.8,62.513
020310335,2031,48.98541598231532,0.187,45.605,1.584,0.587,47.99
020310376,2031,65.63329198979773,0.171,60.688,3.484,0.742,65.115
021120025,2112,59.25829100306146,0.207,54.515,2.943,0.646,58.338
021120059,2112,71.35387498419732,0.19,63.497,5.308,0.936,69.961
021120074,2112,78.68062498164363,0.195,71.057,5.569,0.882,77.732
021120075,2112,76.35862499591894,0.256,66.85,6.978,1.223,75.334
021120085,2112,58.63987500197254,0.21,54.302,2.46,0.669,57.671
021120108,2112,80.12633302132599,0.249,71.186,6.569,1.143,79.177
021120135,2112,82.23366597667336,0.243,73.372,6.506,0.903,81.05
021120151,2112,53.685667022364214,0.184,50.255,2.3,0.486,53.249
021120161,2112,70.33016701461747,0.182,64.282,4.738,0.701,69.926
021120164,2112,66.68445799732581,0.22,60.674,4.562,0.84,66.325
021120171,2112,62.294208008097485,0.189,58.615,2.495,0.486,61.81
021120187,2112,62.41258300724439,0.173,57.629,3.46,0.673,61.961
021120232,2112,69.24025001353584,0.21,63.16,4.056,0.885,68.337
021120233,2112,54.356582986656576,0.199,49.786,2.739,0.707,53.459
021120250,2112,77.61616699281149,0.218,69.579,6.368,0.929,77.118
021120256,2112,69.52745901071467,0.234,62.686,4.867,0.808,68.623
021120296,2112,63.87895901571028,0.236,58.605,3.39,0.661,62.918
021120309,2112,96.74612499657087,0.225,84.598,9.349,1.083,95.285
021120321,2112,107.49875000328757,0.277,95.746,9.549,1.003,106.607
021120354,2112,56.06104101752862,0.168,52.223,2.681,0.564,55.664
021160002,2116,69.35041697579436,0.226,62.306,5.009,0.796,68.365
021160027,2116,81.54854099848308,0.187,74.443,5.208,0.815,80.68
021160075,2116,89.0557499951683,0.251,80.408,6.809,0.968,88.462
021160080,2116,59.64383398531936,0.154,56.257,2.298,0.477,59.212
021160089,2116,87.94208298786543,0.254,78.651,6.547,0.995,86.477
021160090,2116,70.3863340022508,0.225,63.522,4.737,0.848,69.363
021160120,2116,93.7916669936385,0.266,82.194,9.237,1.088,92.816
021160134,2116,93.45995899639092,0.227,87.15,4.409,0.716,92.532
021160185,2116,79.62454200605862,0.218,73.151,4.831,0.922,79.151
021160188,2116,56.774041993776336,0.193,53.051,2.112,0.474,55.853
021160195,2116,59.144083003047854,0.172,54.685,2.695,0.647,58.225
021160198,2116,70.68479098961689,0.189,64.799,4.042,0.706,69.765
021160203,2116,68.74883300042711,0.191,63.141,3.566,0.654,67.577
021160207,2116,55.942790990229696,0.191,51.924,2.321,0.517,54.979
021160212,2116,74.39933301066048,0.295,68.166,4.005,0.613,73.105
021160232,2116,66.41391600714996,0.218,61.297,3.317,0.598,65.456
021160249,2116,74.09629199537449,0.193,67.134,5.127,0.685,73.165
021160303,2116,85.80058297957294,0.231,76.854,6.804,0.892,84.819
021160310,2116,92.84037500037812,0.227,82.313,8.395,0.925,91.886
021160326,2116,78.23241598089226,0.245,70.484,5.602,0.9,77.26
022520012,2252,74.21158300712705,0.233,67.049,5.171,0.76,73.239
022520036,2252,62.70891698659398,0.207,57.606,3.291,0.606,61.734
022520067,2252,57.4368340021465,0.203,52.578,3.193,0.522,56.518
022520159,2252,48.60670797643252,0.19,45.371,1.708,0.39,47.681
022520174,2252,74.80274999397807,0.194,66.894,6.17,0.936,74.224
022520200,2252,48.79954201169312,0.171,46.026,1.755,0.382,48.359
022520203,2252,82.15958400978707,0.189,76.042,4.497,0.907,81.666
022520209,2252,77.06679101102054,0.252,68.532,6.096,0.856,75.763
022520221,2252,59.85012499149889,0.168,55.774,2.188,0.575,58.74
022520225,2252,55.83983298856765,0.226,52.381,2.143,0.625,55.413
022520226,2252,58.08145899209194,0.194,53.28,2.979,0.674,57.159
022520258,2252,79.39125000848435,0.232,72.677,4.556,0.864,78.36
022520272,2252,68.22524999734014,0.181,61.87,4.32,0.914,67.321
022520290,2252,71.20241702068597,0.194,65.116,4.131,0.743,70.211
022520337,2252,56.17416699533351,0.206,52.496,2.071,0.462,55.261
022520345,2252,70.80466698971577,0.183,64.481,4.291,0.816,69.798
022520358,2252,85.85087500978261,0.292,76.242,6.742,1.051,84.352
022520360,2252,57.56658301106654,0.2,52.605,3.238,0.582,56.647
022520366,2252,72.99529097508639,0.221,66.219,4.931,0.662,72.054
022520375,2252,55.37079100031406,0.187,50.929,2.747,0.546,54.434
023270032,2327,67.80195800820366,0.189,61.138,4.001,0.639,65.989
023270080,2327,47.95616600313224,0.192,43.928,2.334,0.514,46.988
023270098,2327,53.02966697490774,0.172,49.064,2.755,0.558,52.568
023270118,2327,53.58033298398368,0.17,49.549,2.834,0.573,53.147
023270120,2327,90.30891701695509,0.22,80.912,5.061,1.364,87.633
023270140,2327,81.64083299925551,0.213,75.596,4.402,1.073,81.312
023270148,2327,73.53179200435989,0.189,67.307,4.728,0.725,72.975
023270161,2327,64.58166701486334,0.177,59.874,3.474,0.635,64.183
023270171,2327,54.79837500024587,0.227,50.709,2.39,0.603,53.955
023270214,2327,57.079165999311954,0.164,50.85,2.788,0.566,54.392
023270237,2327,84.7361659980379,0.209,74.66,7.187,0.964,83.046
023270268,2327,62.21466601709835,0.233,56.994,3.34,0.657,61.248
023270280,2327,49.42266599391587,0.189,45.799,1.933,0.516,48.462
023270286,2327,51.154666987713426,0.156,48.297,1.772,0.47,50.726
023270303,2327,63.2924169767648,0.203,58.063,3.778,0.777,62.849
023270315,2327,55.714250018354505,0.173,51.37,3.111,0.628,55.306
023270319,2327,81.07816701522097,0.216,72.133,6.229,0.827,79.433
023270321,2327,75.64358299714513,0.224,68.328,5.653,0.842,75.077
023270331,2327,75.82091601216234,0.24,68.973,4.856,0.735,74.828
023270364,2327,56.42350000562146,0.203,50.829,3.594,0.81,55.462
023550002,2355,96.16791701409966,0.253,82.552,10.938,1.279,95.049
023550003,2355,92.09320798981935,0.245,79.579,9.996,1.248,91.101
023550008,2355,61.02624998311512,0.233,55.647,3.476,0.693,60.075
023550013,2355,52.542958001140505,0.183,48.202,2.711,0.535,51.655
023550099,2355,55.667332984739915,0.202,51.176,3.193,0.577,55.17
023550123,2355,55.09637499926612,0.205,50.01,3.281,0.579,54.096
023550138,2355,63.769166998099536,0.171,59.678,2.872,0.507,63.255
023550167,2355,46.637667022878304,0.153,42.093,1.583,0.434,44.285
023550175,2355,64.74537501344457,0.222,58.799,4.444,0.784,64.274
023550201,2355,73.72941699577495,0.194,65.739,5.656,0.888,72.502
023550202,2355,63.554583000950515,0.207,57.443,4.221,0.77,62.665
023550230,2355,82.97316698008217,0.227,72.63,7.823,1.29,81.999
023550233,2355,67.0631249959115,0.196,62.213,2.921,0.764,66.122
023550237,2355,100.3885829995852,0.249,92.281,5.724,1.153,99.438
023550257,2355,83.88550000381656,0.194,77.003,5.28,0.877,83.384
023550260,2355,77.75233397842385,0.187,72.344,3.616,0.726,76.9
023550290,2355,74.76066600065678,0.187,69.739,3.298,0.635,73.886
023550310,2355,64.05324998195283,0.183,59.361,3.4,0.667,63.638
023550319,2355,53.696874994784594,0.202,50.209,1.819,0.515,52.771
023550341,2355,60.36729199695401,0.171,56.167,2.902,0.688,59.956
024380040,2438,68.33974999608472,0.178,62.295,4.165,0.762,67.433
024380041,2438,51.23070898116566,0.163,47.579,2.238,0.584,50.589
024380116,2438,69.530125008896,0.183,63.321,4.717,0.808,69.056
024380142,2438,64.08150002243929,0.179,58.409,3.827,0.721,63.163
024380154,2438,40.03512501367368,0.136,37.134,1.158,0.43,38.9
024380194,2438,48.69141700328328,0.165,45.316,2.204,0.558,48.267
024380197,2438,64.12283299141563,0.168,59.007,3.722,0.734,63.654
024380200,2438,103.94999998970889,0.195,93.981,5.347,3.358,102.94
024380204,2438,115.32187499688007,1.056,106.523,4.661,2.529,114.822
024380234,2438,76.25066698528826,0.286,72.508,2.399,0.573,75.792
024380247,2438,44.11729099228978,0.144,41.493,1.593,0.465,43.723
024380265,2438,60.475624981336296,0.174,56.56,2.858,0.515,60.132
024380276,2438,57.123416976537555,0.176,52.58,2.634,0.751,56.168
024380278,2438,64.7196669888217,0.19,58.672,4.603,0.769,64.259
024380315,2438,55.303625005763024,0.178,52.643,1.221,0.299,54.364
024380317,2438,61.8079999985639,0.213,56.006,4.363,0.697,61.303
024380325,2438,68.70241698925383,0.218,61.602,4.873,0.985,67.707
024380354,2438,53.450250008609146,0.201,49.068,2.678,0.519,52.49
024380363,2438,51.68845900334418,0.154,47.961,2.554,0.584,51.277
024380369,2438,51.400541997281834,0.154,47.791,2.541,0.486,50.994
024410049,2441,52.69470898201689,0.16,49.19,2.426,0.444,52.241
024410052,2441,74.01062498684041,0.289,66.127,6.263,0.877,73.579
024410092,2441,89.94700000039302,0.228,77.932,9.504,1.044,88.731
024410098,2441,66.41816699993797,0.196,59.69,5.163,0.86,65.935
024410110,2441,84.3322089931462,0.235,73.923,8.234,0.985,83.402
024410149,2441,56.50187499122694,0.168,51.067,3.318,0.761,55.341
024410158,2441,51.59787498996593,0.154,48.299,2.3,0.415,51.19
024410160,2441,65.56124999769963,0.209,60.034,4.237,0.645,65.151
024410173,2441,72.4612909834832,0.207,64.654,5.742,0.859,71.49
024410222,2441,61.340375017607585,0.208,55.757,3.78,0.577,60.343
024410228,2441,65.86804200196639,0.212,60.249,3.799,0.635,64.923
024410240,2441,50.6944160151761,0.156,47.359,2.245,0.511,50.297
024410241,2441,55.81645801430568,0.196,50.88,3.603,0.667,55.368
024410294,2441,55.51883298903704,0.195,51.314,2.663,0.399,54.591
024410312,2441,84.77825002046302,0.285,74.285,8.708,1.051,84.35
024410318,2441,67.03325000125915,0.197,60.479,4.758,0.785,66.24
024410322,2441,63.64829099038616,0.202,58.158,3.779,0.571,62.728
024410350,2441,53.71562499203719,0.19,49.275,2.763,0.545,52.803
024410368,2441,77.74608299951069,0.321,69.001,6.373,0.77,76.485
024410377,2441,46.248875005403534,0.206,42.716,1.958,0.47,45.376
024480016,2448,78.74433297547512,0.223,70.18,6.334,0.929,77.695
024480028,2448,55.351417016936466,0.169,51.172,2.975,0.665,55.005
024480094,2448,76.10612499411218,0.2,68.386,6.28,0.82,75.708
024480095,2448,90.31820800737478,0.219,80.885,6.974,0.985,89.093
024480105,2448,85.143500007689,0.202,77.506,5.598,0.865,84.223
024480127,2448,76.33887502015568,0.211,67.466,6.782,0.896,75.382
024480159,2448,61.09729202580638,0.175,55.936,3.245,0.606,59.986
024480186,2448,54.16687499382533,0.202,50.111,2.355,0.524,53.217
024480188,2448,75.4674170166254,0.227,67.432,6.484,0.904,75.073
024480212,2448,61.583333008456975,0.176,56.269,3.999,0.74,61.206
024480228,2448,55.26295898016542,0.161,51.313,2.896,0.506,54.9
024480232,2448,69.61424998007715,0.227,61.668,5.975,0.916,68.809
024480241,2448,60.30858401209116,0.191,55.638,3.458,0.597,59.905
024480244,2448,66.40091599547304,0.196,60.883,4.205,0.638,65.945
024480251,2448,50.931750010931864,0.158,47.597,2.301,0.44,50.516
024480255,2448,60.04099998972379,0.163,55.108,3.724,0.67,59.686
024480270,2448,53.10341599397361,0.173,49.356,2.561,0.506,52.622
024480292,2448,72.18520800233819,0.186,65.237,5.532,0.801,71.783
024480297,2448,74.56804200774059,0.208,67.099,5.517,0.775,73.621
024480335,2448,44.52929200488143,0.168,41.676,1.844,0.394,44.102
024510017,2451,73.46970899379812,0.182,67.705,4.545,0.634,73.086
024510043,2451,74.89424999221228,0.203,67.162,5.799,0.763,73.949
024510061,2451,91.24508299282752,0.23,82.571,6.888,0.79,90.506
024510070,2451,91.85787499882281,0.249,80.555,9.466,1.051,91.345
024510114,2451,79.4754580128938,0.198,69.545,6.337,0.864,76.97
024510164,2451,74.27370798541233,0.291,67.618,5.05,0.686,73.667
024510179,2451,59.54358400776982,0.168,54.977,3.387,0.63,59.184
024510195,2451,72.64450000366196,0.27,65.125,4.718,0.701,70.837
024510206,2451,70.62433401006274,0.203,63.188,4.127,0.646,68.186
024510215,2451,100.79162500915118,0.22,90.366,8.843,0.933,100.383
024510224,2451,80.57691698195413,0.182,72.933,6.122,0.895,80.155
024510247,2451,78.94874998601153,0.189,70.765,5.792,0.896,77.666
024510252,2451,64.04308302444406,0.249,58.009,4.406,0.732,63.417
024510275,2451,52.89620900293812,0.159,49.525,2.337,0.483,52.529
024510316,2451,53.04900000919588,0.171,48.933,2.946,0.57,52.643
024510323,2451,79.78037500288337,0.196,73.784,4.766,0.622,79.39
024510336,2451,74.99912500497885,0.204,67.387,5.035,0.687,73.336
024510351,2451,63.676791003672406,0.212,58.168,4.116,0.706,63.231
024510352,2451,80.10550000471994,0.22,68.988,6.121,0.811,76.168
024510375,2451,51.76745800417848,0.158,48.438,2.276,0.48,51.373
024880041,2488,53.226875024847686,0.155,49.228,2.924,0.518,52.845
024880059,2488,57.863499998347834,0.179,50.772,3.622,0.581,55.178
024880070,2488,60.490583011414856,0.188,55.503,3.639,0.606,59.956
024880098,2488,56.180792016675696,0.168,48.467,2.677,0.49,51.822
024880118,2488,66.1434170033317,0.192,59.496,5.043,0.816,65.57
024880155,2488,63.36983302026056,0.206,57.557,4.024,0.634,62.443
024880176,2488,53.01187498844229,0.256,48.363,2.975,0.505,52.121
024880190,2488,74.39454202540219,0.188,67.135,5.772,0.727,73.845
024880194,2488,67.01979102217592,0.218,60.802,4.393,0.659,66.095
024880195,2488,54.865999991307035,0.153,50.617,3.185,0.546,54.522
024880207,2488,53.02550000487827,0.164,49.308,2.664,0.497,52.654
024880210,2488,64.32220799615607,0.196,58.722,4.374,0.581,63.893
024880234,2488,52.05837500398047,0.155,48.587,2.417,0.521,51.699
024880245,2488,51.99700000230223,0.175,48.004,2.84,0.529,51.569
024880258,2488,62.49133302480914,0.19,55.284,4.504,0.666,60.665
024880267,2488,45.40041700238362,0.158,41.904,1.923,0.43,44.443
024880269,2488,59.42916599451564,0.171,54.838,3.368,0.546,58.941
024880299,2488,77.626667014556,0.213,68.342,7.204,0.906,76.687
024880303,2488,55.51720902440138,0.204,50.562,3.116,0.675,54.58
024880339,2488,53.61599999014288,0.154,49.484,3.048,0.507,53.213
025380004,2538,104.50320900417864,0.237,91.152,11.608,1.024,104.051
025380051,2538,55.36033300450072,0.19,50.381,3.242,0.596,54.43
025380065,2538,52.152999996906146,0.188,47.35,2.269,0.422,50.248
025380091,2538,65.53604200598784,0.17,59.597,4.545,0.679,65.012
025380107,2538,74.38929201452993,0.211,65.724,6.558,0.896,73.412
025380133,2538,54.850874992553145,0.195,50.533,2.749,0.463,53.959
025380149,2538,56.25204200623557,0.178,50.014,3.088,0.536,53.839
025380151,2538,63.255749992094934,0.177,56.374,3.352,0.556,60.484
025380152,2538,65.6702920095995,0.202,59.771,4.181,0.563,64.739
025380158,2538,77.3615840007551,0.239,68.545,6.801,0.825,76.431
025380162,2538,54.71987498458475,0.21,49.915,3.059,0.547,53.749
025380175,2538,70.19520900212228,0.185,61.372,5.339,0.784,67.705
025380202,2538,51.2747920001857,0.164,48.06,2.253,0.401,50.9
025380217,2538,64.64070899528451,0.175,59.073,4.315,0.692,64.277
025380251,2538,65.67262500175275,0.209,59.447,4.363,0.649,64.689
025380256,2538,73.4048750018701,0.212,66.39,5.196,0.67,72.489
025380277,2538,55.8741670101881,0.189,50.988,2.946,0.533,54.674
025380298,2538,62.252708012238145,0.294,56.09,3.858,0.717,60.981
025380340,2538,52.27145800017752,0.198,47.996,2.599,0.533,51.349
025380347,2538,84.72779198200442,0.225,76.415,6.838,0.747,84.249
027400077,2740,61.904250003863126,0.189,56.017,4.045,0.662,60.932
027400094,2740,63.05733398767188,0.184,57.821,3.61,0.547,62.183
027400125,2740,54.32679201476276,0.17,50.112,2.637,0.487,53.424
027400126,2740,50.74570799479261,0.162,47.277,2.324,0.518,50.304
027400145,2740,65.32249998417683,0.177,59.718,4.255,0.605,64.774
027400146,2740,62.124625022988766,0.204,56.239,4.055,0.643,61.163
027400151,2740,64.27745800465345,0.217,58.147,4.307,0.692,63.387
027400171,2740,66.65229200734757,0.212,59.942,4.594,0.671,65.44
027400173,2740,56.42004098626785,0.205,51.273,3.361,0.556,55.417
027400176,2740,46.134375006658956,0.206,42.403,2.129,0.487,45.25
027400201,2740,63.98979199002497,0.205,57.877,4.156,0.631,62.89
027400238,2740,60.31970900949091,0.199,54.694,3.797,0.635,59.351
027400246,2740,64.43866598419845,0.219,57.977,4.56,0.696,63.484
027400276,2740,46.32125000352971,0.157,42.976,1.88,0.4,45.432
027400283,2740,46.597624983405694,0.158,42.753,2.253,0.484,45.671
027400286,2740,53.851583012146875,0.153,49.955,2.791,0.536,53.456
027400289,2740,64.41358299343847,0.168,56.684,4.183,0.624,61.682
027400295,2740,53.36304198135622,0.19,48.653,3.039,0.551,52.453
027400321,2740,63.43366700457409,0.193,57.683,4.422,0.687,63.006
027400372,2740,55.47041600220837,0.172,50.288,3.419,0.618,54.518
028920012,2892,51.816083025187254,0.205,46.415,2.825,0.586,50.052
028920027,2892,59.50395899708383,0.184,54.781,3.521,0.563,59.07
028920044,2892,77.96499997493811,0.205,70.356,5.961,0.921,77.471
028920050,2892,77.25579099496827,0.198,70.59,4.87,0.672,76.351
028920120,2892,47.4627910007257,0.15,43.59,2.138,0.391,46.287
028920122,2892,45.6726249831263,0.141,42.359,2.196,0.537,45.267
028920128,2892,43.68125001201406,0.143,40.816,1.677,0.479,43.134
028920131,2892,52.835832990240306,0.151,48.349,3.31,0.569,52.403
028920174,2892,45.22820800775662,0.182,42.383,1.762,0.438,44.785
028920200,2892,56.216707977000624,0.155,51.99,3.129,0.578,55.877
028920207,2892,50.1899590017274,0.144,46.658,1.936,0.568,49.327
028920213,2892,58.4882500115782,0.222,53.906,3.268,0.664,58.084
028920214,2892,57.36341601004824,0.178,53.174,2.554,0.601,56.53
028920224,2892,71.56079201376997,0.169,66.906,3.057,0.489,70.643
028920235,2892,52.601875009713694,0.189,47.931,2.854,0.679,51.674
028920239,2892,45.37370800971985,0.227,42.072,2.168,0.469,44.96
028920242,2892,54.52795900055207,0.161,49.265,3.739,0.794,53.98
028920259,2892,55.71158399106935,0.177,50.671,3.323,0.591,54.782
028920315,2892,75.40816700202413,0.238,67.796,5.157,0.689,73.9
028920321,2892,54.22966601327062,0.171,50.068,2.633,0.482,53.377
028970002,2897,58.372458996018395,0.197,50.259,4.173,0.71,55.359
028970016,2897,83.55208300054073,0.233,73.743,7.699,0.931,82.627
028970022,2897,78.32416699966416,0.225,69.133,7.088,0.855,77.331
028970039,2897,86.27287499257363,0.22,75.865,8.238,1.025,85.373
028970052,2897,56.52824998833239,0.192,50.926,3.653,0.596,55.388
028970057,2897,85.36504200310446,0.218,74.706,8.962,1.002,84.909
028970088,2897,42.19116602325812,0.154,39.075,1.378,0.334,40.96
028970129,2897,62.73949999012984,0.162,58.507,3.201,0.477,62.365
028970146,2897,50.807374995201826,0.17,46.579,2.625,0.502,49.903
028970153,2897,60.12562499381602,0.205,55.06,3.736,0.638,59.662
028970158,2897,61.44783299532719,0.188,55.885,3.846,0.567,60.506
028970190,2897,46.750000008614734,0.151,43.055,2.197,0.514,45.937
028970198,2897,60.47662498895079,0.231,55.706,3.378,0.542,59.877
028970221,2897,45.6887090113014,0.196,41.734,2.266,0.501,44.718
028970245,2897,60.493416007375345,0.184,55.338,3.938,0.589,60.072
028970251,2897,51.0910419980064,0.19,46.793,2.672,0.478,50.15
028970273,2897,51.16829200414941,0.144,47.777,2.309,0.415,50.665
028970279,2897,45.88970899931155,0.168,40.668,1.629,0.473,42.965
028970294,2897,55.85416700341739,0.147,51.561,3.01,0.628,55.369
028970329,2897,65.4333749844227,0.173,59.678,4.541,0.651,65.069
029170012,2917,75.61841700226068,0.237,67.413,6.132,0.839,74.644
029170043,2917,75.59366698842496,0.199,67.543,5.447,0.783,73.998
029170055,2917,95.95550000085495,0.226,85.392,8.731,1.143,95.522
029170086,2917,52.66220899648033,0.162,49.376,2.347,0.477,52.385
029170104,2917,69.92312497459352,0.183,64.287,4.255,0.606,69.356
029170149,2917,53.89745900174603,0.198,49.322,2.818,0.531,52.893
029170156,2917,45.99195800255984,0.174,42.567,2.318,0.502,45.583
029170161,2917,73.61008299631067,0.199,66.27,5.779,0.788,73.06
029170177,2917,72.41070899181068,0.218,64.468,5.909,0.836,71.459
029170181,2917,52.465790999121964,0.174,48.111,2.65,0.545,51.509
029170196,2917,51.04758302331902,0.16,47.768,2.173,0.436,50.558
029170197,2917,60.775999998440966,0.17,55.522,4.111,0.566,60.39
029170211,2917,71.48370798677206,0.216,64.246,5.24,0.815,70.538
029170226,2917,60.031000000890344,0.206,54.941,3.414,0.514,59.098
029170231,2917,75.69208298809826,0.228,68.15,5.573,0.716,74.687
029170252,2917,46.2217909807805,0.258,42.468,2.14,0.474,45.362
029170309,2917,87.74558300501667,0.21,76.38,8.768,1.014,86.395
029170321,2917,63.89437502366491,0.235,58.294,3.802,0.674,63.031
029170359,2917,77.90350000141189,0.192,68.786,7.1,0.9,77.003
029170362,2917,65.18679202417843,0.206,58.988,4.233,0.744,64.198
029370015,2937,56.504584004869685,0.157,52.667,2.315,0.454,55.618
029370032,2937,64.32145897997543,0.215,58.057,4.4,0.699,63.395
029370040,2937,73.8497500133235,0.206,65.503,6.307,0.907,72.948
029370106,2937,78.00091698300093,0.24,68.524,7.218,1.062,77.067
029370108,2937,96.38624999206513,0.234,82.155,11.537,1.162,95.111
029370123,2937,44.960750004975125,0.239,41.689,1.733,0.411,44.093
029370126,2937,53.94858299405314,0.181,49.453,3.287,0.584,53.53
029370142,2937,61.56245799502358,0.171,54.715,3.458,0.56,58.925
029370153,2937,42.65279200626537,0.139,39.856,1.464,0.34,41.817
029370185,2937,45.99574999883771,0.136,43.098,1.903,0.462,45.621
029370193,2937,45.163582981331274,0.14,42.686,1.515,0.354,44.717
029370210,2937,61.469542008126155,0.173,56.213,3.986,0.662,61.056
029370217,2937,71.45954199950211,0.23,64.702,4.805,0.712,70.47
029370221,2937,55.593333003344014,0.177,50.948,2.98,0.476,54.602
029370230,2937,65.95175000256859,0.213,58.433,4.751,0.77,64.195
029370235,2937,61.818458983907476,0.194,56.332,3.856,0.541,60.943
029370239,2937,45.73849998996593,0.145,42.078,1.992,0.401,44.637
029370270,2937,64.22366702463478,0.171,59.423,3.667,0.535,63.816
029370303,2937,52.595999994082376,0.169,47.928,3.052,0.581,51.751
029370379,2937,51.48341701715253,0.149,47.823,2.577,0.53,51.1
030070015,3007,55.59941698447801,0.185,51.128,3.222,0.58,55.135
030070017,3007,46.28941701957956,0.148,42.75,1.542,0.386,44.845
030070019,3007,69.96558301034383,0.17,64.708,4.104,0.589,69.592
030070022,3007,50.818625022657216,0.188,47.239,1.99,0.445,49.88
030070025,3007,52.37050002324395,0.167,48.557,2.619,0.54,51.903
030070043,3007,43.98550000041723,0.17,39.575,1.562,0.385,41.71
030070049,3007,62.94495798647404,0.164,57.878,3.851,0.661,62.574
030070054,3007,61.0455000132788,0.194,55.85,3.478,0.546,60.087
030070058,3007,46.39691600459628,0.149,43.316,1.407,0.332,45.229
030070066,3007,51.039000012679026,0.163,47.537,2.035,0.417,50.171
030070093,3007,55.8091250131838,0.179,51.06,3.473,0.615,55.349
030070094,3007,73.37233299040236,0.228,66.692,4.851,0.656,72.452
030070099,3007,50.84691601223312,0.141,48.483,1.39,0.427,50.461
030070108,3007,54.736458987463266,0.14,51.787,1.876,0.476,54.301
030070111,3007,49.2343750083819,0.135,46.582,1.56,0.475,48.774
030070112,3007,68.20716700167395,0.16,62.902,4.008,0.731,67.826
030070135,3007,56.066582998028025,0.154,51.981,2.492,0.56,55.21
030070138,3007,61.97241699555889,0.186,56.717,2.809,0.594,60.327
030070152,3007,66.1848750023637,0.19,59.211,4.94,0.849,65.231
030070159,3007,51.80683301296085,0.196,48.141,2.038,0.436,50.832
030120001,3012,74.39470899407752,0.205,68.043,4.97,0.646,73.883
030120003,3012,84.31004200247116,0.244,75.881,6.433,0.775,83.358
030120018,3012,43.52858301717788,0.186,40.781,1.302,0.378,42.669
030120021,3012,52.902333001839,0.15,49.715,2.234,0.39,52.507
030120029,3012,46.53416699147783,0.174,43.259,1.744,0.417,45.618
030120044,3012,64.63166701723821,0.169,59.739,3.11,0.687,63.746
030120072,3012,51.30658400594257,0.162,48.216,1.667,0.399,50.466
030120079,3012,36.779416986973956,0.214,34.999,0.864,0.28,36.379
030120089,3012,50.56295800022781,0.143,47.252,2.162,0.496,50.072
030120097,3012,60.38216600427404,0.187,56.23,3.016,0.512,59.969
030120106,3012,76.60712499637157,0.264,70.659,4.097,0.601,75.645
030120121,3012,44.1461669979617,0.186,41.146,1.434,0.457,43.245
030120141,3012,52.7629170101136,0.159,49.16,2.443,0.562,52.354
030120150,3012,41.78691699053161,0.151,39.599,1.251,0.357,41.379
030120154,3012,51.60908299149014,0.147,48.996,1.684,0.384,51.234
030120155,3012,52.8436670138035,0.164,47.459,1.891,0.391,49.924
030120157,3012,53.01433298154734,0.173,49.549,2.342,0.495,52.588
030120163,3012,54.337916983058676,0.193,50.2,2.135,0.405,52.952
030120165,3012,57.65775000327267,0.179,54.271,2.347,0.426,57.248
030120173,3012,45.19291699398309,0.158,42.059,1.633,0.394,44.265
030140009,3014,41.59908398287371,0.128,39.359,1.351,0.368,41.228
030140010,3014,59.532291983487085,0.168,54.702,3.58,0.654,59.13
030140017,3014,59.05683399760164,0.183,54.697,2.687,0.456,58.043
030140025,3014,54.67545898864046,0.171,49.722,3.187,0.666,53.772
030140043,3014,41.947374993469566,0.146,39.73,1.269,0.347,41.512
030140053,3014,50.15666698454879,0.149,46.765,2.266,0.529,49.73
030140075,3014,51.682624995009974,0.155,48.237,2.405,0.493,51.309
030140086,3014,63.17462501465343,0.211,56.506,2.802,0.559,60.098
030140089,3014,49.71549997571856,0.142,47.105,1.686,0.395,49.349
030140092,3014,51.857707992894575,0.146,48.916,1.912,0.467,51.462
030140095,3014,51.18149999179877,0.141,46.064,1.965,0.415,48.606
030140099,3014,50.445583008695394,0.139,47.452,2.021,0.439,50.069
030140126,3014,76.54737500706688,0.189,68.95,6.121,0.819,76.1
030140128,3014,69.617000001017,0.199,64.266,3.607,0.584,68.68
030140129,3014,43.387250014347956,0.219,41.126,0.855,0.302,42.525
030140132,3014,60.39970900746994,0.158,55.385,3.747,0.718,60.029
030140134,3014,61.0432910034433,0.202,56.113,3.173,0.552,60.069
030140144,3014,43.37241698522121,0.228,40.415,1.465,0.352,42.479
030140147,3014,49.354333023075014,0.139,46.781,1.712,0.339,48.989
030140173,3014,44.124625012045726,0.13,41.893,1.372,0.354,43.767
030270013,3027,52.87325000972487,0.165,49.289,2.497,0.475,52.447
030270014,3027,83.43766699545085,0.227,74.724,7.105,0.764,82.84
030270026,3027,94.12266701110639,0.252,84.342,7.703,0.812,93.138
030270033,3027,83.2731669943314,0.248,74.457,6.955,0.806,82.489
030270049,3027,73.03208301891573,0.229,66.356,4.827,0.637,72.069
030270053,3027,59.79616701370105,0.26,55.036,3.006,0.48,58.803
030270054,3027,71.20308399316855,0.216,65.657,3.808,0.532,70.235
030270073,3027,88.71104201534763,0.253,81.151,5.664,0.621,87.709
030270075,3027,42.4777919834014,0.188,39.627,1.356,0.422,41.613
030270083,3027,53.23704201146029,0.251,49.532,2.516,0.535,52.855
030270093,3027,60.941875010030344,0.205,55.843,2.928,0.444,59.438
030270116,3027,59.71045800833963,0.198,55.054,2.987,0.54,58.8
030270121,3027,76.25225000083447,0.238,68.951,5.388,0.745,75.346
030270140,3027,65.2402920241002,0.186,60.324,3.3,0.521,64.353
030270141,3027,72.03895799466409,0.221,65.395,4.812,0.642,71.093
030270147,3027,51.49183300090954,0.198,48.201,1.81,0.321,50.55
030270151,3027,43.582582991803065,0.191,40.916,1.621,0.348,43.1
030270161,3027,45.40537501452491,0.139,42.542,1.858,0.447,45.005
030270168,3027,44.7989999956917,0.13,42.341,1.532,0.418,44.444
030270175,3027,66.12170898006298,0.17,60.396,4.484,0.658,65.737
030600004,3060,64.31387501652353,0.193,58.99,3.645,0.519,63.369
030600011,3060,54.09058299846947,0.174,49.631,2.864,0.52,53.209
030600020,3060,49.54375000670552,0.17,47.017,1.555,0.331,49.094
030600023,3060,65.3730419871863,0.166,60.171,3.774,0.68,64.813
030600039,3060,52.69258399493992,0.195,48.764,2.328,0.461,51.766
030600041,3060,65.10908299242146,0.165,60.534,3.227,0.502,64.45
030600042,3060,44.7268330026418,0.166,41.93,1.399,0.319,43.833
030600052,3060,72.20433300244622,0.205,66.158,4.776,0.611,71.771
030600054,3060,80.87816697661765,0.232,74.274,4.845,0.52,79.889
030600055,3060,43.57970799901523,0.185,40.668,1.47,0.332,42.676
030600070,3060,60.58958399808034,0.221,56.376,2.996,0.614,60.231
030600085,3060,69.77475000894628,0.194,64.6,3.496,0.526,68.845
030600099,3060,63.7739590019919,0.214,59.231,2.823,0.45,62.739
030600104,3060,72.9483749892097,0.232,68.054,3.23,0.43,71.967
030600140,3060,59.09245801740326,0.231,54.909,2.607,0.469,58.236
030600147,3060,53.223541006445885,0.151,49.365,2.161,0.408,52.108
030600154,3060,50.541625008918345,0.146,47.765,1.875,0.361,50.168
030600156,3060,71.36120900395326,0.287,66.216,3.723,0.653,70.904
030600160,3060,51.59179100883193,0.154,48.6,1.554,0.367,50.697
030600168,3060,120.93862498295493,0.241,109.692,9.59,0.882,120.428
030750012,3075,60.54737500380725,0.158,55.985,2.859,0.665,59.689
030750030,3075,73.86870798654854,0.188,67.888,4.305,0.576,72.979
030750034,3075,66.55054099974222,0.203,60.481,4.148,0.688,65.544
030750042,3075,46.589791018050164,0.191,42.971,2.001,0.488,45.673
030750057,3075,54.82120800297707,0.158,50.292,2.891,0.517,53.879
030750058,3075,65.66125000244938,0.222,60.984,3.042,0.459,64.73
030750061,3075,45.33329198602587,0.19,42.126,1.641,0.393,44.373
030750074,3075,52.33354098163545,0.152,48.566,2.481,0.532,51.754
030750076,3075,50.4867080016993,0.145,47.136,2.328,0.463,50.096
030750078,3075,79.68762499513105,0.216,73.673,4.683,0.607,79.201
030750088,3075,40.83379099029116,0.243,38.195,1.146,0.324,39.933
030750093,3075,62.4919589899946,0.198,58.142,3.208,0.496,62.068
030750098,3075,55.41562498547137,0.214,50.997,2.796,0.478,54.508
030750108,3075,55.93304100329988,0.169,51.425,2.118,0.375,54.108
030750119,3075,50.72562498389743,0.191,46.551,1.471,0.31,48.542
030750128,3075,51.26741700223647,0.154,47.827,2.44,0.477,50.919
030750146,3075,45.760415989207104,0.142,42.827,1.819,0.486,45.294
030750155,3075,52.71516600623727,0.192,49.149,2.155,0.443,51.959
030750165,3075,41.769083007238805,0.171,38.595,0.765,0.185,39.737
030750170,3075,36.162042000796646,0.119,34.045,1.187,0.407,35.778
032140001,3214,51.27745799836703,0.141,48.229,2.119,0.43,50.939
032140007,3214,61.120166996261105,0.192,56.117,3.76,0.59,60.679
032140013,3214,42.00412501813844,0.181,39.439,1.137,0.294,41.071
032140017,3214,51.81608299608342,0.174,48.414,2.335,0.463,51.407
032140025,3214,82.63070898829028,0.202,75.571,5.704,0.658,82.157
032140054,3214,44.77408301318064,0.19,42.189,1.13,0.302,43.832
032140060,3214,73.25545800267719,0.207,67.474,4.484,0.629,72.814
032140069,3214,63.069416995858774,0.219,58.961,2.582,0.391,62.173
032140073,3214,45.04199998336844,0.187,42.249,1.347,0.327,44.133
032140078,3214,59.47708399617113,0.159,55.931,2.366,0.554,59.036
032140082,3214,96.29824999137782,0.224,87.126,7.671,0.802,95.852
032140087,3214,50.73358298977837,0.174,48.346,1.325,0.393,50.259
032140094,3214,53.65720798727125,0.193,51.028,1.548,0.405,53.199
032140110,3214,54.94908301625401,0.214,50.3,2.471,0.424,53.431
032140117,3214,55.50333301653154,0.181,49.63,2.265,0.514,52.61
032140121,3214,82.94937500613742,0.231,74.702,6.55,0.973,82.481
032140135,3214,55.505999975139275,0.211,51.276,2.486,0.514,54.509
032140150,3214,41.24716701335274,0.131,39.246,1.134,0.328,40.86
032140164,3214,43.178791005630046,0.146,41.064,1.199,0.398,42.829
032140169,3214,50.47575000207871,0.146,47.927,1.656,0.364,50.115
034120002,3412,51.89000000245869,0.173,48.771,1.998,0.45,51.414
034120012,3412,50.94329098938033,0.165,46.374,1.281,0.301,48.138
034120027,3412,62.72104100207798,0.186,58.234,3.332,0.532,62.305
034120035,3412,65.17995800822973,0.207,59.812,3.757,0.545,64.344
034120047,3412,51.047999993897974,0.196,47.886,1.643,0.364,50.109
034120050,3412,49.83087501022965,0.174,47.181,1.642,0.365,49.387
034120052,3412,74.39299998804927,0.207,67.48,3.892,2.315,73.946
034120067,3412,147.032125008991,0.196,143.528,2.273,0.532,146.556
034120077,3412,62.67020798986778,0.171,58.8,2.71,0.586,62.292
034120085,3412,53.53841700707562,0.168,50.149,2.33,0.489,53.174
034120101,3412,55.987375002587214,0.18,51.705,1.825,0.46,54.196
034120111,3412,57.09350001416169,0.167,52.81,1.627,0.464,55.093
034120125,3412,54.64950000168756,0.15,51.765,1.942,0.51,54.392
034120155,3412,69.1262909967918,0.181,65.7,2.348,0.507,68.764
034120161,3412,61.2014590005856,0.169,57.82,2.084,0.515,60.61
034120162,3412,49.59716601297259,0.154,46.799,1.844,0.427,49.249
034120165,3412,52.68991700722836,0.174,49.314,2.178,0.581,52.277
034120170,3412,54.185207991395146,0.205,49.7,2.456,0.46,52.842
034120173,3412,62.26225002319552,0.194,57.805,3.334,0.489,61.842
034120174,3412,53.89883401221596,0.266,49.828,2.398,0.497,53.013
036310007,3631,53.20408401894383,0.164,49.671,2.536,0.414,52.805
036310021,3631,55.00312501681037,0.182,49.815,2.191,0.439,52.65
036310035,3631,60.93970901565626,0.206,56.618,3.144,0.51,60.5
036310036,3631,60.38900002022274,0.216,56.056,3.144,0.591,60.033
036310041,3631,60.827250010333955,0.195,55.582,3.248,0.594,59.645
036310047,3631,61.705540982075036,0.203,56.463,3.511,0.542,60.74
036310062,3631,67.37308399169706,0.23,60.976,4.548,0.688,66.461
036310063,3631,55.50945899449289,0.231,51.514,2.398,0.39,54.553
036310080,3631,52.42433401872404,0.162,47.997,1.976,0.488,50.649
036310097,3631,74.71124999574386,0.195,68.224,5.166,0.654,74.262
036310098,3631,55.399834003765136,0.193,50.997,3.186,0.571,54.977
036310100,3631,53.39466698933393,0.179,49.203,2.594,0.452,52.45
036310110,3631,54.53245900571346,0.186,50.425,2.984,0.495,54.111
036310116,3631,74.10841700038873,0.2,67.054,4.573,0.627,72.477
036310120,3631,51.6640410060063,0.162,47.943,2.197,0.472,50.795
036310134,3631,59.63287499616854,0.162,55.565,3.065,0.458,59.272
036310148,3631,77.6172080077231,0.23,69.575,6.077,0.759,76.662
036310159,3631,60.9065409807954,0.207,55.726,3.385,0.654,59.992
036310170,3631,49.66349998721853,0.154,46.388,1.851,0.422,48.833
036310171,3631,68.92658301512711,0.203,64.37,3.37,0.529,68.492
050150021,5015,64.97900001704693,0.164,59.301,3.97,0.609,64.071
050150024,5015,71.85258300160058,0.223,65.112,4.601,0.928,70.889
050150028,5015,55.88408300536685,0.151,52.266,1.592,0.431,54.465
050150041,5015,92.38029198604636,0.209,82.832,7.139,0.933,91.135
050150069,5015,50.362540991045535,0.14,47.01,1.565,0.489,49.23
050150070,5015,69.76937499712221,0.189,64.778,3.817,0.598,69.405
050150091,5015,64.97224999475293,0.221,59.828,3.364,0.576,64.014
050150093,5015,72.56679199053906,0.199,64.914,5.592,0.846,71.578
050150108,5015,55.066041997633874,0.201,50.076,3.23,0.615,54.142
050150116,5015,99.37200002605096,0.242,88.583,9.304,0.73,98.882
050150125,5015,53.991458989912644,0.185,49.269,2.989,0.577,53.038
050150129,5015,42.07362499437295,0.131,39.381,1.696,0.437,41.667
050150142,5015,45.85404199315235,0.146,42.93,1.915,0.407,45.418
050150145,5015,52.39716698997654,0.191,48.52,2.608,0.503,51.841
050150159,5015,44.07170898048207,0.162,39.101,1.508,0.425,41.219
050150163,5015,41.1164159886539,0.131,39.022,1.282,0.333,40.786
050150165,5015,45.643750025192276,0.135,42.489,2.035,0.612,45.292
050150170,5015,73.4416670165956,0.186,67.127,5.057,0.664,73.06
050150173,5015,62.30991700431332,0.218,56.479,3.987,0.665,61.37
050150175,5015,41.49104200769216,0.179,38.9,1.119,0.32,40.54
050170001,5017,46.16724999505095,0.156,42.936,2.157,0.523,45.791
050170002,5017,83.52191699668765,0.197,75.136,6.923,0.696,82.974
050170005,5017,50.12320799869485,0.177,46.036,2.432,0.504,49.168
050170051,5017,52.116415987256914,0.187,48.58,2.404,0.49,51.683
050170092,5017,45.63870801939629,0.172,40.348,1.472,0.349,42.359
050170099,5017,69.32583299931139,0.169,64.281,3.881,0.62,68.974
050170100,5017,45.150249992730096,0.211,42.508,1.26,0.319,44.318
050170101,5017,65.34529200871475,0.207,60.114,3.973,0.653,64.967
050170102,5017,63.60720898373984,0.206,57.721,3.99,0.739,62.68
050170113,5017,61.19629100430757,0.202,55.967,3.553,0.537,60.28
050170117,5017,50.45375000918284,0.154,46.393,2.448,0.523,49.591
050170123,5017,36.67104200576432,0.127,34.679,1.131,0.331,36.287
050170129,5017,42.50999999931082,0.128,40.256,1.367,0.359,42.129
050170131,5017,88.64108301349916,0.221,77.9,9.129,0.95,88.223
050170132,5017,84.7524999990128,0.212,74.603,7.901,0.842,83.582
050170136,5017,52.07183299353346,0.175,48.847,2.114,0.43,51.586
050170145,5017,61.000291985692456,0.161,56.199,3.655,0.591,60.625
050170151,5017,65.82370799151249,0.208,60.014,3.993,0.613,64.848
050170154,5017,62.80766599229537,0.203,57.208,3.829,0.599,61.862
050170165,5017,72.00799998827279,0.221,65.132,4.93,0.709,71.013
050290009,5029,53.28100000042468,0.201,48.258,3.211,0.651,52.341
050290028,5029,66.28679201821797,0.238,59.56,5.318,0.764,65.902
050290038,5029,56.56962498323992,0.184,50.912,3.693,0.611,55.422
050290042,5029,50.52625000826083,0.189,46.604,2.329,0.423,49.566
050290060,5029,60.00945798587054,0.158,54.484,4.167,0.71,59.54
050290062,5029,54.05870801769197,0.153,49.108,3.065,0.56,52.905
050290068,5029,59.718667005654424,0.184,55.174,3.45,0.523,59.35
050290079,5029,51.20358298881911,0.166,47.627,2.073,0.423,50.31
050290087,5029,87.22675000899471,0.203,77.526,8.137,0.864,86.754
050290120,5029,46.915957995224744,0.193,42.55,2.684,0.531,45.98
050290126,5029,70.92583301709965,0.197,65.307,4.361,0.622,70.509
050290129,5029,54.60591698647477,0.183,50.145,2.785,0.54,53.675
050290132,5029,68.1431670091115,0.29,60.49,4.16,0.618,65.578
050290136,5029,45.179084001574665,0.146,41.877,2.273,0.533,44.848
050290145,5029,62.518499995348975,0.166,56.491,4.461,0.751,61.897
050290149,5029,50.28075000154786,0.215,47.043,1.758,0.325,49.361
050290156,5029,41.02308300207369,0.158,39.051,1.058,0.274,40.562
050290162,5029,49.88058298476972,0.198,46.593,1.565,0.327,48.703
050290167,5029,61.80308299371973,0.197,56.584,3.961,0.614,61.377
050290174,5029,42.773458000738174,0.178,40.079,1.224,0.343,41.846
050390001,5039,85.53141599986702,0.232,76.155,7.786,0.874,85.071
050390011,5039,71.85366700286977,0.22,65.603,4.418,0.578,70.842
050390020,5039,56.044167024083436,0.177,51.729,2.516,0.472,54.916
050390021,5039,50.443708983948454,0.201,46.799,1.934,0.423,49.376
050390038,5039,83.16629100590944,0.206,75.698,6.005,0.737,82.666
050390040,5039,65.55216701235622,0.166,59.381,4.247,0.654,64.472
050390048,5039,66.15041597979143,0.219,59.817,4.456,0.663,65.175
050390049,5039,54.260625009192154,0.205,49.28,3.163,0.622,53.292
050390057,5039,63.457417010795325,0.184,56.268,3.418,0.518,60.41
050390059,5039,80.43624999118038,0.216,73.705,4.916,0.632,79.49
050390081,5039,51.71166599029675,0.165,48.399,1.898,0.347,50.831
050390084,5039,50.289667007746175,0.159,47.705,1.642,0.362,49.902
050390087,5039,76.0068749950733,0.237,69.5,5.094,0.665,75.518
050390090,5039,54.3908329855185,0.2,49.69,2.98,0.539,53.43
050390092,5039,47.78120797709562,0.191,42.975,1.508,0.342,45.036
050390097,5039,51.34816697682254,0.145,48.306,2.077,0.419,50.966
050390114,5039,51.424083998426795,0.147,48.701,1.797,0.399,51.062
050390129,5039,70.96208399161696,0.183,65.808,4.0,0.542,70.555
050390130,5039,51.51870899135247,0.161,47.881,2.117,0.454,50.633
050390175,5039,60.05116700544022,0.189,55.456,3.45,0.526,59.643
050720001,5072,53.24404200655408,0.196,49.268,2.407,0.443,52.336
050720003,5072,45.41312498622574,0.147,42.442,1.948,0.451,45.011
050720006,5072,95.97708299406804,0.22,86.207,8.128,0.75,95.327
050720017,5072,64.8709160159342,0.216,59.459,3.597,0.619,63.912
050720025,5072,44.57016699598171,0.163,42.067,1.268,0.295,43.814
050720040,5072,52.864833996864036,0.141,49.707,2.122,0.481,52.474
050720045,5072,68.13012500060722,0.17,62.884,3.949,0.705,67.731
050720063,5072,69.68029201379977,0.177,64.159,3.833,0.634,68.825
050720072,5072,68.68179200682789,0.164,63.374,3.509,0.751,67.823
050720076,5072,89.44066701224074,0.209,79.659,7.74,0.892,88.521
050720078,5072,67.84470798447728,0.218,60.804,5.078,0.744,66.866
050720079,5072,66.06129198917188,0.216,59.355,4.794,0.689,65.079
050720102,5072,53.19299999973737,0.19,48.78,2.743,0.534,52.268
050720124,5072,85.21204101270996,0.223,75.395,8.105,0.976,84.723
050720126,5072,51.91124998964369,0.235,48.314,2.1,0.451,51.126
050720136,5072,45.00983402249403,0.15,42.452,1.644,0.352,44.618
050720138,5072,51.95783299859613,0.183,48.185,2.596,0.554,51.539
050720150,5072,59.089791000587866,0.16,54.992,2.952,0.558,58.684
050720158,5072,73.02808298845775,0.222,65.92,5.151,0.769,72.084
050720175,5072,87.93945799698122,0.266,79.213,6.497,0.842,86.846
052200004,5220,84.21429200097919,0.187,77.199,5.48,0.944,83.841
052200008,5220,67.04137500491925,0.192,62.674,3.184,0.572,66.645
052200020,5220,76.5231249970384,0.233,69.501,5.07,0.695,75.528
052200044,5220,82.80670800013468,0.252,74.688,6.049,0.706,81.721
052200050,5220,109.4019589945674,0.278,97.405,9.833,0.828,108.368
052200064,5220,45.93029199168086,0.151,42.848,1.424,0.334,44.781
052200066,5220,42.720750003354624,0.146,40.069,1.66,0.43,42.327
052200076,5220,61.67816699598916,0.165,57.891,2.656,0.407,61.139
052200089,5220,43.465583003126085,0.18,40.65,1.329,0.34,42.521
052200092,5220,58.46358300186694,0.189,54.888,2.518,0.422,58.036
052200094,5220,45.80116699798964,0.189,42.611,1.639,0.415,44.873
052200095,5220,54.04062499292195,0.151,50.324,2.643,0.5,53.637
052200101,5220,65.92358398484066,0.194,60.962,2.894,0.465,64.536
052200110,5220,60.035458009224385,0.21,54.913,3.338,0.566,59.049
052200142,5220,93.76620798138902,0.264,83.974,7.682,0.768,92.713
052200150,5220,86.00529201794416,0.24,78.251,5.779,0.749,85.041
052200152,5220,87.62595799635164,0.225,79.37,5.919,0.786,86.33
052200155,5220,67.43112500407733,0.231,61.072,4.474,0.701,66.503
052200162,5220,54.29783300496638,0.198,49.723,2.921,0.508,53.374
052200168,5220,73.99537498713471,0.209,65.67,4.475,0.623,70.997
054060017,5406,53.59549997956492,0.154,50.247,2.427,0.393,53.243
054060036,5406,94.88945800694637,0.257,83.311,9.007,0.94,93.537
054060044,5406,76.85783397755586,0.216,69.761,5.219,0.642,75.863
054060049,5406,50.91695798910223,0.187,47.38,1.988,0.36,49.937
054060064,5406,85.11241700034589,0.214,77.636,5.91,0.793,84.582
054060076,5406,90.82654098165222,0.229,81.898,6.783,0.835,89.772
054060077,5406,53.524832997936755,0.173,49.593,2.094,0.484,52.371
054060091,5406,54.4647500209976,0.193,50.78,2.547,0.477,54.017
054060099,5406,84.93133299634792,0.243,74.482,7.814,1.038,83.604
054060104,5406,65.81754100625403,0.184,60.73,3.22,0.498,64.656
054060113,5406,51.20787498890422,0.183,48.211,1.429,0.381,50.226
054060116,5406,51.96154199074954,0.202,48.55,2.307,0.448,51.527
054060119,5406,52.24716599332169,0.178,47.86,1.695,0.38,50.133
054060126,5406,75.2954579947982,0.201,68.64,5.3,0.638,74.798
054060139,5406,87.64545898884535,0.229,78.197,7.422,0.797,86.665
054060147,5406,79.35616601025686,0.225,70.317,6.87,0.904,78.341
054060149,5406,85.68204200128093,0.252,76.255,7.387,0.839,84.757
054060153,5406,52.71249997895211,0.184,48.717,2.312,0.493,51.727
054060172,5406,58.3059589844197,0.187,54.57,2.61,0.468,57.857
054060173,5406,84.76866598357446,0.24,76.2,6.519,0.822,83.806
054280012,5428,62.68262499361299,0.205,58.238,3.196,0.572,62.239
054280018,5428,46.254999993834645,0.24,43.327,1.5,0.282,45.371
054280021,5428,45.26137499487959,0.184,42.295,1.326,0.293,44.121
054280023,5428,63.6926669976674,0.185,58.414,3.976,0.687,63.286
054280024,5428,53.277541999705136,0.208,48.731,2.849,0.526,52.336
054280030,5428,52.01741700875573,0.185,48.575,2.357,0.465,51.602
054280040,5428,84.735875017941,0.232,76.346,6.905,0.773,84.279
054280042,5428,71.44537498243153,0.183,65.466,4.058,0.567,70.294
054280049,5428,59.98987500788644,0.209,55.782,2.668,0.409,59.089
054280053,5428,53.35870900307782,0.197,49.481,2.254,0.455,52.409
054280057,5428,86.35891697485931,0.231,77.922,6.83,0.685,85.692
054280062,5428,106.95979101001285,0.273,94.347,10.428,0.882,105.956
054280078,5428,61.75170899950899,0.214,56.101,3.806,0.634,60.777
054280109,5428,61.96116600767709,0.202,56.86,3.395,0.552,61.03
054280118,5428,66.7142909951508,0.216,60.154,4.729,0.651,65.771
054280125,5428,44.59745899657719,0.182,41.875,1.278,0.27,43.626
054280128,5428,53.93154200282879,0.152,50.226,2.625,0.53,53.559
054280146,5428,52.589750004699454,0.197,47.849,1.503,0.283,49.852
054280148,5428,55.116458010161296,0.186,51.018,2.91,0.541,54.677
054280175,5428,52.15354199754074,0.157,48.527,2.161,0.399,51.265
054320015,5432,50.50116599886678,0.148,47.759,1.791,0.383,50.102
054320019,5432,59.444958984386176,0.182,56.14,2.097,0.573,59.016
054320020,5432,66.76762501592748,0.165,61.973,3.182,0.585,65.926
054320024,5432,94.32195799308829,0.212,84.267,8.004,0.933,93.439
054320037,5432,79.19925000169314,0.186,73.281,4.149,0.672,78.311
054320041,5432,55.56091698235832,0.202,50.472,3.348,0.559,54.604
054320058,5432,65.38091698894277,0.192,58.364,4.437,0.682,63.696
054320061,5432,80.84941600100137,0.234,73.9,5.06,0.626,79.842
054320067,5432,52.29783299728297,0.169,48.77,2.038,0.39,51.387
054320073,5432,50.711375020910054,0.146,48.149,1.675,0.313,50.303
054320076,5432,60.06333400728181,0.164,56.054,2.989,0.497,59.724
054320080,5432,64.38283302122727,0.218,58.258,4.364,0.636,63.501
054320092,5432,54.924125026445836,0.198,50.793,2.516,0.496,54.025
054320099,5432,90.65333398757502,0.238,78.303,8.868,0.857,88.291
054320100,5432,67.264166980749,0.218,60.547,4.784,0.724,66.296
054320118,5432,83.55412498349324,0.235,74.083,7.455,0.752,82.547
054320129,5432,105.72158300783485,0.28,93.969,9.706,0.764,104.741
054320136,5432,63.27712500933558,0.207,57.85,3.669,0.589,62.336
054320140,5432,72.19991600140929,0.218,65.885,4.505,0.597,71.222
054320149,5432,83.18195899482816,0.223,73.983,7.019,0.974,82.229
055470005,5547,70.8242499968037,0.183,65.695,3.906,0.491,70.302
055470009,5547,44.97920800349675,0.171,42.34,1.349,0.319,44.2
055470040,5547,176.57583398977295,0.324,158.996,15.948,0.8,176.091
055470046,5547,103.47083298256621,0.262,93.786,7.877,0.595,102.543
055470047,5547,82.67725000041537,0.243,75.324,5.386,0.728,81.706
055470080,5547,91.46320799482055,0.264,81.659,7.725,0.781,90.456
055470082,5547,120.7065420167055,0.288,109.894,8.434,1.022,119.668
055470088,5547,138.17229197593406,0.299,127.832,8.763,0.77,137.698
055470104,5547,159.36904100817628,0.451,144.004,12.985,0.847,158.317
055470105,5547,63.36570897838101,0.209,58.595,3.103,0.521,62.449
055470120,5547,112.75525001110509,0.289,103.22,7.582,0.646,111.759
055470122,5547,127.12220899993554,0.294,116.946,8.149,0.685,126.102
055470126,5547,85.94145899405703,0.217,79.169,5.459,0.607,85.477
055470129,5547,59.89416700322181,0.207,55.555,2.688,0.468,58.95
055470131,5547,56.35566698038019,0.179,51.991,2.192,0.489,54.872
055470141,5547,120.83916601841338,0.301,110.275,8.542,0.688,119.829
055470152,5547,179.87408401677385,0.373,166.381,11.409,0.646,178.836
055470170,5547,82.91991698206402,0.256,77.17,4.036,0.434,81.921
055470172,5547,83.0627910036128,0.312,77.232,3.998,0.465,82.038
055470175,5547,50.478207995183766,0.248,46.683,2.068,0.498,49.521
060670002,6067,65.69783398299478,0.199,59.353,4.891,0.768,65.232
060670003,6067,68.6857079854235,0.205,61.564,4.914,0.755,67.464
060670017,6067,83.26970899361186,0.226,74.591,7.038,0.887,82.765
060670029,6067,64.58795801154338,0.177,58.844,3.738,0.61,63.392
060670035,6067,87.43504201993346,0.223,78.786,6.502,0.974,86.512
060670036,6067,54.95262501062825,0.208,50.557,2.673,0.514,53.976
060670038,6067,81.00254100281745,0.225,72.974,4.602,0.815,78.642
060670041,6067,51.01362499408424,0.192,47.182,2.189,0.489,50.072
060670044,6067,75.46200000797398,0.212,67.892,6.097,0.782,75.005
060670049,6067,64.69450000440702,0.213,59.082,3.742,0.676,63.739
060670060,6067,67.76183299371041,0.208,61.06,4.808,0.735,66.836
060670062,6067,53.43312499462627,0.2,49.264,2.476,0.491,52.452
060670072,6067,68.35220800712705,0.173,63.088,3.853,0.711,67.846
060670075,6067,58.134458027780056,0.195,52.566,3.788,0.676,57.251
060670080,6067,82.98016700427979,0.244,74.266,6.501,0.991,82.037
060670094,6067,95.12429201276973,0.247,86.21,7.063,1.082,94.631
060670111,6067,88.42591600841843,0.198,81.503,4.857,0.94,87.528
060670140,6067,62.90974997682497,0.17,58.936,2.679,0.626,62.439
060670144,6067,76.53241598745808,0.188,69.471,4.659,1.279,75.629
060670149,6067,53.816291998373345,0.154,50.927,1.424,0.436,52.963
060990011,6099,47.71645800792612,0.147,45.067,1.621,0.353,47.21
060990014,6099,74.14616600726731,0.194,69.215,3.658,0.61,73.704
060990023,6099,53.7289580097422,0.188,50.107,2.423,0.539,53.283
060990029,6099,90.56891698855907,0.242,80.828,7.432,1.012,89.539
060990030,6099,68.75612499425188,0.178,63.604,3.133,0.62,67.559
060990034,6099,92.58245801902376,0.208,84.943,5.75,0.77,91.696
060990035,6099,59.60079201031476,0.161,55.588,2.453,0.483,58.713
060990039,6099,53.92099998425692,0.186,50.031,2.239,0.568,53.069
060990059,6099,85.00500000081956,0.211,75.544,7.834,0.819,84.434
060990078,6099,66.41083298018202,0.204,60.223,4.448,0.608,65.504
060990083,6099,64.29637499968521,0.198,58.762,3.751,0.628,63.362
060990089,6099,53.02479202509858,0.196,48.874,2.478,0.489,52.06
060990093,6099,63.129000016488135,0.199,58.669,3.26,0.526,62.679
060990117,6099,75.60579202254303,0.238,68.386,5.388,0.681,74.72
060990121,6099,75.33829202293418,0.243,68.321,5.051,0.686,74.327
060990124,6099,61.362250009551644,0.186,56.723,3.053,0.489,60.476
060990129,6099,70.29354199767113,0.199,64.023,4.522,0.664,69.429
060990155,6099,84.78637499501929,0.225,77.869,5.105,0.552,83.774
060990168,6099,65.15862498781644,0.216,59.596,3.812,0.548,64.193
060990175,6099,78.03462501033209,0.24,70.769,5.348,0.736,77.114
069020006,6902,96.23708401340991,0.235,87.703,6.699,0.578,95.236
069020020,6902,101.65612501441501,0.263,93.135,6.752,0.493,100.665
069020024,6902,85.89816701714881,0.227,78.919,5.293,0.547,85.011
069020037,6902,80.2975420083385,0.256,74.219,4.293,0.52,79.313
069020044,6902,131.52341698878445,0.341,117.441,11.966,0.8,130.573
069020048,6902,73.36287500220351,0.233,68.406,3.341,0.383,72.383
069020059,6902,70.2667500008829,0.256,64.905,3.821,0.432,69.434
069020065,6902,87.10808301111683,0.25,78.875,6.335,0.585,86.067
069020075,6902,64.85554101527669,0.212,59.826,3.433,0.442,63.936
069020090,6902,119.45370800094679,0.273,106.019,11.288,0.838,118.449
069020091,6902,121.16633300320245,0.298,111.006,8.666,0.651,120.648
069020096,6902,115.31758299679495,0.275,102.546,10.754,0.81,114.408
069020103,6902,96.58420900814235,0.254,87.916,6.812,0.573,95.579
069020114,6902,106.56720798579045,0.277,96.456,8.206,0.6,105.57
069020123,6902,77.64775000396185,0.219,73.347,2.723,0.382,76.691
069020143,6902,82.31941601843573,0.238,76.189,4.459,0.45,81.357
069020155,6902,100.09566700318828,0.262,92.188,6.109,0.545,99.132
069020163,6902,80.69112498196773,0.234,74.719,4.204,0.447,79.627
069020168,6902,88.4313750138972,0.227,81.495,5.308,0.477,87.526
069020175,6902,103.08783300570212,0.29,96.203,5.089,0.442,102.044
080630011,8063,61.11837498610839,0.172,55.786,3.671,0.6,60.25
080630014,8063,52.07775000599213,0.192,47.844,2.621,0.468,51.148
080630019,8063,45.018082979368046,0.143,41.965,1.861,0.42,44.416
080630030,8063,51.038334000622854,0.15,47.72,2.277,0.496,50.664
080630038,8063,55.47416600165889,0.169,50.985,3.314,0.6,55.088
080630044,8063,52.559624979039654,0.151,48.651,2.768,0.525,52.116
080630053,8063,82.03133300412446,0.219,73.933,6.546,0.86,81.581
080630062,8063,153.9807500084862,0.203,148.463,3.59,0.753,153.038
080630086,8063,98.69724998134188,0.203,91.566,5.505,0.933,98.24
080630090,8063,92.4106249876786,0.245,81.123,9.119,0.979,91.5
080630091,8063,75.11766700190492,0.216,68.208,5.011,0.695,74.154
080630093,8063,64.93195801158436,0.272,59.507,3.645,0.616,64.06
080630094,8063,60.92879202333279,0.188,55.724,3.449,0.613,59.998
080630123,8063,53.22716699447483,0.206,49.164,2.358,0.531,52.283
080630125,8063,71.50216700392775,0.217,65.194,4.851,0.681,70.966
080630140,8063,56.51545801083557,0.204,52.027,2.873,0.513,55.638
080630147,8063,79.35437498963438,0.219,72.457,4.905,0.768,78.382
080630152,8063,54.17079199105501,0.195,49.759,2.824,0.498,53.298
080630155,8063,67.65666700084694,0.205,59.738,3.958,0.588,64.516
080630170,8063,72.69475000794046,0.208,65.925,4.815,0.717,71.692
080680011,8068,80.99070799653418,0.236,74.135,5.054,0.582,80.032
080680020,8068,53.552750003291294,0.196,49.527,2.438,0.473,52.654
080680029,8068,84.63825000217184,0.231,76.072,7.025,0.799,84.151
080680031,8068,83.75074999639764,0.285,74.706,6.99,0.807,82.81
080680056,8068,52.6290409907233,0.237,48.254,2.69,0.57,51.773
080680060,8068,55.81904199789278,0.191,51.204,3.385,0.556,55.361
080680066,8068,60.29166700318456,0.221,54.822,3.691,0.641,59.398
080680069,8068,90.92683397466317,0.243,81.067,8.283,0.844,90.465
080680084,8068,60.04937499528751,0.175,55.739,3.192,0.582,59.711
080680090,8068,56.41874999855645,0.148,52.86,2.116,0.445,55.591
080680095,8068,78.28008400974795,0.19,71.415,5.003,0.762,77.392
080680106,8068,59.48754199198447,0.187,55.376,2.481,0.564,58.632
080680108,8068,103.10208299779333,0.23,91.255,9.59,1.095,102.198
080680129,8068,75.36950000212528,0.239,67.07,6.285,0.812,74.431
080680133,8068,84.17195800575428,0.262,74.733,7.361,0.903,83.282
080680151,8068,55.546624993439764,0.18,50.686,3.145,0.6,54.63
080680153,8068,73.90670798486099,0.202,65.896,5.328,0.715,72.161
080680170,8068,72.98079199972562,0.21,65.374,5.588,0.795,71.99
080680173,8068,53.435750014614314,0.195,49.341,2.499,0.473,52.527
080680174,8068,50.57687501539476,0.174,47.863,1.723,0.349,50.129
081530002,8153,50.497832999099046,0.152,47.227,2.127,0.518,50.045
081530014,8153,85.94354201341048,0.22,75.421,8.791,1.019,85.473
081530016,8153,60.170540993567556,0.161,55.449,3.453,0.626,59.709
081530018,8153,45.48570801853202,0.187,42.234,1.762,0.391,44.592
081530023,8153,56.45662499591708,0.158,51.33,3.899,0.668,56.074
081530038,8153,57.73629198665731,0.18,51.131,4.885,0.779,57.002
081530065,8153,61.64404199807905,0.217,56.042,3.749,0.637,60.673
081530073,8153,64.65045802178793,0.222,58.034,4.664,0.77,63.711
081530085,8153,53.03475001710467,0.199,48.486,2.871,0.525,52.103
081530088,8153,50.394332996802405,0.168,46.759,2.475,0.507,49.929
081530096,8153,55.05508399801329,0.168,50.753,3.237,0.529,54.707
081530100,8153,72.82133400440216,0.21,65.29,5.545,0.838,71.905
081530107,8153,54.6565419936087,0.181,49.805,3.142,0.611,53.764
081530109,8153,62.56333299097605,0.192,54.795,4.198,0.691,59.898
081530125,8153,45.986207987880334,0.23,42.769,1.709,0.413,45.142
081530139,8153,45.99795801914297,0.142,42.911,2.054,0.485,45.613
081530146,8153,59.67733301804401,0.159,55.14,3.386,0.572,59.289
081530165,8153,46.75416700774804,0.191,42.777,2.29,0.509,45.787
081530167,8153,56.805542000802234,0.183,50.897,4.413,0.755,56.272
081530170,8153,56.23108398867771,0.217,51.014,3.462,0.585,55.298
085810002,8581,65.40950000635348,0.197,60.061,4.05,0.574,64.906
085810012,8581,51.446332974592224,0.194,47.573,2.246,0.458,50.489
085810018,8581,72.44975000503473,0.21,66.069,4.986,0.69,71.975
085810038,8581,91.36966601363383,0.243,80.146,8.915,0.981,90.309
085810040,8581,77.11049998761155,0.287,69.176,6.412,0.751,76.648
085810043,8581,55.14033301733434,0.18,50.484,3.159,0.544,54.39
085810048,8581,77.86224997835234,0.217,68.974,5.738,0.798,75.749
085810056,8581,46.22887499863282,0.169,43.35,1.85,0.402,45.792
085810078,8581,82.24324998445809,0.21,74.838,6.024,0.716,81.809
085810084,8581,72.51937501132488,0.216,65.845,4.799,0.622,71.501
085810086,8581,52.92566597927362,0.194,49.317,2.068,0.409,52.01
085810112,8581,77.9153750045225,0.221,69.14,7.101,1.02,77.506
085810116,8581,67.32537498464808,0.184,60.433,5.057,0.73,66.428
085810119,8581,66.67850000667386,0.191,60.057,4.735,0.683,65.689
085810120,8581,66.49533397285268,0.215,59.69,4.702,0.9,65.533
085810121,8581,74.92425001692027,0.198,67.781,5.379,0.716,74.096
085810152,8581,58.835792005993426,0.212,54.305,2.902,0.511,57.953
085810159,8581,76.37204197817482,0.181,69.619,5.002,0.77,75.593
085810163,8581,52.050583995878696,0.19,48.078,2.371,0.46,51.122
085810167,8581,54.67266699997708,0.162,50.305,3.22,0.559,54.264
085840013,8584,73.54366697836667,0.21,64.939,5.177,0.756,71.105
085840020,8584,72.75670897797681,0.227,64.933,5.743,0.824,71.748
085840022,8584,66.02649998967536,0.214,60.729,3.634,0.544,65.144
085840036,8584,54.86199998995289,0.178,50.238,3.046,0.547,54.029
085840040,8584,55.03791701630689,0.177,49.756,2.296,0.458,52.709
085840059,8584,73.13979201717302,0.226,65.682,5.948,0.733,72.61
085840072,8584,55.57429100736044,0.198,49.777,3.421,0.673,54.094
085840075,8584,62.4788340064697,0.188,55.672,4.28,0.736,60.903
085840077,8584,70.9664580062963,0.194,65.28,4.076,0.471,70.044
085840086,8584,46.9505829969421,0.18,42.97,2.355,0.542,46.066
085840089,8584,61.82733300374821,0.156,56.678,3.979,0.61,61.448
085840092,8584,59.855790983419865,0.21,54.954,3.054,0.609,58.851
085840099,8584,65.96087501384318,0.175,60.564,3.748,0.561,65.067
085840115,8584,65.28533299569972,0.22,58.602,4.725,0.772,64.34
085840117,8584,52.9984169988893,0.195,49.447,2.011,0.385,52.059
085840123,8584,75.59475000016391,0.189,67.268,6.529,1.016,75.026
085840141,8584,55.32391698216088,0.197,50.622,2.979,0.54,54.356
085840147,8584,75.39924999582581,0.208,67.4,5.2,0.654,73.485
085840157,8584,71.5918329951819,0.204,64.257,5.442,0.731,70.654
085840167,8584,96.31395799806342,0.269,83.32,10.698,0.99,95.299
090880018,9088,45.62887499923818,0.237,42.114,1.941,0.42,44.733
090880060,9088,44.53929199371487,0.132,41.852,1.722,0.439,44.164
090880064,9088,54.3198749946896,0.173,49.146,3.266,0.67,53.274
090880065,9088,82.24229200277478,0.228,73.787,6.526,0.721,81.285
090880086,9088,52.12945901439525,0.169,47.827,2.682,0.558,51.258
090880090,9088,75.10020802146755,0.194,66.851,6.558,0.877,74.501
090880093,9088,59.23470898414962,0.215,53.905,3.476,0.653,58.276
090880095,9088,110.60279200319201,0.228,94.796,13.305,1.288,109.642
090880100,9088,79.11804199102335,0.182,71.902,5.192,0.701,77.999
090880120,9088,70.65891701495275,0.167,64.649,4.23,0.7,69.769
090880126,9088,51.89574998803437,0.204,48.036,2.14,0.588,50.995
090880130,9088,60.43983300332911,0.169,55.825,3.342,0.662,60.02
090880132,9088,46.394749981118366,0.191,42.83,1.928,0.481,45.453
090880140,9088,46.617957996204495,0.19,42.61,2.361,0.556,45.737
090880142,9088,76.3234170153737,0.273,67.523,7.153,0.921,75.893
090880145,9088,50.75708299409598,0.191,46.84,2.357,0.421,49.83
090880147,9088,46.45870899548754,0.169,43.163,2.181,0.487,46.026
090880154,9088,59.865916991839185,0.184,55.083,3.48,0.607,59.374
090880157,9088,73.6550829897169,0.235,65.344,6.147,0.961,72.71
090880163,9088,84.14245801395737,0.25,74.544,7.459,0.842,83.116
091010017,9101,92.65820900327526,0.324,83.093,7.556,0.714,91.712
091010032,9101,65.55970798945054,0.201,59.489,4.241,0.672,64.624
091010049,9101,67.5017919857055,0.286,60.731,4.772,0.727,66.537
091010050,9101,82.22570799989626,0.234,73.211,6.967,0.812,81.245
091010055,9101,65.55662499158643,0.255,58.404,3.377,0.49,62.546
091010063,9101,70.68620799691416,0.203,64.129,4.473,0.634,69.459
091010070,9101,51.47716699866578,0.183,47.906,2.074,0.432,50.616
091010072,9101,66.31854199804366,0.191,60.812,4.06,0.743,65.828
091010082,9101,45.042999990982935,0.145,42.205,1.462,0.321,44.154
091010100,9101,81.85808401321992,0.193,73.666,6.61,0.814,81.308
091010107,9101,73.89337499625981,0.201,66.175,5.694,0.881,72.975
091010109,9101,90.33162501873448,0.248,79.379,8.778,0.897,89.322
091010123,9101,63.99787499685772,0.199,58.782,3.483,0.61,63.094
091010127,9101,67.7200409991201,0.211,60.854,4.881,0.801,66.768
091010133,9101,55.647750006755814,0.189,51.177,2.831,0.531,54.748
091010138,9101,80.02591598778963,0.232,71.31,6.18,0.752,78.492
091010139,9101,64.10300001152791,0.186,59.209,3.644,0.575,63.644
091010142,9101,64.50045900419354,0.218,59.373,3.339,0.553,63.508
091010149,9101,88.35095900576562,0.22,78.877,7.393,0.847,87.363
091010151,9101,71.98649999918416,0.183,65.235,4.939,0.75,71.131
091070001,9107,44.04941599932499,0.163,40.178,2.181,0.51,43.058
091070033,9107,51.649542001541704,0.16,47.952,2.605,0.519,51.259
091070038,9107,67.47262499993667,0.207,60.714,5.248,0.844,67.037
091070040,9107,73.72241700068116,0.205,65.197,6.488,0.879,72.792
091070049,9107,56.17345799691975,0.206,51.213,3.249,0.546,55.236
091070056,9107,54.97658299282193,0.183,49.883,3.287,0.513,53.888
091070061,9107,53.52845799643546,0.175,47.463,2.617,0.522,50.799
091070065,9107,53.094625007361174,0.238,48.515,3.234,0.679,52.691
091070074,9107,76.25537499552593,0.197,67.919,6.707,0.962,75.81
091070089,9107,55.91537500731647,0.246,50.122,3.546,0.575,54.509
091070108,9107,62.15433398028836,0.208,54.917,4.759,0.818,60.724
091070135,9107,46.40016698976979,0.194,42.86,1.946,0.454,45.474
091070138,9107,52.84045799635351,0.173,49.0,2.311,0.395,51.905
091070140,9107,64.27087500924245,0.21,56.382,4.736,0.852,62.206
091070142,9107,77.31700001750141,0.227,67.336,7.804,0.947,76.339
091070143,9107,46.7908339924179,0.157,42.861,2.358,0.504,45.9
091070162,9107,54.395916988141835,0.173,49.534,3.564,0.643,53.937
091070163,9107,46.20154100120999,0.157,42.454,2.148,0.485,45.265
091070174,9107,69.51229099649936,0.181,62.279,5.0,0.883,68.366
091070175,9107,54.171416006283835,0.178,49.632,2.846,0.571,53.249
091180015,9118,67.66204201267101,0.204,59.145,4.567,0.648,64.589
091180025,9118,62.46695798472501,0.241,56.285,4.252,0.73,61.532
091180035,9118,84.12216597935185,0.236,74.509,7.586,0.752,83.104
091180042,9118,54.832875001011416,0.194,49.654,3.374,0.665,53.911
091180044,9118,69.28749999497086,0.196,60.367,5.573,0.803,66.961
091180050,9118,62.244834000011906,0.196,56.492,3.9,0.685,61.294
091180056,9118,62.188042007619515,0.182,55.557,4.755,0.785,61.302
091180064,9118,42.56699999677949,0.149,39.956,1.512,0.429,42.066
091180075,9118,74.67950001591817,0.206,67.163,5.971,0.867,74.229
091180078,9118,83.59308398212306,0.304,74.189,7.263,0.828,82.605
091180088,9118,73.77183300559409,0.222,65.975,5.771,0.798,72.786
091180091,9118,67.43945798370987,0.195,59.855,5.441,0.785,66.299
091180101,9118,53.648541012080386,0.196,49.051,2.886,0.562,52.717
091180110,9118,45.073250017594546,0.15,42.162,1.876,0.442,44.654
091180133,9118,64.09079197328538,0.191,58.37,4.349,0.664,63.594
091180151,9118,54.94966701371595,0.192,50.415,2.88,0.488,53.999
091180157,9118,63.58141600503586,0.184,56.052,4.258,0.728,61.247
091180159,9118,53.53145799017511,0.199,48.814,2.995,0.564,52.594
091180161,9118,75.73508299537934,0.207,67.788,6.425,0.821,75.263
091180163,9118,61.239915987243876,0.206,55.202,4.175,0.691,60.294
095530005,9553,75.84408298134804,0.225,68.542,5.394,0.715,74.899
095530010,9553,65.413250005804,0.216,60.132,3.581,0.512,64.46
095530011,9553,55.21412499365397,0.179,51.021,2.61,0.449,54.278
095530016,9553,53.1300000147894,0.151,48.463,2.12,0.412,51.165
095530028,9553,87.00487500755116,0.232,77.785,6.834,0.942,85.815
095530041,9553,79.99058300629258,0.177,73.558,4.66,0.726,79.146
095530049,9553,82.2846670052968,0.19,74.535,5.847,0.801,81.398
095530059,9553,64.6234170126263,0.166,60.386,2.686,0.536,63.797
095530066,9553,99.16237500146963,0.263,86.798,10.042,0.978,98.107
095530082,9553,83.03454198176041,0.207,73.391,7.182,1.025,81.831
095530083,9553,62.57187499431893,0.211,57.725,3.185,0.47,61.614
095530085,9553,66.90145799075253,0.195,60.688,4.374,0.679,65.96
095530116,9553,74.26054199459031,0.207,66.791,5.441,0.792,73.254
095530118,9553,59.995667019393295,0.201,55.145,3.284,0.506,59.159
095530129,9553,74.71141699352302,0.206,67.036,5.624,0.828,73.715
095530144,9553,72.50116701470688,0.288,65.706,4.985,0.624,71.626
095530152,9553,53.276666993042454,0.21,49.156,2.498,0.487,52.371
095530154,9553,53.60512502375059,0.182,49.652,2.776,0.54,53.171
095530161,9553,57.64837499009445,0.207,51.178,3.376,0.597,55.377
095530173,9553,53.44912500004284,0.192,49.001,2.732,0.539,52.483
095550027,9555,72.31358301942237,0.211,66.249,4.753,0.619,71.852
095550043,9555,61.35504200938158,0.185,56.298,3.406,0.48,60.395
095550044,9555,87.09933399222791,0.243,78.598,6.157,0.804,85.823
095550046,9555,65.06533300853334,0.211,59.623,3.768,0.516,64.139
095550051,9555,84.48887499980628,0.234,76.826,5.797,0.677,83.559
095550053,9555,111.39654199359939,0.294,98.913,10.264,0.836,110.33
095550073,9555,95.26516700861976,0.248,85.549,7.76,0.684,94.262
095550075,9555,82.25729200057685,0.233,74.703,5.624,0.682,81.262
095550081,9555,59.82187500922009,0.198,56.204,2.134,0.348,58.909
095550082,9555,84.61204200284556,0.221,76.26,6.327,0.738,83.571
095550092,9555,84.1279579908587,0.24,74.757,7.314,0.794,83.128
095550100,9555,89.12449999479577,0.265,79.792,7.746,0.813,88.639
095550107,9555,45.87812497629784,0.163,42.455,1.683,0.411,44.731
095550116,9555,60.20900001749396,0.185,54.939,3.936,0.69,59.77
095550126,9555,55.4105420014821,0.202,50.871,2.831,0.511,54.433
095550134,9555,57.3554580041673,0.168,51.883,2.963,0.505,55.539
095550143,9555,82.63987500686198,0.22,74.478,6.161,0.744,81.622
095550146,9555,62.95899997348897,0.188,57.653,3.52,0.627,62.014
095550148,9555,53.99337501148693,0.204,49.753,2.603,0.487,53.068
095550173,9555,101.30474998732097,0.254,89.942,9.676,0.892,100.788
095580008,9558,73.90112499706447,0.228,66.7,5.31,0.659,72.92
095580012,9558,84.85149999614805,0.224,75.125,7.438,0.792,83.603
095580016,9558,81.83804200962186,0.215,73.819,6.062,0.752,80.871
095580039,9558,67.06112500978634,0.22,60.431,4.775,0.677,66.127
095580045,9558,86.95945801446214,0.226,76.103,8.362,1.02,85.735
095580056,9558,70.9997090161778,0.184,65.057,4.29,0.522,70.079
095580067,9558,62.925250007538125,0.212,57.766,3.377,0.609,61.986
095580071,9558,95.88295899447985,0.255,82.635,10.922,1.048,94.883
095580078,9558,70.11724999756552,0.217,64.527,3.727,0.635,69.129
095580088,9558,95.79037499497645,0.263,83.654,9.95,0.922,94.81
095580097,9558,91.13770900876261,0.255,81.644,7.588,0.651,90.161
095580099,9558,81.88166699255817,0.225,75.211,4.819,0.61,80.888
095580101,9558,86.15312501206063,0.288,75.811,8.19,0.916,85.228
095580102,9558,73.09845901909284,0.208,66.218,4.765,0.637,71.85
095580116,9558,91.18366698385216,0.248,82.663,6.636,0.65,90.218
095580128,9558,60.49133400665596,0.181,55.566,3.393,0.494,59.655
095580133,9558,76.00649999221787,0.192,68.238,5.884,0.693,75.028
095580157,9558,75.19262499408796,0.228,67.735,5.554,0.707,74.249
095580166,9558,93.73720799339935,0.269,82.36,9.205,0.894,92.754
095580173,9558,54.031541978474706,0.167,49.916,3.016,0.551,53.67
096010001,9601,116.94195799645968,0.279,106.827,8.775,0.55,116.455
096010002,9601,97.42929198546335,0.275,86.688,8.721,0.751,96.459
096010004,9601,127.93999997666106,0.299,115.546,10.351,0.719,126.938
096010005,9601,81.67183300247416,0.243,74.382,5.503,0.603,80.754
096010006,9601,129.63125001988374,0.272,117.709,10.281,0.712,128.995
096010007,9601,65.47204099479131,0.213,60.578,3.118,0.56,64.496
096010008,9601,132.15183300781064,0.285,118.513,11.548,0.779,131.153
096010009,9601,167.66816700692289,0.347,148.637,16.637,0.971,166.631
096010010,9601,131.3666249916423,0.265,118.071,10.928,0.885,130.176
096010011,9601,79.90533299744129,0.187,73.16,5.327,0.733,79.43
096010012,9601,122.07416698220186,0.272,108.418,11.993,0.839,121.55
096010013,9601,132.19108400517143,0.32,117.954,12.545,0.762,131.605
096010015,9601,86.83037501759827,0.242,78.654,6.259,0.708,85.884
096010016,9601,72.95729199540801,0.195,65.859,5.359,0.628,72.069
096010018,9601,95.75483400840312,0.237,88.525,5.862,0.563,95.212
096010019,9601,112.0222500176169,0.271,99.916,9.99,0.831,111.031
096010020,9601,153.3257919945754,0.317,134.877,16.537,0.981,152.738
096010021,9601,109.96558298938908,0.25,99.126,8.576,0.694,108.667
096010022,9601,100.39154201513156,0.255,91.454,7.163,0.556,99.45
096010023,9601,100.55900001316331,0.27,90.742,7.784,0.716,99.537
096080003,9608,117.78041700017639,0.29,105.913,9.732,0.691,116.649
096080005,9608,104.38958299346268,0.287,93.333,9.08,0.674,103.4
096080006,9608,140.59783398988657,0.313,123.177,15.117,0.93,139.564
096080007,9608,124.8822920024395,0.305,112.132,10.912,0.979,124.36
096080008,9608,116.49933300213888,0.29,106.57,7.683,0.654,115.224
096080009,9608,80.29829201404937,0.319,73.896,4.793,0.698,79.735
096080010,9608,88.54241701192223,0.243,81.878,4.87,0.546,87.563
096080012,9608,96.97933300049044,0.252,87.393,7.391,0.701,95.76
096080013,9608,131.4853329968173,0.306,116.556,12.591,0.87,130.352
096080014,9608,82.52291701501235,0.272,75.144,5.477,0.625,81.555
096080015,9608,108.26979199191555,0.266,98.283,7.961,0.654,107.188
096080017,9608,89.24887498142198,0.264,81.107,6.262,0.608,88.264
096080018,9608,102.64075000304729,0.263,90.776,9.783,0.792,101.648
096080021,9608,135.0635830021929,0.303,118.707,14.024,0.983,134.04
096080022,9608,151.5698749863077,0.335,133.843,15.445,0.932,150.578
096080023,9608,99.2825000139419,0.286,88.106,9.028,0.79,98.238
096080024,9608,116.16779101314023,0.286,100.924,12.695,0.988,114.92
096080025,9608,99.9576670001261,0.27,90.734,7.187,0.656,98.873
096080026,9608,123.06170901865698,0.281,110.638,10.768,0.788,122.497
096080027,9608,124.75925000035204,0.296,109.764,12.741,0.87,123.7
096100001,9610,169.08262501237914,0.355,150.104,16.621,0.938,168.043
096100002,9610,121.58391697448678,0.319,109.36,9.718,0.759,120.181
096100003,9610,130.16633299412206,0.29,115.29,12.629,0.906,129.14
096100004,9610,114.29316698922776,0.282,103.069,9.2,0.627,113.2
096100005,9610,112.30729200178757,0.297,102.111,8.233,0.631,111.298
096100006,9610,96.64645799784921,0.274,87.745,6.977,0.597,95.616
096100007,9610,121.53774997568689,0.292,108.855,10.546,0.785,120.5
096100008,9610,90.58158300467767,0.247,83.303,5.482,0.593,89.651
096100009,9610,70.26050001149997,0.216,66.041,2.659,0.383,69.322
096100010,9610,133.9245419949293,0.311,116.902,14.678,0.954,132.871
096100011,9610,122.05041697598062,0.276,111.105,8.854,0.789,121.05
096100012,9610,143.54629200533964,0.308,126.882,13.81,0.943,141.974
096100013,9610,84.883625007933,0.202,80.189,3.101,0.491,84.007
096100014,9610,86.1856660048943,0.187,81.329,3.236,0.521,85.298
096100015,9610,113.59683301998302,0.241,103.409,8.208,0.799,112.685
096100016,9610,163.6233750032261,0.391,144.177,17.431,0.972,162.997
096100017,9610,97.26841701194644,0.297,88.531,6.727,0.699,96.278
096100018,9610,138.4434160136152,0.395,123.402,12.855,0.752,137.426
096100019,9610,97.62450002017431,0.249,88.625,6.967,0.656,96.52
096100020,9610,70.5849579826463,0.221,66.073,2.976,0.394,69.684
096120001,9612,83.11233401764184,0.228,76.917,4.42,0.572,82.163
096120002,9612,69.97495802352205,0.195,64.49,3.83,0.63,69.177
096120003,9612,126.6425000212621,0.274,112.729,11.748,0.836,125.612
096120004,9612,98.65570900728926,0.271,87.917,8.671,0.741,97.621
096120005,9612,88.37483398383483,0.251,79.609,6.859,0.633,87.376
096120006,9612,88.63754200865515,0.253,79.664,6.96,0.709,87.614
096120007,9612,73.70916701620445,0.239,67.139,4.721,0.596,72.721
096120008,9612,54.30387498927303,0.207,50.229,2.449,0.43,53.338
096120009,9612,86.2945000117179,0.221,74.814,7.385,0.833,83.277
096120010,9612,52.318333997391164,0.205,48.767,2.058,0.36,51.41
096120011,9612,83.6178750032559,0.231,74.479,7.538,0.863,83.136
096120012,9612,99.91474999696948,0.265,87.069,10.607,0.985,98.947
096120013,9612,89.19191700988449,0.266,79.974,7.216,0.761,88.24
096120014,9612,63.063375011552125,0.174,58.347,3.565,0.467,62.575
096120015,9612,83.60654200077988,0.25,75.502,6.209,0.642,82.624
096120016,9612,53.1152080220636,0.198,49.169,2.369,0.433,52.19
096120017,9612,61.05354201281443,0.253,57.289,2.608,0.472,60.644
096120018,9612,83.54879100807011,0.242,75.273,6.349,0.683,82.57
096120019,9612,86.88449999317527,0.25,78.717,6.266,0.652,85.907
096120020,9612,55.20800000522286,0.205,50.976,2.668,0.394,54.263
096170001,9617,53.49649998242967,0.162,49.535,2.871,0.507,53.095
096170002,9617,75.19395899726078,0.191,68.437,5.081,0.564,74.296
096170003,9617,53.53566599660553,0.196,49.31,2.618,0.446,52.593
096170004,9617,107.2690419969149,0.263,98.235,7.596,0.672,106.788
096170006,9617,100.8496249851305,0.282,88.394,10.31,0.906,99.914
096170007,9617,92.41541699157096,0.256,83.586,6.858,0.722,91.448
096170008,9617,67.57291697431356,0.214,60.89,4.813,0.676,66.616
096170009,9617,72.82262499211356,0.184,68.045,3.706,0.479,72.436
096170010,9617,88.28391699353233,0.295,80.15,6.263,0.62,87.35
096170011,9617,111.04920800426044,0.31,97.777,11.051,0.842,110.007
096170012,9617,66.80829200195149,0.197,60.559,4.499,0.586,65.86
096170013,9617,85.06487499107607,0.232,76.392,6.711,0.75,84.112
096170014,9617,82.93595799477771,0.248,75.806,5.275,0.601,81.952
096170015,9617,71.14437498967163,0.218,65.893,3.524,0.513,70.167
096170018,9617,84.64874999481253,0.216,75.758,6.973,0.745,83.716
096170020,9617,88.3549579884857,0.379,78.74,7.515,0.744,87.4
096170021,9617,75.58758297818713,0.241,68.341,5.407,0.62,74.631
096170022,9617,83.46329198684543,0.225,74.267,7.419,0.729,82.661
096170023,9617,83.16491701407358,0.239,75.708,5.623,0.63,82.22
096170024,9617,65.85987500147894,0.181,60.705,3.597,0.527,65.032
096180001,9618,119.44570898776874,0.299,105.501,11.677,0.872,118.372
096180002,9618,66.14875001832843,0.203,60.895,3.587,0.525,65.234
096180004,9618,82.80625002225861,0.219,74.99,5.611,0.715,81.56
096180005,9618,93.9390420098789,0.254,86.74,5.798,0.612,93.426
096180007,9618,87.1891250135377,0.238,78.104,7.056,0.76,86.179
096180008,9618,66.40254199737683,0.212,60.082,4.495,0.645,65.461
096180009,9618,63.002292008604854,0.215,57.556,3.648,0.57,62.021
096180010,9618,63.407542009372264,0.216,58.421,3.301,0.524,62.483
096180011,9618,52.80704199685715,0.177,48.673,2.371,0.556,51.802
096180012,9618,85.49658401170745,0.213,77.503,6.541,0.698,84.976
096180013,9618,89.09287501592189,0.253,80.095,7.004,0.685,88.058
096180014,9618,122.63399999937974,0.26,111.545,8.745,0.716,121.29
096180015,9618,97.18833299120888,0.229,88.876,6.442,0.707,96.277
096180016,9618,102.02195899910294,0.216,91.857,8.187,0.823,101.108
096180017,9618,98.24391599977389,0.22,87.189,8.743,0.84,97.016
096180018,9618,89.13858298910782,0.254,78.329,8.653,0.886,88.145
096180019,9618,123.09004101553,0.288,108.592,12.291,0.859,122.056
096180020,9618,116.14795800414868,0.321,105.511,8.606,0.674,115.134
096180021,9618,87.16620798804797,0.261,78.439,6.64,0.792,86.158
096180022,9618,103.4512500045821,0.255,91.219,10.108,0.836,102.442
096220001,9622,131.54387500253506,0.306,117.319,12.096,0.725,130.469
096220002,9622,85.77612502267584,0.252,79.917,4.152,0.458,84.801
096220003,9622,72.64312499319203,0.249,67.544,3.427,0.452,71.693
096220004,9622,161.40566702233627,0.326,142.864,16.674,0.857,160.746
096220005,9622,179.28650000249036,0.366,161.37,15.715,0.726,178.199
096220006,9622,148.93566697719507,0.325,135.188,11.786,0.652,147.976
096220007,9622,126.13637497997843,0.331,116.13,7.969,0.596,125.048
096220008,9622,218.050958996173,0.481,192.539,22.958,1.017,217.02
096220009,9622,115.38574998849072,0.29,108.196,5.987,0.412,114.909
096220010,9622,140.12408300186507,0.32,125.795,12.059,0.791,138.991
096220011,9622,138.06024999939837,0.327,125.194,10.712,0.732,136.992
096220012,9622,159.8415420157835,0.36,145.654,11.985,0.761,158.785
096220013,9622,124.3998330028262,0.329,111.125,10.66,0.717,122.854
096220014,9622,175.8925000031013,0.364,156.712,16.829,0.914,174.845
096220015,9622,133.70983398635872,0.37,118.288,12.799,0.834,132.316
096220016,9622,153.17700000014156,0.34,135.311,15.613,0.859,152.147
096220017,9622,85.79766700859182,0.292,79.031,4.968,0.503,84.816
096220018,9622,129.74791598389857,0.312,114.74,12.796,0.831,128.702
096220019,9622,62.03450000612065,0.21,58.02,2.463,0.369,61.083
096220020,9622,85.238458996173,0.246,78.254,5.118,0.566,84.205
096230001,9623,190.801625023596,0.366,168.138,20.14,1.031,189.697
096230002,9623,100.60004200204276,0.276,92.579,5.657,0.469,99.004
096230004,9623,80.71208299952559,0.239,74.854,4.122,0.448,79.685
096230005,9623,111.00154198356904,0.258,100.479,8.334,0.633,109.727
096230006,9623,98.68666701368056,0.274,90.181,6.564,0.61,97.652
096230007,9623,84.32462500059046,0.259,77.799,4.8,0.469,83.348
096230008,9623,78.71179099311121,0.226,74.031,3.115,0.361,77.752
096230009,9623,116.79708299925551,0.281,106.589,8.047,0.585,115.524
096230010,9623,80.67200001096353,0.244,74.48,4.469,0.493,79.707
096230011,9623,96.68575000250712,0.268,87.898,6.885,0.613,95.688
096230012,9623,98.03316701436415,0.254,88.378,7.552,0.675,96.881
096230013,9623,102.87770899594761,0.269,93.197,7.794,0.625,101.906
096230014,9623,164.49329198803753,0.344,146.38,15.888,0.849,163.484
096230015,9623,111.79620900657028,0.297,103.154,7.019,0.596,111.092
096230016,9623,176.49024998536333,0.338,160.002,14.719,0.841,175.931
096230017,9623,162.85150000476278,0.313,144.109,16.488,0.955,161.889
096230018,9623,176.22541700256988,0.372,154.894,18.538,1.075,174.909
096230019,9623,69.30070798262022,0.239,64.955,2.665,0.483,68.371
096230020,9623,214.23654101090506,0.413,190.644,21.137,0.889,213.108
096230021,9623,142.34941601171158,0.341,128.884,11.379,0.654,141.284
096260002,9626,73.53529200190678,0.236,68.453,3.375,0.466,72.562
096260003,9626,110.49583301064558,0.284,101.356,7.309,0.603,109.576
096260004,9626,108.56070800218731,0.289,98.838,7.757,0.632,107.538
096260005,9626,109.62829200434498,0.286,100.42,7.296,0.593,108.62
096260006,9626,129.08791698282585,0.318,115.599,11.38,0.748,128.068
096260007,9626,131.5013339917641,0.288,117.51,11.87,0.764,130.456
096260008,9626,123.07095801224932,0.285,109.066,11.855,0.851,122.084
096260009,9626,172.1522500156425,0.371,153.472,16.419,0.813,171.098
096260011,9626,108.3439170033671,0.293,98.598,7.747,0.641,107.302
096260012,9626,111.69125000014901,0.286,101.438,8.312,0.583,110.644
096260013,9626,86.64483300526626,0.228,81.168,4.026,0.386,85.829
096260014,9626,59.3384160019923,0.196,55.957,2.253,0.494,58.921
096260015,9626,117.43412501527928,0.292,106.544,8.939,0.686,116.485
096260016,9626,130.69391599856317,0.324,117.637,10.999,0.691,129.677
096260017,9626,140.79895900795236,0.314,126.707,11.925,0.784,139.757
096260018,9626,99.78816699003801,0.317,92.855,5.193,0.464,98.857
096260019,9626,139.40162499784492,0.38,125.58,11.696,0.684,138.362
096260020,9626,86.25316599500366,0.242,80.091,4.495,0.424,85.276
096260021,9626,114.92016600095667,0.294,105.256,7.744,0.559,113.876
096260022,9626,130.8231659932062,0.325,118.831,9.987,0.702,129.87
096290001,9629,87.07137499004602,0.238,79.712,5.588,0.568,86.127
096290002,9629,85.91729198815301,0.244,80.092,4.178,0.455,84.992
096290004,9629,88.70749999186955,0.253,82.18,4.686,0.486,87.628
096290005,9629,93.8853329862468,0.286,86.89,5.257,0.49,92.948
096290006,9629,124.71204201574437,0.292,113.876,8.823,0.701,123.715
096290007,9629,142.98045900068246,0.323,128.227,12.531,0.788,141.893
096290008,9629,140.86620800662786,0.326,128.028,10.566,0.589,139.531
096290009,9629,140.33779202145524,0.313,126.174,12.035,0.75,139.294
096290010,9629,82.07083400338888,0.247,76.347,4.008,0.467,81.09
096290011,9629,79.1713329963386,0.212,74.194,3.394,0.408,78.229
096290012,9629,116.51741599780507,0.271,105.648,8.932,0.695,115.569
096290014,9629,137.28949998039752,0.322,123.114,11.955,0.755,136.168
096290015,9629,107.2069579968229,0.253,98.523,6.917,0.591,106.308
096290016,9629,75.09770899196155,0.219,69.862,3.509,0.496,74.112
096290017,9629,88.33850000519305,0.264,80.925,5.593,0.563,87.369
096290018,9629,109.19837499386631,0.278,98.467,8.489,0.689,107.946
096290020,9629,147.46762500726618,0.371,133.004,12.698,0.846,146.945
096290021,9629,117.65366699546576,0.238,108.013,7.711,0.726,116.716
096290022,9629,134.2855840048287,0.275,120.328,11.81,0.887,133.328
096290023,9629,82.018415996572,0.222,76.161,4.092,0.525,81.041
096310001,9631,83.2884169940371,0.245,76.275,5.073,0.606,82.222
096310002,9631,83.34595899214037,0.251,74.654,6.751,0.65,82.33
096310003,9631,76.37858399539255,0.243,68.667,5.46,0.694,75.087
096310004,9631,71.16875000065193,0.206,65.314,4.07,0.58,70.193
096310005,9631,82.40112499333918,0.235,75.685,5.401,0.588,81.932
096310006,9631,53.78758299048059,0.184,49.921,2.212,0.455,52.796
096310007,9631,54.94725002790801,0.189,51.679,2.238,0.416,54.543
096310008,9631,92.29183301795274,0.258,83.366,6.965,0.651,91.261
096310009,9631,64.4302080036141,0.228,59.522,3.673,0.568,64.015
096310010,9631,75.28983399970457,0.233,69.216,4.304,0.507,74.281
096310011,9631,110.05225000553764,0.292,98.052,9.864,0.795,109.028
096310012,9631,84.54866599640809,0.307,76.687,5.889,0.661,83.567
096310013,9631,82.23708398872986,0.274,74.236,5.762,0.67,80.965
096310014,9631,70.79116700333543,0.222,65.172,3.935,0.528,69.878
096310015,9631,66.3292920216918,0.206,60.537,4.034,0.541,65.342
096310016,9631,107.37320798216388,0.265,97.019,8.78,0.678,106.763
096310017,9631,73.3733749948442,0.228,67.418,4.222,0.522,72.414
096310018,9631,91.1979170050472,0.25,83.08,6.708,0.642,90.706
096310019,9631,76.71583400224335,0.196,69.65,5.737,0.745,76.353
096310020,9631,66.8424169998616,0.211,61.069,4.036,0.593,65.928
096330003,9633,99.8975409893319,0.274,90.712,7.21,0.624,98.845
096330005,9633,81.33112502400763,0.222,75.119,4.453,0.537,80.354
096330006,9633,95.63854199950583,0.254,87.214,6.492,0.633,94.618
096330007,9633,74.78304198593833,0.223,69.232,3.867,0.465,73.808
096330008,9633,86.38616697862744,0.236,79.754,4.627,0.52,85.157
096330009,9633,86.66037500370294,0.254,80.124,4.782,0.503,85.688
096330010,9633,75.52924999617971,0.224,69.56,4.199,0.496,74.501
096330011,9633,82.70229198387824,0.202,76.358,4.966,0.533,82.079
096330012,9633,84.92120797745883,0.236,78.206,5.379,0.609,84.454
096330013,9633,100.11666701757349,0.272,90.875,7.268,0.629,99.066
096330014,9633,79.43270800751634,0.23,73.961,3.904,0.473,78.591
096330015,9633,85.34387502004392,0.255,76.502,6.433,0.74,83.951
096330016,9633,97.14574998361059,0.333,88.379,6.835,0.619,96.188
096330017,9633,100.65612502512522,0.271,91.303,7.224,0.825,99.655
096330018,9633,126.34020802215673,0.278,115.812,8.731,0.922,125.77
096330019,9633,124.76429200614803,0.273,113.323,9.352,0.862,123.84
096330020,9633,106.98770798626356,0.279,96.996,7.668,0.67,105.639
096330021,9633,133.96804200601764,0.322,119.008,12.483,1.02,132.862
096330022,9633,130.9777499991469,0.297,117.228,11.9,0.814,130.266
096330023,9633,126.4405420224648,0.302,112.223,12.104,0.8,125.453
096350006,9635,140.35875000990927,0.331,127.75,10.625,0.629,139.358
096350007,9635,102.64995798934251,0.298,92.96,7.6,0.704,101.587
096350008,9635,109.61495802621357,0.36,99.482,8.132,0.664,108.662
096350009,9635,113.75670801498927,0.329,103.039,8.342,0.792,112.524
096350010,9635,171.02258300292306,0.367,156.02,12.914,0.676,169.998
096350011,9635,154.28158402210101,0.353,139.137,12.994,0.709,153.215
096350012,9635,179.89929098985158,0.419,161.42,16.227,0.985,179.078
096350013,9635,138.81166698411107,0.345,125.049,11.511,0.802,137.736
096350014,9635,90.17304101143964,0.204,84.415,4.089,0.503,89.238
096350015,9635,115.47191598219797,0.245,106.315,7.154,0.735,114.479
096350016,9635,116.44804198294878,0.288,105.843,9.048,0.717,115.937
096350018,9635,89.46008398197591,0.235,82.974,5.253,0.522,89.009
096350019,9635,87.5988750194665,0.259,80.602,5.101,0.564,86.548
096350020,9635,71.02604198735207,0.231,65.708,3.643,0.518,70.122
096350021,9635,113.28037499333732,0.269,101.977,9.263,0.695,112.226
096350023,9635,95.0900420139078,0.252,87.475,6.21,0.555,94.519
096350024,9635,96.86725001665764,0.307,87.548,7.729,0.662,96.268
096350025,9635,105.81824998371303,0.26,96.89,7.473,0.738,105.389
096350026,9635,75.89366601314396,0.254,70.457,3.925,0.489,75.153
096350027,9635,81.61229200777598,0.236,75.784,4.593,0.531,81.168
096400001,9640,150.08791600121185,0.327,128.149,19.884,1.141,149.529
096400002,9640,111.43745799199678,0.272,100.703,9.213,0.758,110.975
096400004,9640,87.15149998897687,0.244,78.51,6.424,0.682,85.884
096400006,9640,82.57041699835099,0.236,74.591,6.064,0.679,81.591
096400007,9640,112.69841698231176,0.279,100.656,9.981,0.778,111.722
096400008,9640,154.83225000207312,0.35,135.592,17.229,0.949,154.147
096400010,9640,89.89350000047125,0.266,81.93,6.078,0.591,88.89
096400012,9640,64.47516701882705,0.226,59.058,3.635,0.529,63.471
096400013,9640,85.7049580081366,0.224,77.789,6.023,0.609,84.667
096400014,9640,66.1228749959264,0.212,60.888,3.549,0.477,65.146
096400016,9640,101.6451669856906,0.261,90.684,8.862,0.85,100.679
096400018,9640,70.66904101520777,0.201,64.791,4.079,0.636,69.73
096400019,9640,74.90750000579283,0.192,69.581,4.288,0.471,74.552
096400020,9640,74.40449998830445,0.215,67.451,4.954,0.809,73.452
096400021,9640,83.06920900940895,0.233,75.273,6.439,0.663,82.631
096400022,9640,62.8719579835888,0.223,58.301,2.964,0.45,61.958
096400024,9640,74.2969169805292,0.27,66.884,5.325,0.876,73.388
096400025,9640,84.65475001139566,0.266,74.91,7.214,0.797,83.214
096400026,9640,66.21933399583213,0.221,60.057,4.34,0.628,65.27
096400028,9640,74.36937501188368,0.225,67.404,5.134,0.611,73.397
096470002,9647,157.59037499083206,0.34,139.112,16.275,0.815,156.568
096470003,9647,100.46491702087224,0.24,90.809,8.236,0.683,99.992
096470004,9647,90.91408300446346,0.244,81.602,7.447,0.617,89.933
096470005,9647,106.03470800560899,0.275,94.378,9.609,0.772,105.059
096470007,9647,74.52508402639069,0.238,68.643,4.078,0.482,73.46
096470008,9647,71.1983329965733,0.18,65.672,3.718,0.485,70.077
096470010,9647,85.59133400558494,0.227,78.115,5.716,0.567,84.647
096470011,9647,85.07699999609031,0.258,78.181,5.095,0.491,84.047
096470012,9647,103.50533301243559,0.278,91.606,10.083,0.881,102.873
096470013,9647,62.48637501266785,0.195,58.319,3.052,0.445,62.034
096470014,9647,71.42125000245869,0.223,65.214,4.467,0.558,70.484
096470015,9647,71.13520801067352,0.217,64.95,4.507,0.548,70.243
096470016,9647,72.76525002089329,0.213,66.646,4.392,0.572,71.847
096470017,9647,106.14925000118092,0.262,94.188,9.963,0.766,105.201
096470018,9647,73.51533399196342,0.215,67.954,4.324,0.586,73.107
096470019,9647,70.55183398188092,0.18,65.243,4.145,0.602,70.19
096470020,9647,82.38470801734366,0.214,75.687,5.06,0.623,81.609
096470021,9647,83.64087497466244,0.235,76.017,5.584,0.516,82.378
096470022,9647,76.30091698956676,0.241,68.218,6.058,0.761,75.308
096470023,9647,64.98254099278711,0.214,60.162,3.178,0.458,64.032
