utterance,ctc_viterbi_encoding_ms,ctc_viterbi_phone_region_and_scoring_ms,ctc_viterbi_stress_ms,ctc_viterbi_downstream_total_ms,ctc_viterbi_scored_phones,ctc_viterbi_scored_polysyllabic_words,mfa_encoding_ms,mfa_phone_region_and_scoring_ms,mfa_stress_ms,mfa_downstream_total_ms,mfa_scored_phones,mfa_scored_polysyllabic_words
000030012,52.661416004411876,3.713041980518028,35.775500000454485,92.15104198665358,19,1,52.84749998827465,0.22920800256542861,36.497791996225715,89.57512499182485,19,1
000030024,46.43200000282377,1.9623329862952232,61.35587501921691,109.75129102007486,10,1,46.4950829918962,0.1366669894196093,44.765375001588836,91.39808398322202,10,1
000030040,54.15016700862907,1.8951250240206718,0.000667001586407423,56.04670799220912,11,0,46.59945800085552,0.153791974298656,0.0005410111043602228,46.7547089792788,11,0
000030047,46.33733298396692,2.087792003294453,0.000667001586407423,48.426082998048514,12,0,46.44325000117533,0.15575002180412412,0.000667001586407423,46.60012500244193,12,0
000030049,44.79441698640585,1.6766250191722065,0.0005829788278788328,46.47212501731701,10,0,44.76395802339539,0.11875000200234354,0.0006250047590583563,44.883750000735745,10,0
000030051,48.30912500619888,2.4727499985601753,0.00045899651013314724,50.78283400507644,12,0,48.87999998754822,0.14495800132863224,0.000500003807246685,49.02574999141507,12,0
000030054,45.70929199689999,1.8345419957768172,0.0004580069798976183,47.54470899933949,11,0,45.79520798870362,0.1514590112492442,0.0011249794624745846,45.94816698227078,11,0
000030059,55.32062498969026,3.00829199841246,65.21687499480322,123.54679201962426,13,1,56.53025000356138,0.1549159933347255,47.818625025684014,104.50429198681377,13,1
000030069,46.47995901177637,2.443165984004736,37.72408299846575,86.64791699266061,14,1,46.375708014238626,0.16799999866634607,35.33000001334585,81.87441699556075,14,1
000030080,47.30145799112506,2.666374988621101,0.0005830079317092896,49.96900001424365,14,0,47.47712501557544,0.1754170225467533,0.0005420006345957518,47.65391699038446,14,0
000030097,39.66549999313429,1.7803340160753578,0.0004580069798976183,41.44658398581669,11,0,39.52333302004263,0.11999998241662979,0.0005410111043602228,39.64412500499748,11,0
000030101,46.87399999238551,2.3459579970221967,0.0004580069798976183,49.22062502009794,14,0,46.7887080158107,0.1576670038048178,0.0006250047590583563,46.94754199590534,14,0
000030116,53.79641699255444,4.077042016433552,73.92991697997786,131.8040410114918,22,2,54.05570799484849,0.24745799601078033,80.83970900042914,135.143416991923,22,2
000030119,61.76133401459083,4.7532089811284095,113.96008299198002,180.47529098112136,22,3,62.63158400543034,0.2651670074556023,122.63437500223517,185.53191699902527,22,3
000030145,45.93995798495598,2.3266250209417194,35.66337501979433,83.93045898992568,15,1,45.21299997577444,0.18191701383329928,40.172249980969355,85.56783400126733,15,1
000030153,39.31341698626056,1.3253749930299819,0.0006250047590583563,40.63974999007769,9,0,39.52945800847374,0.12679200153797865,0.0006250047590583563,39.65758401318453,9,0
000030154,45.814165991032496,2.046790992608294,0.0005829788278788328,47.86199997761287,12,0,45.83941699820571,0.15158302267082036,0.0007500057108700275,45.992125000339,12,0
000030175,33.649332995992154,0.5764170200563967,69.36066699563526,103.58708299463615,4,1,33.48133299732581,0.06575000588782132,49.99229099485092,83.54008398600854,4,1
000240010,38.84320901124738,1.6374159895349294,0.0005420006345957518,40.48170801252127,13,0,38.19699998712167,0.14916600775904953,0.0006250047590583563,38.34708398790099,13,0
000240031,54.32749999454245,4.552916012471542,58.2358330138959,117.11670801742002,25,1,54.15254199760966,0.27029201737605035,40.43991697835736,94.86320900032297,25,1
000240060,47.52566700335592,3.850166976917535,0.0006250047590583563,51.376957999309525,22,0,47.305499989306554,0.23037500795908272,0.000500003807246685,47.53679200075567,22,0
000240071,69.43916701129638,7.683707983233035,36.70941697782837,113.83295900304802,31,1,70.56333401123993,0.34500000765547156,35.08983401115984,105.99875001935288,31,1
000240073,78.92741600517184,11.349458014592528,264.86650001606904,355.1439169968944,39,2,77.70208301371895,0.47649999032728374,95.21858301013708,173.39791601989418,39,2
000240099,69.60362498648465,6.471667002188042,75.30033300281502,151.37645800132304,31,2,71.88754199887626,0.37104098009876907,78.36495799710974,150.62441598274745,31,2
000240115,48.19879200658761,2.28154199430719,0.000667001586407423,50.481374986702576,13,0,44.96220900909975,0.1460839994251728,0.0005420006345957518,45.109165977919474,13,0
000240116,48.33120899274945,3.837875003227964,79.45337498676963,131.62320799892768,21,2,47.84099999233149,0.21275001927278936,88.86970899766311,136.92400002037175,21,2
000240151,51.83712500729598,3.697917010867968,84.48566700099036,140.02137500210665,20,2,52.40733397658914,0.22904100478626788,83.18991601117887,135.8270829950925,20,2
000240152,47.38304199418053,3.931500017642975,35.0883339997381,86.40354100498371,24,1,47.50412501743995,0.26483298279345036,34.950291010318324,82.71987500484101,24,1
000240248,45.72895899764262,3.1756249954923987,0.0006250047590583563,48.90558301121928,22,0,44.99737499281764,0.21058300626464188,0.0005830079317092896,45.208915980765596,22,0
000240284,46.95079199154861,3.55295799090527,59.62387501494959,110.12820800533518,22,1,46.85116701875813,0.21595897851511836,42.42320801131427,89.4910000206437,22,1
000240287,38.17095799604431,1.5204579976852983,0.0006250047590583563,39.69237502315082,12,0,37.983749993145466,0.1396249863319099,0.0006250047590583563,38.12445799121633,12,0
000240289,52.56608300260268,4.563833004795015,122.35912500182167,179.489709000336,27,2,52.04870898160152,0.29150000773370266,106.30099999252707,158.64183299709111,27,2
000240320,56.21499998960644,5.582459009019658,81.68375000241213,143.48179200896993,30,2,56.2002090155147,0.3277920186519623,82.10745800170116,138.63612501882017,30,2
000240323,60.51062501501292,5.016208015149459,44.357959006447345,109.88554201321676,23,1,60.78599998727441,0.2751669962890446,48.22387499734759,109.28570799296722,23,1
000240324,44.556334003573284,2.7866669988725334,37.43250001571141,84.77608297835104,20,1,44.575125008122995,0.21124997874721885,35.75699997600168,80.54408300085925,20,1
000240329,47.193708014674485,3.5811660054605454,0.0005830079317092896,50.77595799230039,21,0,47.38912501488812,0.22579098003916442,0.0005839974619448185,47.61608398985118,21,0
000240350,45.200916996691376,3.4205419942736626,36.887708003632724,85.50962500157766,23,1,45.37970799719915,0.23070801398716867,37.135374994250014,82.74633300607093,23,1
000240352,47.313166985986754,3.298499999800697,0.0006250047590583563,50.612791994353756,19,0,47.55395799293183,0.21475000539794564,0.0005830079317092896,47.769958997378126,19,0
000440005,45.684499986236915,1.9784169853664935,0.00045899651013314724,47.66387498239055,11,0,45.21445801947266,0.13716600369662046,0.000500003807246685,45.35262499121018,11,0
000440021,63.72233302681707,5.626708996715024,38.465874997200444,107.81541699543595,23,1,63.75100000877865,0.2666250220499933,43.70775001007132,107.72583397920243,23,1
000440032,55.48083299072459,2.5709589826874435,0.0005830079317092896,58.05283400695771,12,0,55.48229199484922,0.1656660169828683,0.0006659829523414373,55.64908400992863,12,0
000440035,55.40916699101217,2.6972089835908264,0.0005410111043602228,58.107207994908094,13,0,55.36441699950956,0.15829101903364062,0.0006660120561718941,55.52370901568793,13,0
000440043,63.288417004514486,3.428208001423627,0.0006250047590583563,66.71770798857324,12,0,63.248458987800404,0.1674999948590994,0.0006250047590583563,63.41699999757111,12,0
000440045,51.57916701864451,1.561041979584843,0.000500003807246685,53.140874981181696,7,0,51.52250002720393,0.09895797120407224,0.0003329769242554903,51.62204202497378,7,0
000440049,81.23270800570026,4.01429200428538,0.00029098009690642357,85.2475419815164,12,0,78.22245798888616,0.18950001685880125,0.00045797787606716156,78.41262497822754,12,0
000440062,77.77812497806735,4.743958998005837,0.0004580069798976183,82.52283401088789,14,0,78.68104198132642,0.20904201664961874,0.000667001586407423,78.89137498568743,14,0
000440082,62.009166984353215,3.4143330121878535,41.37779198936187,106.80191600113176,13,1,61.145749990828335,0.1866249949671328,44.57912500947714,105.91208399273455,13,1
000440089,52.59816697798669,2.613166027003899,40.542000002460554,95.75395798310637,14,1,52.54454200621694,0.17358301556669176,40.77462499844842,93.49316600128077,14,1
000440090,46.018749999348074,1.596624992089346,0.000500003807246685,47.61641699587926,7,0,45.913666021078825,0.09499999578110874,0.0006250047590583563,46.009750018129125,7,0
000440099,93.41091697569937,8.698209014255553,0.0005829788278788328,102.11012497893535,21,0,97.5775419792626,0.32979200477711856,0.00045899651013314724,97.90820800117217,21,0
000440126,65.2201249904465,3.6723750235978514,0.0005420006345957518,68.89329198747873,12,0,64.99129100120626,0.16324999160133302,0.0005420006345957518,65.1552919880487,12,0
000440132,57.24225001176819,2.977208001539111,0.0005420006345957518,60.22041599499062,12,0,57.356500008609146,0.15304199769161642,0.0004169996827840805,57.51025001518428,12,0
000440145,73.97224998567253,5.2766670123673975,79.73537498037331,158.98504099459387,19,2,81.7049170145765,0.2510830236133188,90.26666599675082,172.22316699917428,19,2
000440147,64.59508300758898,4.579917003866285,44.08641599002294,113.26199999894015,14,1,65.78804200398736,0.18854200607165694,55.298583989497274,121.27570799202658,14,1
000440163,62.01945900102146,3.1463750055991113,0.00033300602808594704,65.16649998957291,13,0,62.248375004855916,0.16941700596362352,0.0005839974619448185,62.418708024779335,13,0
000440173,40.645500004757196,1.5876659890636802,40.846250019967556,83.07995801442303,10,1,40.472041990142316,0.13000000035390258,38.385874999221414,78.98845800082199,10,1
000440175,37.258374999510124,0.8395829936489463,0.000500003807246685,38.09904100489803,6,0,37.165041983826086,0.09604101069271564,0.0005830079317092896,37.26199999800883,6,0
000490002,69.76745798601769,2.9637920088134706,0.0006250047590583563,72.7322080056183,10,0,69.02954200631939,0.15554198762401938,0.0007500057108700275,69.18625000980683,10,0
000490017,71.01766701089218,3.9824999985285103,46.765999984927475,121.76683300640434,14,1,70.41258399840444,0.2134160022251308,51.585208013420925,122.21195801976137,14,1
000490032,44.78945801383816,1.4046250144019723,0.0005830079317092896,46.19504199945368,8,0,45.27437497745268,0.10970799485221505,0.0006659829523414373,45.38516700267792,8,0
000490047,76.39937498606741,3.397166990907863,0.0006250047590583563,79.79741698363796,10,0,76.83570802328177,0.15675000031478703,0.0006249756552278996,76.9933330011554,10,0
000490052,49.31337499874644,2.271167002618313,0.0005839974619448185,51.585417008027434,11,0,47.58912499528378,0.15883299056440592,0.0006669724825769663,47.74920898489654,11,0
000490086,48.910041979979724,2.4579169985372573,0.0002910092007368803,51.36862499057315,13,0,47.27945799822919,0.15058301505632699,0.0006249756552278996,47.43125001550652,13,0
000490087,54.37020899262279,2.737792005063966,0.0006249756552278996,57.1090409939643,11,0,54.3453750142362,0.14695798745378852,0.0006250047590583563,54.49337500613183,11,0
000490088,44.38220802694559,1.673708000453189,0.00029199873097240925,46.05641702073626,8,0,44.27354197832756,0.10033301077783108,0.0005830079317092896,44.374791003065184,8,0
000490092,55.64662499818951,2.8651249886024743,0.0004580069798976183,58.512582996627316,9,0,55.88729202281684,0.14258298324421048,0.0006250047590583563,56.03108400828205,9,0
000490097,56.46816600346938,3.6572079989127815,42.67966700717807,102.80566700384952,17,1,55.824500013841316,0.21199998445808887,44.68904100940563,100.72616700199433,17,1
000490101,47.21854202216491,2.4764159752521664,0.0006250047590583563,49.69604199868627,11,0,47.48370798188262,0.15220901696011424,0.0006659829523414373,47.63708298560232,11,0
000490102,61.977417004527524,4.25183298648335,0.0005830079317092896,66.23024999862537,14,0,61.904666014015675,0.1887079852167517,0.00037500285543501377,62.09395799669437,14,0
000490117,72.139124997193,4.741666984045878,42.289666016586125,119.17108300258406,14,1,72.42158299777657,0.19550000433810055,44.468834006693214,117.08633400849067,14,1
000490134,62.215124984504655,3.5732499964069575,0.00045899651013314724,65.78941701445729,14,0,62.62754197814502,0.2013749908655882,0.000667001586407423,62.83000000985339,14,0
000490144,70.91029098955914,5.0134579942096025,0.0004169996827840805,75.9247500100173,15,0,70.69420799962245,0.2065410080831498,0.0007500057108700275,70.90175000485033,15,0
000490151,62.77550000231713,4.046125017339364,60.054583998862654,126.87666699639522,16,1,62.24279198795557,0.21520801237784326,50.751375005347654,113.21008301456459,16,1
000490157,44.269666977925226,1.20674999197945,0.0007080088835209608,45.4778750136029,7,0,44.473874993855134,0.1087500131689012,0.0006250047590583563,44.58370801876299,7,0
000490162,60.083874996053055,2.999457996338606,0.0005830079317092896,63.0844589904882,12,0,60.89341698680073,0.15662499936297536,0.0006250047590583563,61.05091699282639,12,0
000490164,55.61425001360476,1.8644999945536256,0.0005830079317092896,57.479500013869256,7,0,55.545124982018024,0.10270799975842237,0.0007909839041531086,55.64883298939094,7,0
000490175,69.73670900333673,4.307916999096051,0.0006250047590583563,74.04558299458586,15,0,69.49487500241958,0.20000000949949026,0.0005409820005297661,69.69583401223645,15,0
000920002,46.16395800258033,2.0215830008964986,61.417541990522295,109.60362499463372,11,1,46.1987919989042,0.13137501082383096,42.65691601904109,88.98754202527925,11,1
000920009,48.128708003787324,1.7645830230321735,0.000500003807246685,49.89404199295677,8,0,47.83808297361247,0.10470798588357866,0.000500003807246685,47.943459008820355,8,0
000920010,46.122791012749076,2.033083001151681,0.0007920025382190943,48.156875011045486,11,0,45.80416702083312,0.1495409815106541,0.00045797787606716156,45.954582979902625,11,0
000920025,52.92079201899469,2.659916994161904,0.0004169996827840805,55.5814580002334,13,0,52.59029200533405,0.15504201292060316,0.000500003807246685,52.74608399486169,13,0
000920040,53.31899999873713,2.6058750227093697,0.0005829788278788328,55.92600000090897,13,0,52.82412501401268,0.15374997747130692,0.0007499766070395708,52.97883300227113,13,0
000920051,45.70074999355711,1.7844999965745956,0.0004580069798976183,47.486209019552916,9,0,45.794458012096584,0.11479202657938004,0.0004999747034162283,45.910124987130985,9,0
000920055,45.81395801506005,2.5043330097105354,0.0006250047590583563,48.31937499693595,10,0,45.867125008953735,0.13987498823553324,0.0005420006345957518,46.00783297792077,10,0
000920074,44.93874998297542,2.276625018566847,73.64062499254942,120.85649999789894,14,2,45.4276250093244,0.1559169904794544,72.88049999624491,118.46458300715312,14,2
000920094,55.77433400321752,3.5572499909903854,0.0004580069798976183,59.33249997906387,16,0,55.93566698371433,0.1863329962361604,0.0005409820005297661,56.12312498851679,16,0
000920099,52.236582996556535,3.5700000007636845,0.0006250047590583563,55.807666009059176,18,0,52.669083001092076,0.22704098955728114,0.0005410111043602228,52.89708398049697,18,0
000920104,64.29050001315773,2.9367499810177833,0.0005830079317092896,67.22858300781809,13,0,60.845250001875684,0.16133300960063934,0.0006250047590583563,61.007666983641684,13,0
000920122,62.187083007302135,2.826875017490238,0.00045797787606716156,65.01462499727495,12,0,62.24983400898054,0.14712498523294926,0.000667001586407423,62.39795798319392,12,0
000920126,60.25025001144968,3.4087499952875078,0.000500003807246685,63.6599579884205,14,0,63.00537500646897,0.16575001063756645,0.000500003807246685,63.171832996886224,14,0
000920129,52.7542500058189,3.5610000195447356,72.83850002568215,129.15424999664538,19,1,52.89562500547618,0.21495801047421992,45.33508300664835,98.44641701783985,19,1
000920134,44.85504201147705,1.7608749913051724,0.00045899651013314724,46.61679099081084,11,0,46.43037499045022,0.149500003317371,0.0007089984137564898,46.58104199916124,11,0
000920136,56.10937500023283,3.414875012822449,0.0005420006345957518,59.525332995690405,14,0,55.933124996954575,0.1757080026436597,0.0005420006345957518,56.10966702806763,14,0
000920149,63.77974999486469,4.81020801817067,0.0004580069798976183,68.59075001557358,19,0,64.14304100326262,0.23674999829381704,0.0004999747034162283,64.38075000187382,19,0
000920167,52.22329200478271,2.3154160007834435,0.00037497375160455704,54.53950000810437,12,0,52.24537497269921,0.1502920058555901,0.0006250047590583563,52.396582992514595,12,0
000920173,38.088291010353714,1.0983329848386347,63.59291699482128,102.77995798969641,8,1,37.953333026962355,0.09479199070483446,49.15141698438674,87.20033400459215,8,1
000930005,44.94074999820441,1.742041000397876,43.45429199747741,90.1377499976661,11,1,45.01704199356027,0.13162498362362385,53.54533300851472,98.69450001860969,11,1
000930014,53.86712498147972,2.712790999794379,0.0006250047590583563,56.58104197937064,13,0,54.47458301205188,0.17462499090470374,0.0007500057108700275,54.650292004225776,13,0
000930018,60.96174998674542,3.620708012022078,0.0006250047590583563,64.5860829972662,16,0,60.848332999739796,0.21595798898488283,0.0007910130079835653,61.0654590127524,16,0
000930026,44.468209001934156,1.8005000019911677,0.0004169996827840805,46.26949998782948,11,0,44.315541977994144,0.12779200915247202,0.0005830079317092896,44.44425000110641,11,0
000930035,47.52641700906679,1.9812500104308128,0.0004169996827840805,49.50858300435357,11,0,46.88845801865682,0.1400829933118075,0.0006660120561718941,47.02950001228601,11,0
000930040,40.28562500025146,1.5553330013062805,0.0002910092007368803,41.84170800726861,10,0,40.615832986077294,0.12941702152602375,0.0005409820005297661,40.74633397976868,10,0
000930048,48.51233400404453,2.408333995845169,0.0005420006345957518,50.92145799426362,13,0,48.51608400349505,0.15708300634287298,0.0006250047590583563,48.67416599881835,13,0
000930050,47.80379100702703,2.477333997376263,0.0008749775588512421,50.28233298799023,13,0,47.636083007091656,0.14866699348203838,0.00033300602808594704,47.78529200120829,13,0
000930051,40.46029198798351,1.7149159975815564,0.00037500285543501377,42.175874987151474,9,0,40.49424998811446,0.10770800872705877,0.00045797787606716156,40.60266702435911,9,0
000930056,45.18587500206195,2.1522919996641576,0.0004580069798976183,47.33895801473409,12,0,45.34879099810496,0.13508298434317112,0.0005410111043602228,45.48475000774488,12,0
000930089,52.44341699290089,2.8152919840067625,40.77770799631253,96.0369159874972,14,1,52.20516701228917,0.18012500368058681,48.660291999112815,101.04633399168961,14,1
000930091,58.73208399862051,4.392792005091906,0.0007500057108700275,63.126124994596466,15,0,59.32716600364074,0.19912500283680856,0.0005839974619448185,59.52749997959472,15,0
000930095,53.29737500869669,2.8575000178534538,0.000667001586407423,56.15608301013708,13,0,52.87745900568552,0.16233298811130226,0.0007079797796905041,53.04074997548014,13,0
000930099,52.16458300128579,3.737124992767349,42.82616698765196,98.7284169823397,19,1,52.65454199980013,0.21091700182296336,42.9423330060672,95.80837498651817,19,1
000930101,47.89770898059942,2.4922500015236437,0.0005839974619448185,50.39116699481383,10,0,47.72608299390413,0.14212497626431286,0.0006250047590583563,47.869208006886765,10,0
000930111,64.2798749904614,4.61541599361226,0.000500003807246685,68.89649998629466,17,0,64.24562499159947,0.20779200713150203,0.0005830079317092896,64.45433301269077,17,0
000930148,53.820041997823864,3.616708010667935,91.14920799038373,148.58629097579978,18,2,53.85504098376259,0.21500000730156898,80.4487080022227,134.51945799170062,18,2
000930151,63.15804098267108,2.7818330272566527,0.0005829788278788328,65.94087497796863,10,0,62.78216702048667,0.16008300008252263,0.0006249756552278996,62.943416996859014,10,0
000930155,48.32383300526999,1.9768339989241213,39.40987499663606,89.71112500876188,10,1,48.12670801766217,0.14704099157825112,43.995290994644165,92.26954201585613,10,1
000930162,44.805999990785494,1.7387499974574894,0.0004580069798976183,46.5455419907812,9,0,44.932874996447936,0.12558299931697547,0.00045797787606716156,45.05920800147578,9,0
000940012,54.876625014003366,3.7362089788075536,137.47029099613428,196.08362502185628,19,3,55.43154198676348,0.22404099581763148,124.38245801604353,180.03870800021105,19,3
000940015,52.25425001117401,2.9984999855514616,34.73537499667145,89.9887910054531,16,1,56.13004098995589,0.18633302533999085,37.434040976222605,93.75104200444184,16,1
000940027,47.805917012738064,1.898457994684577,0.00037500285543501377,49.70504200900905,10,0,47.48400000971742,0.12154201976954937,0.0005409820005297661,47.606458014342934,10,0
000940032,44.29654200794175,1.2262919917702675,0.0005830079317092896,45.52383301779628,7,0,44.4054999970831,0.08566598990000784,0.0004580069798976183,44.49183298856951,7,0
000940042,51.95125000318512,2.7446660096757114,0.000667001586407423,54.6968340058811,14,0,51.6959999804385,0.15624999650754035,0.0006249756552278996,51.85312498360872,14,0
000940049,48.22875000536442,1.912249979795888,0.0004159810487180948,50.14183299499564,10,0,48.17399999592453,0.1229170011356473,0.0004580069798976183,48.2976250059437,10,0
000940067,47.02166697825305,2.79987501562573,0.0007500057108700275,49.8227080097422,14,0,46.95633301162161,0.18812500638887286,0.0007920025382190943,47.14554199017584,14,0
000940068,51.962917001219466,1.9877500017173588,40.61329099931754,94.5648750057444,12,1,45.170625002356246,0.1427080132998526,41.08170801191591,86.39545799815096,12,1
000940073,51.37270799605176,2.024959016125649,0.0007909839041531086,53.39899999671616,11,0,50.998791004531085,0.13200001558288932,0.0005830079317092896,51.131792017258704,11,0
000940074,44.88579198368825,1.8825000151991844,82.96458297991194,129.73345897626132,12,2,49.14979200111702,0.149500003317371,81.26445900416002,130.5644589883741,12,2
000940086,38.91150001436472,1.4810829889029264,0.0007080088835209608,40.393709001364186,10,0,38.434040994616225,0.1332090178038925,0.0005830079317092896,38.56829198775813,10,0
000940093,45.20174997742288,2.354374999413267,0.0007499766070395708,47.55737498635426,12,0,45.275375014171004,0.13749999925494194,0.0006250047590583563,45.41387502104044,12,0
000940102,46.18349997326732,2.7129579975735396,76.48654200602323,125.38370801485144,17,2,46.42066700034775,0.20650000078603625,79.00599998538382,125.63391600269824,17,2
000940103,52.03279200941324,2.880499989259988,0.0007080088835209608,54.9144160177093,15,0,52.15220799436793,0.18145798821933568,0.0007500057108700275,52.334917010739446,15,0
000940122,52.4207089911215,3.8067919958848506,38.463208999019116,94.69112500664778,20,1,52.57954201078974,0.2254169958177954,40.62683298252523,93.43250002712011,20,1
000940133,45.20054199383594,2.4196669983211905,80.00679200631566,127.6275840064045,15,2,45.17083300743252,0.17775001469999552,80.20504098385572,125.55399999837391,15,2
000940147,52.572667016647756,2.912584022851661,37.94237499823794,93.42829100205563,16,1,52.354332990944386,0.19466699450276792,42.156207986408845,94.70562500064261,16,1
000940150,34.08937499625608,0.7762080058455467,0.000667001586407423,34.86662500654347,6,0,34.59924997878261,0.09516699356026947,0.0006250047590583563,34.695624985033646,6,0
000940173,44.53441599616781,1.9496250024531037,0.0006250047590583563,46.485124999890104,12,0,44.46170898154378,0.12745801359415054,0.00045899651013314724,44.590041012270376,12,0
000960002,52.81212500995025,2.3417499905917794,41.79587500402704,96.95041598752141,12,1,52.35712500871159,0.16333398525603116,43.30404198844917,95.8249999966938,12,1
000960008,71.69012501253746,4.233790998114273,0.0007910130079835653,75.92516599106602,14,0,72.04995898064226,0.18612499115988612,0.00045899651013314724,72.23679099115543,14,0
000960019,54.381374997319654,2.9093339981045574,63.614999991841614,120.90633300249465,14,1,54.38329197932035,0.17933399067260325,44.903375004651025,99.46641599526629,14,1
000960040,52.38229100359604,2.3714579874649644,0.0006249756552278996,54.75479198503308,12,0,52.17383400304243,0.1396249863319099,0.0004999747034162283,52.314208005554974,12,0
000960043,49.4947089755442,1.7780000052880496,0.0004580069798976183,51.27349999384023,9,0,48.103082983288914,0.12666601105593145,0.0007500057108700275,48.23104201932438,9,0
000960046,46.774083020864055,2.4763340188656002,0.00037500285543501377,49.25120799452998,14,0,46.74504097783938,0.1612920023035258,0.0005839974619448185,46.90725001273677,14,0
000960048,47.9617909877561,2.153250010451302,0.0005420006345957518,50.11591699440032,11,0,47.46441601309925,0.14091600314714015,0.0005830079317092896,47.60633301339112,11,0
000960049,47.82125001656823,2.0477910002227873,0.000500003807246685,49.869875016156584,11,0,47.71137499483302,0.14329198165796697,0.0006250047590583563,47.85583398188464,11,0
000960050,53.35075000766665,2.4003340222407132,0.00045797787606716156,55.75187498470768,11,0,53.2384580001235,0.14637500862590969,0.0005830079317092896,53.38566700811498,11,0
000960052,52.03387499204837,1.9042500061914325,0.000500003807246685,53.939083009026945,9,0,52.05079200095497,0.12645797687582672,0.0007079797796905041,52.17829198227264,9,0
000960054,48.01516700536013,1.8570829997770488,0.00033300602808594704,49.87283400259912,9,0,47.852624993538484,0.11495800572447479,0.000500003807246685,47.96845800592564,9,0
000960066,94.4542920042295,6.985292013268918,80.24779200786725,181.68783400324173,18,2,91.95775000262074,0.3052079991903156,91.11287500127219,183.37650000466965,18,2
000960071,52.914915984729305,2.817000000504777,36.90804200596176,92.64070799690671,14,1,53.12641701311804,0.17754200962372124,43.62783400574699,96.93229099502787,14,1
000960073,54.88749998039566,3.3066670002881438,40.4694169992581,98.66445799707435,16,1,54.62779197841883,0.19491699640639126,44.62195801897906,99.44549997453578,16,1
000960084,70.2979170018807,4.797458997927606,0.0007079797796905041,75.09654201567173,15,0,70.24733300204389,0.22245798027142882,0.0006249756552278996,70.47091698041186,15,0
000960090,44.83420797623694,1.3592499890364707,0.0006250047590583563,46.19449999881908,4,0,44.54699999769218,0.06891699740663171,0.0006659829523414373,44.61700000683777,4,0
000960093,55.64820798463188,2.6433750172145665,0.0005829788278788328,58.292417001212016,12,0,56.091791979270056,0.17379201017320156,0.000667001586407423,56.266541010700166,12,0
000960136,55.84766701213084,3.461416985373944,0.0006250047590583563,59.310208016540855,15,0,55.93637499259785,0.18200001795776188,0.0007079797796905041,56.11937498906627,15,0
000960167,44.513040978927165,1.241791993379593,0.0004580069798976183,45.75566700077616,7,0,44.61308300960809,0.09337498340755701,0.0006249756552278996,44.707291992381215,7,0
000960168,38.58279198175296,1.0551660088822246,0.0006250047590583563,39.63899999507703,7,0,38.47791600855999,0.08837500354275107,0.000500003807246685,38.567125011468306,7,0
001110009,47.62425000080839,1.9134579924866557,0.00041601015254855156,49.538582999957725,9,0,47.494124999502674,0.11166601325385273,0.0004580069798976183,47.606583015294746,9,0
001110023,52.68708401126787,2.68829200649634,67.8013330034446,123.17716699908487,14,1,52.03204197459854,0.1650409831199795,56.88704102067277,109.0846250008326,14,1
001110039,58.50766701041721,2.68529198365286,0.0007500057108700275,61.19412500993349,13,0,54.41991600673646,0.17283300985582173,0.0005829788278788328,54.593709006439894,13,0
001110040,42.50916698947549,0.9607080137357116,0.0005839974619448185,43.47091697854921,7,0,42.58641699561849,0.10508298873901367,0.0007089984137564898,42.692832998000085,7,0
001110047,64.70666700624861,2.6573749782983214,0.0006250047590583563,67.36529100453481,12,0,65.07895802496932,0.15787500888109207,0.0007080088835209608,65.23783301236108,12,0
001110056,53.374791983515024,3.194499993696809,91.37387498049065,147.94374999473803,17,2,53.0132909771055,0.2033339987974614,98.17025001393631,151.38766702148132,17,2
001110060,46.378125000046566,2.0051670144312084,37.53637499175966,85.92025001416914,12,1,46.5213340066839,0.1530410081613809,47.50908399000764,94.18416698463261,12,1
001110067,56.80979200406,3.3449170005042106,81.28941597533412,141.44495798973367,16,2,56.77670901059173,0.20916701760143042,72.19870897824876,129.18537500081584,16,2
001110072,45.350708009209484,2.4613749992568046,39.37566699460149,87.18829200370237,15,1,45.5220419971738,0.17979199765250087,40.456582995830104,86.15879199351184,15,1
001110076,62.70645800395869,4.03745801304467,0.000500003807246685,66.74483401002362,16,0,62.55287499516271,0.19758299458771944,0.0005839974619448185,62.75145898689516,16,0
001110094,54.40424999687821,3.05054199998267,0.000500003807246685,57.45558300986886,16,0,54.27333401166834,0.19866699585691094,0.0006250047590583563,54.47295799967833,16,0
001110099,52.5622499990277,3.3340000081807375,0.00045797787606716156,55.896999983815476,16,0,52.11862499709241,0.20212499657645822,0.0006249756552278996,52.32195899588987,16,0
001110114,69.78849999723025,5.200999992666766,38.97195801255293,113.96220800816081,17,1,70.6404999946244,0.21320799714885652,39.52633298467845,110.38045800523832,17,1
001110129,54.22708301921375,2.877125021768734,0.0006660120561718941,57.105334009975195,13,0,54.61079199449159,0.1746669877320528,0.0007089984137564898,54.78654202306643,13,0
001110135,45.683917007409036,1.7019170045387,43.07466701720841,90.46095801750198,10,1,45.87375000119209,0.1250420173164457,52.97516699647531,98.97441702196375,10,1
001110137,70.79399999929592,5.433124984847382,41.352708998601884,117.58037499384955,17,1,71.13295799354091,0.2492500061634928,45.9472079819534,117.33016700600274,17,1
001110141,63.871624995954335,4.531208018306643,107.18366698711179,175.5874170048628,17,2,63.98495897883549,0.22950000129640102,91.28337498987094,155.4986249830108,17,2
001110151,44.746208004653454,1.9268330070190132,0.000667001586407423,46.674083976540715,11,0,44.4079999870155,0.12608300312422216,0.0005410111043602228,44.53491701860912,11,0
001110173,48.12033401685767,2.769832994090393,0.0006250047590583563,50.89108299580403,15,0,48.335416009649634,0.1924170064739883,0.000500003807246685,48.52875001961365,15,0
001120010,38.7313749815803,1.3203330163378268,0.0005839974619448185,40.05262500140816,8,0,38.765499979490414,0.09795802179723978,0.000500003807246685,38.864374975673854,8,0
001120024,45.80537500442006,2.93445898569189,58.096583001315594,106.83716699713841,16,1,46.42450000392273,0.18166599329560995,37.59900000295602,84.20583300176077,16,1
001120031,44.416042015654966,2.0920420065522194,0.0006250047590583563,46.509333013091236,14,0,44.67750000185333,0.1686670002527535,0.0005839974619448185,44.8471249837894,14,0
001120038,45.83858299884014,2.113416005158797,0.0005830079317092896,47.95274999924004,12,0,46.58375002327375,0.16329099889844656,0.0004580069798976183,46.747832995606586,12,0
001120063,47.70133399870247,2.78791700839065,0.0005840265657752752,50.490250025177374,13,0,47.78141700080596,0.15404200530610979,0.000500003807246685,47.9362920159474,13,0
001120078,52.58033299469389,3.2219999993685633,0.0005839974619448185,55.803250026656315,15,0,52.70208400906995,0.18079200526699424,0.0006249756552278996,52.883957978338,15,0
001120090,44.26933400100097,1.8047909834422171,63.857915985863656,109.93270800099708,9,1,44.45549999945797,0.1257499970961362,47.258582984795794,91.8403749819845,9,1
001120097,52.82174999592826,3.3910830097738653,43.919374991673976,100.13299999991432,18,1,52.836667018709704,0.21595900761894882,41.67687500012107,94.73020801669918,18,1
001120098,47.73645801469684,2.504290983779356,0.0007079797796905041,50.24191600386985,13,0,47.58362501161173,0.16283398144878447,0.0006660120561718941,47.74770900257863,13,0
001120101,45.780332991853356,2.2664169955533,0.0007080088835209608,48.04787499597296,11,0,45.18316697794944,0.13433399726636708,0.0005830079317092896,45.31887502525933,11,0
001120105,63.15975001780316,4.335083998739719,60.13233299017884,127.62754200957716,16,1,63.659415987785906,0.1987910072784871,38.30025001661852,102.15879199677147,16,1
001120119,62.24345800001174,5.260207981336862,114.44291699444875,181.94741700426675,24,3,62.71120798191987,0.2895000216085464,135.33245798316784,198.33395798923448,24,3
001120130,40.23954100557603,1.4433750184252858,0.0006250047590583563,41.68395799933933,9,0,40.00658300356008,0.11245801579207182,0.0005830079317092896,40.11991701554507,9,0
001120136,44.71749998629093,1.993332989513874,0.00045899651013314724,46.71170801157132,11,0,44.77341700112447,0.12729098671115935,0.0004580069798976183,44.9014579935465,11,0
001120141,58.369083009893075,3.615916008129716,39.77320800186135,101.75891700782813,13,1,64.05912499758415,0.16537500778213143,40.4885410098359,104.71387501456775,13,1
001120148,55.64275002689101,3.3890840131789446,113.08699997607619,172.11949999909848,18,2,62.488791008945554,0.21016699611209333,99.8423749988433,162.5419170013629,18,2
001120156,48.18645797786303,2.808916993672028,0.0005830079317092896,50.99654197692871,16,0,47.192958008963615,0.1957500062417239,0.0006250047590583563,47.39004201837815,16,0
001120159,46.33841698523611,2.3263340117409825,102.4133329920005,151.07866600737907,14,2,46.122125000692904,0.15249999705702066,95.30662500765175,141.58179200603627,14,2
001120162,40.31662500347011,1.6020839975681156,0.0004580069798976183,41.919542010873556,10,0,39.9377919966355,0.13262499123811722,0.0005409820005297661,40.07124999770895,10,0
001130002,45.95116598648019,1.7369580164086074,0.0006669724825769663,47.68908300320618,9,0,45.869584020692855,0.11074999929405749,0.0005829788278788328,45.98116598208435,9,0
001130019,64.71883298945613,4.20366702019237,100.39204100030474,169.31533301249146,17,2,64.85995801631361,0.2243329945486039,102.43158301454969,167.51633302192204,17,2
001130021,56.46329099545255,3.079583024373278,0.0007909839041531086,59.54404198564589,14,0,56.57295900164172,0.18804101273417473,0.0005830079317092896,56.76208299701102,14,0
001130023,56.33216700516641,2.8066250088158995,0.0005830079317092896,59.1399580007419,10,0,56.57383397920057,0.13204201241023839,0.0005839974619448185,56.70670798281208,10,0
001130024,62.53308299346827,3.533500013872981,0.0005839974619448185,66.06766700861044,12,0,61.855334002757445,0.18391699995845556,0.0007920025382190943,62.040582997724414,12,0
001130039,52.6277500030119,2.321041014511138,0.0006250047590583563,54.949792014667764,11,0,52.97879199497402,0.14150000060908496,0.00033300602808594704,53.12100000446662,11,0
001130047,54.21270802617073,3.0844580032862723,0.0006249756552278996,57.29804199654609,15,0,53.99858299642801,0.18066700431518257,0.0006249756552278996,54.180084000108764,15,0
001130054,52.35258399625309,2.6547499874141067,0.0004580069798976183,55.00824999762699,11,0,51.945957995485514,0.1348750083707273,0.00029199873097240925,52.08150000544265,11,0
001130073,70.49558300059289,4.285458999220282,91.75599997979589,166.5375419834163,15,2,71.2837080063764,0.20983300055377185,89.17900000233203,160.6727500038687,15,2
001130074,44.66904199216515,1.8405419832561165,0.0005420006345957518,46.51058299350552,10,0,44.41941701225005,0.11795799946412444,0.0006250047590583563,44.538291986100376,10,0
001130082,65.4222079901956,2.8400409792084247,0.0005420006345957518,68.26304199057631,10,0,65.35437499405816,0.17120799748227,0.0008330098353326321,65.52704100613482,10,0
001130087,64.7674580104649,3.1424159824382514,0.00045797787606716156,67.91083299322054,11,0,65.09491600445472,0.15320800594054163,0.000500003807246685,65.24891700246371,11,0
001130102,75.34754200605676,4.352624993771315,0.000500003807246685,79.7012499824632,14,0,75.47337500727735,0.20308300736360252,0.000500003807246685,75.67733302130364,14,0
001130118,61.707125016255304,3.5022090014535934,108.84650002117269,174.05658299685456,15,2,60.94854199909605,0.2190409868489951,141.67141600046307,202.8396670066286,15,2
001130123,93.75987498788163,8.241208008257672,83.0041250155773,185.00595798832364,19,2,96.88537500915118,0.31362500158138573,94.39824998844415,191.59799997578375,19,2
001130138,61.32658300339244,3.5739580052904785,65.16045800526626,130.06179200601764,12,1,61.38683401513845,0.17987500177696347,59.54904202371836,121.11633300082758,12,1
001130155,39.99287501210347,1.2525420170277357,0.0006250047590583563,41.24670798773877,7,0,40.23212500032969,0.10941698565147817,0.0007080088835209608,40.34283399232663,7,0
001130168,56.357666006078944,3.257167001720518,0.0005840265657752752,59.616041980916634,14,0,56.99533299775794,0.18758297665044665,0.000667001586407423,57.1838750038296,14,0
001130173,45.653542008949444,1.7856670019682497,0.0004169996827840805,47.439916990697384,9,0,45.64408300211653,0.12066599447280169,0.0005410111043602228,45.76583398738876,9,0
001140045,40.12358299223706,1.8975829880218953,0.00037500285543501377,42.02208397327922,12,0,40.20991700235754,0.13333300012163818,0.000500003807246685,40.34408400184475,12,0
001140046,37.61641701566987,1.7202919989358634,0.000500003807246685,39.33754199533723,14,0,37.62016701512039,0.14570800703950226,0.0005410111043602228,37.7669169974979,14,0
001140049,98.55487500317395,6.206958991242573,0.0005830079317092896,104.7628749802243,14,0,94.16449998388998,0.22908300161361694,0.00037500285543501377,94.39420900889672,14,0
001140054,38.56133299996145,1.604167016921565,0.0003329769242554903,40.166125021642074,12,0,38.809999998193234,0.1294999965466559,0.0005420006345957518,38.940458005527034,12,0
001140056,46.26683300011791,2.546582982176915,74.55458299955353,123.36862497613765,14,1,46.08520900364965,0.16483300714753568,55.22708399803378,101.47766600130126,14,1
001140059,44.24337501404807,1.9539169734343886,0.0005420006345957518,46.1982499982696,12,0,44.363749999320135,0.13862500782124698,0.000667001586407423,44.50345798977651,12,0
001140064,62.056042021140456,3.2647499756421894,97.92629201547243,163.24770799838006,13,2,69.29895799839869,0.18283299868926406,92.09991700481623,161.58241700031795,13,2
001140068,45.67116699763574,2.2631250030826777,0.0004159810487180948,47.935209004208446,13,0,46.27866702503525,0.16191700706258416,0.0006250047590583563,46.44175001885742,13,0
001140099,56.59287501475774,3.8622090069111437,40.49312500865199,100.94887498416938,18,1,55.91362502309494,0.22358301794156432,50.465500011341646,106.60333299892955,18,1
001140100,61.78887499845587,3.030416992260143,46.917792002204806,111.73754199990071,11,1,61.894250015029684,0.15300000086426735,57.75404200539924,119.80216600932181,11,1
001140104,44.484458019724116,2.1065420005470514,41.929125000024214,88.52087499690242,12,1,44.380709005054086,0.15704199904575944,45.771374978357926,90.30966699356213,12,1
001140108,40.21658399142325,1.997250015847385,0.0005829788278788328,42.21487502218224,14,0,40.2140420046635,0.1580829848535359,0.0007079797796905041,40.37329100538045,14,0
001140120,69.18762499117292,4.928165988530964,0.0006250047590583563,74.1167500091251,17,0,69.72566701006144,0.22387498756870627,0.0006250047590583563,69.95083400397561,17,0
001140130,40.68045798339881,1.6880000184755772,38.94987498642877,81.31879099528305,11,1,40.600125008495525,0.1283750170841813,43.48487500101328,84.2138750012964,11,1
001140133,61.639958003070205,3.4649169829208404,48.960624990286306,114.06616700696759,12,1,62.119666021317244,0.181332987267524,46.03991701151244,108.34162501851097,12,1
001140140,45.74354100623168,2.197875001002103,40.784375014482066,88.72645802330226,12,1,45.956082991324365,0.16670901095494628,40.9386670216918,87.06195798004046,12,1
001140146,70.06999998702668,6.434083014028147,86.27362502738833,162.77858399553224,24,2,70.21562498994172,0.31379100983031094,90.25766598642804,160.7876249763649,24,2
001140159,44.639250001637265,1.793833012925461,0.00033300602808594704,46.43362501519732,11,0,44.82666699914262,0.1290829968638718,0.0005410111043602228,44.95670800679363,11,0
001140163,47.568667010637,1.6407499788329005,0.0005830079317092896,49.210375000257045,8,0,47.725000011269,0.10670899064280093,0.0007079797796905041,47.83283401047811,8,0
001200015,68.74208300723694,8.119999984046444,82.29745802236721,159.1601670079399,31,2,69.22400000621565,0.38574999780394137,91.06166701531038,160.67191600450315,31,2
001200016,69.11954199313186,5.872209003427997,41.391000006115064,116.38337498879991,21,1,69.11495799431577,0.2862499968614429,40.41366701130755,109.81533298036084,21,1
001200050,60.99220798932947,5.996374995447695,0.0006250047590583563,66.9894999882672,26,0,60.81408399040811,0.30012501520104706,0.0007089984137564898,61.115332995541394,26,0
001200081,52.7342910063453,4.381707985885441,0.0004580069798976183,57.11695799254812,21,0,52.820042008534074,0.2429999876767397,0.0006250047590583563,53.06400000699796,21,0
001200098,48.40541700832546,3.5072089813183993,0.0005830079317092896,51.913458009948954,18,0,48.18595800315961,0.19824999617412686,0.0005830079317092896,48.38504199869931,18,0
001200103,56.47549999412149,4.430917004356161,0.000667001586407423,60.90762501116842,21,0,56.11266699270345,0.23779200273565948,0.0004169996827840805,56.3511669752188,21,0
001200114,61.2333330209367,5.777290993137285,40.313542005605996,107.32466701301746,24,1,61.734332994092256,0.2777080226223916,40.538459026720375,102.55100001813844,24,1
001200121,40.26324997539632,1.997667015530169,0.0005409820005297661,42.26212500361726,14,0,39.727208990370855,0.1452089927624911,0.000667001586407423,39.87345800851472,14,0
001200126,39.88283302169293,1.7816659819800407,0.00037497375160455704,41.665042022941634,11,0,39.62458300520666,0.13154098996892571,0.0007079797796905041,39.75716698914766,11,0
001200145,56.76587499328889,5.137959000421688,36.88720799982548,98.79183399607427,22,1,56.06254099984653,0.26950001483783126,36.46608299459331,92.798458004836,22,1
001200146,56.84908400871791,5.192209006054327,79.92254200507887,141.96433301549405,24,2,56.961209018481895,0.29170801280997694,86.91766700940207,144.17129202047363,24,2
001200159,44.89783299504779,2.184749988373369,36.17133302032016,83.25450000120327,14,1,44.81024999404326,0.1702499866951257,41.11320900847204,86.09429199714214,14,1
001200161,54.46170800132677,4.405959014547989,0.0006250047590583563,58.868750027613714,23,0,54.7062499972526,0.2480830007698387,0.000667001586407423,54.95545800658874,23,0
001200162,44.23062500427477,2.5176249910146,0.0007500057108700275,46.74929199973121,17,0,44.26020898972638,0.20037501235492527,0.0005830079317092896,44.461541023338214,17,0
001200168,47.67433399683796,4.008084011729807,67.2388749953825,118.92187499324791,24,1,48.21325000375509,0.2626249915920198,47.26045799907297,95.73691699188203,24,1
001200209,52.507457992760465,4.633125005057082,0.0006250047590583563,57.14170899591409,24,0,52.52758401911706,0.25420798920094967,0.0005839974619448185,52.78287499095313,24,0
001200210,68.13820800743997,6.57845800742507,0.000667001586407423,74.71758301835507,24,0,65.79191700438969,0.28825001209042966,0.0003329769242554903,66.08079100260511,24,0
001200306,52.128707990050316,3.085999982431531,0.0005839974619448185,55.21595900063403,17,0,51.92058300599456,0.18224999075755477,0.0008330098353326321,52.10400000214577,17,0
001200338,53.0951659893617,3.8007920084055513,37.46550000505522,94.36204200028442,21,1,59.31350000901148,0.22175000049173832,41.69833299238235,101.23433300759643,21,1
001200350,63.224707992048934,5.059041024651378,0.0006659829523414373,68.28495900845155,23,0,56.73170799855143,0.27137500001117587,0.0007500057108700275,57.00445899856277,23,0
001220013,40.49666700302623,1.6355840198229998,0.0006250047590583563,42.13329099002294,11,0,40.61625001486391,0.12304101255722344,0.0006250047590583563,40.74016702361405,11,0
001220015,47.922665980877355,2.8125410026405007,39.574458001879975,90.31029199832119,15,1,48.11579201486893,0.17241699970327318,36.8619579821825,85.15079200151376,15,1
001220021,46.32016699179076,1.9912499992642552,41.67525001685135,89.98762498958968,11,1,46.21433399734087,0.1432499848306179,44.655875011812896,91.01416601333767,11,1
001220031,55.69875001674518,3.0836249934509397,0.0005839974619448185,58.78387502161786,14,0,56.13337500835769,0.18462500884197652,0.0007080088835209608,56.318959017517045,14,0
001220034,52.512291993480176,2.2765829926356673,0.0005829788278788328,54.78962499182671,11,0,52.52504098461941,0.13858301099389791,0.0006250047590583563,52.664499991806224,11,0
001220037,39.9032499990426,1.265750004677102,0.0004580069798976183,41.169790987623855,7,0,39.9742919835262,0.1017920149024576,0.00045797787606716156,40.07683400413953,7,0
001220038,44.326708011794835,1.7708330124150962,0.000500003807246685,46.098209015326574,11,0,44.456834002630785,0.1230000052601099,0.000500003807246685,44.5805829949677,11,0
001220051,47.18633400625549,2.0503749838098884,0.000667001586407423,49.23783300910145,11,0,46.866458986187354,0.15391601482406259,0.0005410111043602228,47.02133301179856,11,0
001220068,45.625291008036584,2.2265829902607948,37.5963750120718,85.44887500465848,13,1,45.73329200502485,0.15004200395196676,42.0939160103444,87.9778329981491,13,1
001220093,47.92841599555686,2.4628750106785446,0.0006250047590583563,50.392334000207484,13,0,47.47808398678899,0.17250000382773578,0.0006249756552278996,47.65175000648014,13,0
001220101,46.462500002235174,2.4405409931205213,42.3655410122592,91.26916597597301,14,1,46.929124975577,0.15554099809378386,41.356207977514714,88.44133300590329,14,1
001220104,45.3240420029033,1.5622090140823275,0.000500003807246685,46.887332980986685,8,0,44.791583000915125,0.1143749977927655,0.0005420006345957518,44.90670800441876,8,0
001220127,63.96479098475538,4.474000015761703,42.44466600357555,110.88395799743012,17,1,64.20779100153595,0.22683301358483732,42.2057080140803,106.64083401206881,17,1
001220129,48.453499999595806,2.3514579806942493,39.031334017636254,89.83679197262973,12,1,48.39566600276157,0.1602910051587969,35.21466700476594,83.77137500792742,12,1
001220137,61.813084001187235,4.898542014416307,0.0005420006345957518,66.71254200045951,17,0,61.354750010650605,0.2160829899366945,0.0007500057108700275,61.57237500883639,17,0
001220138,55.81937500392087,2.824499999405816,0.0005830079317092896,58.64487501094118,11,0,55.47166598262265,0.14345801901072264,0.0006250047590583563,55.616124998778105,11,0
001220159,61.12233301973902,2.6880000077653676,0.00045899651013314724,63.81120899459347,9,0,60.80679097794928,0.13308401685208082,0.000541971530765295,60.94075000146404,9,0
001220163,46.14724998828024,2.0300000032875687,0.00045899651013314724,48.178166995057836,10,0,46.277749992441386,0.12666700058616698,0.0007500057108700275,46.40566700254567,10,0
001220166,45.86945800110698,2.222124981926754,42.1513750043232,90.24358398164622,13,1,46.253209002316,0.14695897698402405,43.03895801422186,89.4396250077989,13,1
001220168,44.951625022804365,2.232833008747548,0.0005420006345957518,47.185499977786094,14,0,44.91733401664533,0.1540409866720438,0.00041601015254855156,45.07212500902824,14,0
001330002,47.0008330012206,2.1962499886285514,106.28366700257175,155.4812919930555,12,2,46.772000001510605,0.15733399777673185,82.44020800339058,129.37016700743698,12,2
001330027,45.08279199944809,1.3490839919541031,0.0006250047590583563,46.433125011390075,8,0,44.34162500547245,0.11837499914690852,0.0006250047590583563,44.46100001223385,8,0
001330033,61.26083299750462,3.0574170232284814,0.0006249756552278996,64.31941699702293,12,0,60.83891601883806,0.15883299056440592,0.000500003807246685,60.99841700051911,12,0
001330057,47.137125016888604,2.380916994297877,0.0007089984137564898,49.519042018800974,11,0,46.88095799065195,0.13804101035930216,0.00033300602808594704,47.01962502440438,11,0
001330067,45.27591698570177,1.8949579971376806,0.0004169996827840805,47.17162498855032,9,0,45.34266600967385,0.11166601325385273,0.0005420006345957518,45.45529201277532,9,0
001330068,45.00191600527614,2.1089999936521053,0.0004580069798976183,47.111791995121166,11,0,44.879291992401704,0.13108400162309408,0.0007500057108700275,45.01150001306087,11,0
001330075,54.06587501056492,3.428542026085779,40.20570797729306,97.70099999150261,16,1,54.721916996641085,0.1897919864859432,40.82195900264196,95.73429200099781,16,1
001330097,45.41804100153968,2.723332989262417,37.10445901378989,85.24641700205393,17,1,45.768999989377335,0.1962919777724892,44.650458003161475,90.616500005126,17,1
001330099,55.71287500788458,4.05783299356699,136.01845799712464,195.79008300206624,21,3,56.770334020256996,0.2442909753881395,128.06454100064002,185.0798330269754,21,3
001330112,48.73824998503551,2.2295829840004444,0.0006250047590583563,50.968791998457164,11,0,48.331625002902,0.13158298679627478,0.0007079797796905041,48.46408398589119,11,0
001330115,55.69141698651947,3.5974170023109764,0.000500003807246685,59.28958399454132,13,0,55.76524999924004,0.18037500558421016,0.0006250047590583563,55.946749984286726,13,0
001330118,70.34270800068043,5.638750008074567,47.22683399450034,123.2089170080144,19,1,73.10558299650438,0.24008299806155264,49.081999983172864,122.42845899891108,19,1
001330126,72.60320900240913,6.841333000920713,127.60541701572947,207.05070800613612,23,2,81.67358298669569,0.3002499870490283,87.39879098720849,169.3734579894226,23,2
001330128,63.54029200156219,5.000582983484492,104.3534170021303,172.8954580030404,20,2,63.441291014896706,0.2562080044299364,81.09058300033212,144.78858301299624,20,2
001330129,46.08204201213084,2.2468339884653687,0.0005830079317092896,48.33004099782556,13,0,46.57850001240149,0.16095800674520433,0.0006249756552278996,46.7406670213677,13,0
001330143,61.60066698794253,3.7347080069594085,0.0006250047590583563,65.33641699934378,13,0,62.24120801198296,0.19137500203214586,0.0006250047590583563,62.4336670152843,13,0
001330146,69.20266701490618,4.337791993748397,0.0005830079317092896,73.54137499351054,15,0,70.29033298022114,0.19833300029858947,0.0006250047590583563,70.48958298400976,15,0
001330155,39.839500008383766,1.4975419908296317,0.000500003807246685,41.33795801317319,8,0,39.625083009013906,0.09991700062528253,0.0005420006345957518,39.72599998814985,8,0
001330170,52.81225001090206,2.1216250024735928,0.000500003807246685,54.93466599727981,10,0,52.84845799906179,0.12650000280700624,0.0007080088835209608,52.97591700218618,10,0
001330172,52.15233299531974,2.529249992221594,37.94574999483302,92.62808298808523,12,1,51.91499998909421,0.16650001634843647,48.66754202521406,100.74962500948459,12,1
001490002,52.087292016949505,3.1382919987663627,37.04520800965838,92.27133399690501,14,1,51.924666011473164,0.1567919971421361,35.830332984915,87.91245799511671,14,1
001490016,46.73037497559562,2.5878330052364618,61.407792003592476,110.72658401099034,15,1,46.74208298092708,0.18204201478511095,38.18320800201036,85.10787499835715,15,1
001490024,45.738000015262514,2.475667017279193,37.52962499856949,85.7441250118427,15,1,45.956333982758224,0.16412499826401472,36.22670899494551,82.34766699024476,15,1
001490032,55.728625011397526,2.6284169871360064,0.0005839974619448185,58.35812498116866,13,0,55.51158299203962,0.1648339966777712,0.0006250047590583563,55.67750000045635,13,0
001490039,52.82633300521411,2.6292910042684525,0.00033300602808594704,55.456166999647394,13,0,52.35970899229869,0.18187498790211976,0.000667001586407423,52.54270799923688,13,0
001490045,64.0692499873694,4.901540989521891,76.86958301928826,145.8414160006214,20,2,63.386957976035774,0.2623329928610474,81.48379100020975,145.13370901113376,20,2
001490052,51.74058402189985,2.835916995536536,76.54779200674966,131.12504099262878,16,2,51.73229199135676,0.1934999891091138,82.34391701989807,134.2704159906134,16,2
001490056,55.28362499899231,3.123583010165021,41.81570801301859,100.22354201646522,15,1,55.21225000848062,0.1906669931486249,44.32316601742059,99.72679198835976,15,1
001490077,70.56329198530875,5.913834000239149,37.34379098750651,113.82170798606239,21,1,70.40537500870414,0.28670800384134054,42.528541991487145,113.22112500783987,21,1
001490080,74.39862500177696,5.167750001419336,60.765583999454975,140.33270798972808,16,1,73.96729200263508,0.24049999774433672,48.954333004076034,123.16270801238716,16,1
001490093,48.18958300165832,3.2849169801920652,0.0008750066626816988,51.47591698914766,16,0,47.806042013689876,0.1976249914150685,0.0007080088835209608,48.00470900954679,16,0
001490101,72.51558298594318,5.615166010102257,0.0005830079317092896,78.13166701816954,16,0,72.31804198818281,0.23962499108165503,0.0007500057108700275,72.55874999100342,16,0
001490109,47.03941597836092,1.9984999962616712,0.00033300602808594704,49.03866699896753,10,0,47.209209005814046,0.1272080116905272,0.0006250047590583563,47.33737499918789,10,0
001490127,56.87462500645779,3.5254579852335155,117.60554200736806,178.00616699969396,17,2,56.453708006301895,0.1985830022022128,72.60545899043791,129.25820899545215,17,2
001490131,45.93616700731218,1.7556249804329127,0.0004580069798976183,47.69249999662861,9,0,45.81995800253935,0.12687500566244125,0.0005839974619448185,45.947874983539805,9,0
001490138,47.54245901131071,2.4111669918056577,0.0007499766070395708,49.95466599939391,12,0,47.59512501186691,0.16520899953320622,0.000667001586407423,47.76145800133236,12,0
001490153,56.37974999262951,3.7107919924892485,38.659917016047984,98.7510840059258,17,1,56.978541979333386,0.20512499031610787,50.21687500993721,107.40095897926949,17,1
001490155,38.33233399200253,0.9970410028472543,61.80141700315289,101.13120800815523,7,1,38.208084006328136,0.10262499563395977,41.95299997809343,80.26433299528435,7,1
001490161,46.63154200534336,1.768957998137921,0.0006250047590583563,48.401584004750475,7,0,46.65108400513418,0.11358398478478193,0.000667001586407423,46.76574998302385,7,0
001490171,38.06695798994042,1.1098750110249966,0.00037500285543501377,39.177625003503636,8,0,38.392958987969905,0.10299999848939478,0.0005839974619448185,38.496833003591746,8,0
001570024,65.06649998482317,4.8893339990172535,0.0008750066626816988,69.95720797567628,21,0,63.43491698498838,0.2496250090189278,0.0004169996827840805,63.685291999718174,21,0
001570030,83.81175002432428,10.477707983227447,246.6400419943966,340.93024997855537,40,5,74.36704100109637,0.48020799295045435,232.79641699627973,307.6446670165751,40,5
001570034,56.39395900652744,4.428749991348013,0.000500003807246685,60.82379099098034,21,0,56.815417017787695,0.25554202147759497,0.0005829788278788328,57.072209019679576,21,0
001570061,56.25829199561849,4.468917002668604,76.91620898549445,137.6442080072593,23,2,56.19999999180436,0.2684170030988753,74.71662500756793,131.18570900405757,23,2
001570072,54.201916995225474,4.181500000413507,0.0005839974619448185,58.384375006426126,22,0,54.44212499423884,0.2593340177554637,0.000667001586407423,54.702833003830165,22,0
001570100,44.854208012111485,2.425916987704113,35.61354099656455,82.89433299796656,15,1,44.969167007366195,0.17216699779964983,37.12612498202361,82.2679589909967,15,1
001570165,45.040749973850325,2.427542000077665,50.88091699872166,98.34995900746435,15,1,44.92608399596065,0.17679098527878523,38.358749996405095,83.46220801468007,15,1
001570185,45.94520898535848,2.6093329943250865,0.0005829788278788328,48.55545799364336,16,0,45.931417000247166,0.16933400183916092,0.0005830079317092896,46.10183401382528,16,0
001570194,56.403374997898936,3.953667008318007,39.044042001478374,99.40199999255128,20,1,52.63849999755621,0.2102079743053764,40.49587500048801,93.34508399479091,20,1
001570203,46.99124998296611,2.5898750172927976,62.36266699852422,111.94450000766665,15,1,45.864167012041435,0.18245799583382905,52.876208996167406,98.92362501705065,15,1
001570212,47.043625003425404,3.271875000791624,66.34954200126231,116.66554198018275,19,1,47.264124994399026,0.21500000730156898,52.33237499487586,99.811916006729,19,1
001570216,52.88299999665469,4.298917017877102,82.19704197836109,139.3796670017764,23,2,52.900916984071955,0.255541002843529,104.63395901024342,157.79112500604242,23,2
001570269,69.96312498813495,6.478124996647239,77.70824999897741,154.15020799264312,27,2,69.96958400122821,0.32554101198911667,78.26120799290948,148.55691601405852,27,2
001570272,44.96804199879989,1.792416995158419,0.0004580069798976183,46.761375007918105,11,0,44.68595900107175,0.14370799181051552,0.0006250047590583563,44.83075000462122,11,0
001570290,52.792292000958696,3.8990830071270466,80.69679199252278,137.38900001044385,22,2,52.80608299653977,0.24608298554085195,79.51366598717868,132.5666249904316,22,2
001570316,61.90462500671856,5.5911249946802855,38.25508299632929,105.75158300343901,24,1,61.833292013034225,0.28458298766054213,40.5348330095876,102.65350001282059,24,1
001570324,61.6668330039829,5.976166983600706,34.65887499623932,102.30258299270645,24,1,61.63000001106411,0.28649999876506627,34.6801670093555,96.59720797208138,24,1
001570325,64.99058401095681,7.430833007674664,69.7420000215061,142.16400001896545,30,2,65.07687500561588,0.3698750224430114,75.55720800883137,141.00445798248984,30,2
001570361,55.272917001275346,4.54479199834168,141.21508301468566,201.03349999408238,24,3,55.040459003066644,0.2888329909183085,141.9342909939587,197.2642500186339,24,3
001570378,55.24645798141137,4.62925000465475,69.21312501071952,129.08975000027567,25,2,55.10233298991807,0.2832910104189068,68.06150000193156,123.44787499750964,25,2
003060002,61.277540982700884,4.842499998630956,59.40420800470747,125.52491598762572,22,1,61.2043330038432,0.2635409764479846,41.77499999059364,103.24366699205711,22,1
003060017,52.98624999704771,3.8557499938178807,48.57545898994431,105.41816698969342,21,1,60.802332998719066,0.23645799956284463,51.598458987427875,112.63804201735184,21,1
003060025,86.13341700402088,11.475791980046779,101.01437498815358,198.62445897888392,34,2,97.27229201234877,0.4580829991027713,98.83920798893087,196.57037500292063,34,2
003060028,74.3691670068074,8.577708009397611,0.0005839974619448185,82.94820901937783,30,0,74.2220840184018,0.3704999980982393,0.000541971530765295,74.59341600770131,30,0
003060064,65.20625000121072,6.099958001868799,38.53983400040306,109.84658301458694,24,1,65.71024999720976,0.31037500593811274,40.57629100861959,106.59733400098048,24,1
003060087,72.19554102630354,7.364291988778859,51.769499987130985,131.32991598104127,23,1,71.96404100977816,0.31266699079424143,44.627833005506545,116.90516700036824,23,1
003060107,57.00637502013706,3.655499982414767,0.000667001586407423,60.66300001111813,17,0,59.32229201425798,0.22183399414643645,0.0007500057108700275,59.54533300246112,17,0
003060161,57.132207992253825,4.009041003882885,38.82820799481124,99.97029197984375,19,1,56.19820798165165,0.23504201089963317,40.48829199746251,96.92224999889731,19,1
003060186,53.15487500047311,3.3035840024240315,38.62970898626372,95.08887500851415,17,1,53.31641700468026,0.21304099936969578,40.888542018365115,94.41841702209786,17,1
003060226,55.282624991377816,4.025917005492374,0.0007920025382190943,59.309791977284476,18,0,55.50329200923443,0.21316698985174298,0.00037500285543501377,55.717208015266806,18,0
003060229,53.06145900976844,3.4433330001775175,0.0006659829523414373,56.50583398528397,16,0,52.40616700029932,0.20279097952879965,0.0006250047590583563,52.60999998426996,16,0
003060235,54.875041998457164,3.8661670114379376,79.48712501092814,138.22887500282377,18,2,54.74316599429585,0.20545799634419382,78.11654100078158,133.065624977462,18,2
003060245,66.35199999436736,5.23079201229848,0.0006250047590583563,71.58379201428033,19,0,65.66733299405314,0.2626249915920198,0.0007080088835209608,65.93116698786616,19,0
003060259,57.04208300448954,4.488041013246402,0.0006250047590583563,61.53120900853537,20,0,57.17029198422097,0.2348329871892929,0.0005409820005297661,57.40620900178328,20,0
003060263,72.96312501421198,8.564165997086093,0.0005410111043602228,81.52825001161546,28,0,73.18162501906045,0.34825000329874456,0.0006660120561718941,73.53087500086986,28,0
003060285,56.61441700067371,4.650292015867308,83.6216659808997,144.8869579762686,22,2,56.665708019863814,0.2511669881641865,91.07225001207553,147.98983299988322,22,2
003060291,70.5292499915231,6.832166982349008,42.331500008003786,119.69383401446976,26,1,70.37325002602302,0.34320802660658956,39.92266600835137,110.63966597430408,26,1
003060306,79.21137497760355,8.142999984556809,0.0005410111043602228,87.35524999792688,20,0,77.86804100032896,0.2734169829636812,0.0005839974619448185,78.14241698361002,20,0
003060319,47.42441599955782,2.1440419950522482,39.88733299775049,89.45662499172613,12,1,48.141041974304244,0.1709159987512976,41.031082975678146,89.34391700313427,12,1
003060337,61.27237499458715,5.680708010913804,112.29204200208187,179.24595798831433,24,3,61.42525002360344,0.2962500147987157,111.99758300790563,173.71974998968653,24,3
004570010,78.98320801905356,9.578416997101158,39.70837499946356,128.27075002132915,28,1,78.9861670054961,0.39324999670498073,46.38737498316914,125.76758401701227,28,1
004570071,47.831083997152746,3.2174999942071736,0.0006250047590583563,51.04975000722334,17,0,48.314833984477445,0.19295801757834852,0.0004999747034162283,48.50858301506378,17,0
004570074,61.87987499288283,5.776334000984207,0.0006659829523414373,67.65725000877865,24,0,62.054332986008376,0.2981249999720603,0.0006250047590583563,62.35341701540165,24,0
004570106,54.76291698869318,4.825040989089757,0.0006660120561718941,59.588917007204145,22,0,54.96508299256675,0.24762499378994107,0.0007089984137564898,55.21379198762588,22,0
004570124,45.07262498373166,2.1904160093981773,0.0005410111043602228,47.26395901525393,15,0,43.929874984314665,0.18233401351608336,0.0007499766070395708,44.113250012742355,15,0
004570129,46.68141601723619,2.566666982602328,40.569958015112206,89.81870900606737,14,1,46.312165999552235,0.1720830041449517,39.17154198279604,85.65633298712783,14,1
004570137,46.76595900673419,3.2407079997938126,36.858166015008464,86.86541698989458,19,1,46.803750010440126,0.21079200087115169,37.76200002175756,84.77712501189671,19,1
004570145,62.13708297582343,5.750790995080024,0.0005830079317092896,67.88891699397936,23,0,63.10883301193826,0.2648330118972808,0.0005830079317092896,63.37449999409728,23,0
004570146,62.71937501151115,3.4770409984048456,77.73566601099446,143.93258301424794,17,2,60.85700000403449,0.19370901281945407,82.15612499043345,143.207707995316,17,2
004570167,45.150291989557445,2.04433299950324,57.557874999474734,104.75320898694918,12,1,44.645624991972,0.1356670109089464,37.04133300925605,81.82324998779222,12,1
004570237,60.49925001570955,5.694415973266587,73.7801670038607,139.9744579975959,27,2,60.36137501359917,0.28954099980182946,71.00008300039917,131.65154101443477,27,2
004570256,54.19187500956468,4.0274999919347465,0.0006250047590583563,58.220291015459225,21,0,54.00416601332836,0.23299999884329736,0.0006659829523414373,54.23825001344085,21,0
004570259,72.0830409845803,7.770167023409158,0.0006249756552278996,79.85433298745193,27,0,71.41299999784678,0.35795898293145,0.0006250047590583563,71.77204100298695,27,0
004570268,44.92433398263529,2.4775000056251884,69.37820799066685,116.78049998590723,17,2,44.79799998807721,0.19424999481998384,70.97037500352599,115.96337499213405,17,2
004570283,65.36224999581464,5.749666015617549,0.0005420006345957518,71.11291700857691,22,0,64.72662501619197,0.28691699844785035,0.0004999747034162283,65.01441699219868,22,0
004570289,71.19849999435246,7.238624995807186,0.000500003807246685,78.43808399047703,25,0,71.06554199708626,0.3128749958705157,0.000667001586407423,71.37945800786838,25,0
004570300,69.96987501042895,7.173791993409395,0.0006250047590583563,77.14508299250156,26,0,70.20854201982729,0.33566702040843666,0.0005420006345957518,70.54516699281521,26,0
004570304,38.356290984665975,1.569542015204206,0.000500003807246685,39.926832978380844,12,0,38.60754199558869,0.1322080206591636,0.0005830079317092896,38.74074999475852,12,0
004570306,63.6829589784611,4.749084007926285,0.0004999747034162283,68.43279098393396,19,0,63.83833399740979,0.24699998903088272,0.0008330098353326321,64.0866250032559,19,0
004570374,48.057125008199364,2.937582990853116,37.651624996215105,88.64679199177772,16,1,47.48987499624491,0.1815419818740338,41.34450000128709,89.01641698321328,16,1
004610037,75.62745799077675,7.360249990597367,56.187542009865865,139.1760830010753,23,1,75.2155420195777,0.311999989207834,42.14695800328627,117.67512501683086,23,1
004610054,54.33949999860488,3.7201669765636325,73.63533301395364,131.69591600308195,18,2,54.75325000588782,0.2212089893873781,75.26450001751073,130.23949999478646,18,2
004610065,113.56170798535459,18.1426249910146,126.65900000138208,258.36395801161416,37,2,119.41158300032839,0.6483339820988476,107.96870800550096,228.02912499173544,37,2
004610129,47.85299999639392,2.240374975372106,44.893874990521,94.98816600535065,13,1,47.11600000155158,0.16704201698303223,43.7912920024246,91.07479199883528,13,1
004610148,70.13545901281759,3.0828340095467865,0.0005830079317092896,73.21920900722034,10,0,69.20708398683928,0.177707988768816,0.000500003807246685,69.38574998639524,10,0
004610151,52.47475000214763,2.7057919942308217,0.0005830079317092896,55.181500007165596,12,0,52.63445799937472,0.17412498709745705,0.0007500057108700275,52.8099579969421,12,0
004610176,38.34008300327696,1.607834012247622,0.0005420006345957518,39.948874997207895,12,0,38.205624994589016,0.1370000245515257,0.0006659829523414373,38.343667023582384,12,0
004610177,52.339250018121675,3.556957992259413,72.82904101884924,128.7257910007611,19,2,51.953208982013166,0.2074160147458315,73.19150000694208,125.35275000846013,19,2
004610182,74.81499999994412,8.068541006650776,43.90987500664778,126.79387500975281,29,1,74.41070899949409,0.3844170132651925,39.3452080024872,114.14108300232328,29,1
004610227,71.05604201206006,6.298250023974106,82.64004197553732,159.99504100182094,21,2,71.34020901867189,0.28287500026635826,84.11920900107361,155.7428750093095,21,2
004610230,71.98983401758596,6.48945799912326,36.98087498196401,115.46075000660494,24,1,71.6379999939818,0.32204200397245586,39.29320801398717,111.25437499140389,24,1
004610231,62.31241702334955,4.7780419990886,0.0005409820005297661,67.09141697501764,20,0,62.96708300942555,0.24645801750011742,0.0006659829523414373,63.21450002724305,20,0
004610238,54.3402920011431,3.8835000013932586,76.8230409885291,135.04741599899717,20,2,54.71004199353047,0.23045801208354533,75.30349999433383,130.24433300597593,20,2
004610239,79.35895802802406,3.5107500152662396,0.0005830079317092896,82.8707909968216,12,0,78.97020800737664,0.1662090071476996,0.00041601015254855156,79.13724999525584,12,0
004610246,44.68683400773443,2.018708997638896,0.0005420006345957518,46.70633299974725,13,0,48.84333300287835,0.1613750064279884,0.000667001586407423,49.005750013748184,13,0
004610266,55.44525000732392,3.0352910107467324,0.0005839974619448185,58.481667016167194,14,0,55.48383301356807,0.16358299762941897,0.000667001586407423,55.64837501151487,14,0
004610290,47.09191698930226,3.0054999806452543,57.553374994313344,107.65120899304748,18,1,46.74333400907926,0.22712498321197927,46.522334014298394,93.49333299905993,18,1
004610298,54.74270801641978,3.4643329854588956,0.0005829788278788328,58.20800000219606,17,0,54.98645800980739,0.19316698308102787,0.0005409820005297661,55.1804999995511,17,0
004610362,56.43254201277159,4.540916997939348,91.63779197842814,152.61191700119525,19,2,56.865167018258944,0.21929098875261843,105.54208399844356,162.62729102163576,19,2
004610373,56.61029100883752,4.1487500129733235,0.0006659829523414373,60.76045800000429,17,0,56.25625001266599,0.22674998035654426,0.0007080088835209608,56.48429100983776,17,0
005630017,56.45170799107291,3.6845830036327243,64.75300001329742,124.88970800768584,16,1,56.7966670205351,0.19129097927361727,46.744166989810765,103.73262499342673,16,1
005630044,65.07150002289563,6.711833004374057,100.93858299660496,172.72258299635723,25,2,65.00804200186394,0.3221669758204371,110.14437500853091,175.47529100556858,25,2
005630072,53.72720898594707,3.18550001247786,0.0005840265657752752,56.91383298835717,16,0,54.13770800805651,0.1972499885596335,0.0006660120561718941,54.33600000105798,16,0
005630081,71.45683298585936,8.234333014115691,74.88491700496525,154.57695798249915,31,2,71.10120801371522,0.39841700345277786,75.99491701694205,147.49516700976528,31,2
005630122,56.86500002047978,4.591582983266562,0.0006250047590583563,61.45758298225701,20,0,56.225083011668175,0.25529100093990564,0.0007089984137564898,56.481792009435594,20,0
005630127,61.607084004208446,4.509208985837176,64.85687498934567,130.97395800286904,17,1,60.867207997944206,0.22124999668449163,46.51633300818503,107.60545899393037,17,1
005630142,61.023332993499935,4.758167022373527,74.6122499986086,140.39462499204092,20,1,60.97683301777579,0.2589169889688492,58.89470799593255,120.13116700109094,20,1
005630147,52.30658399523236,2.6579579862300307,0.0007500057108700275,54.965624993201345,13,0,52.31554200872779,0.1757090212777257,0.0007499766070395708,52.49254099908285,13,0
005630151,60.80379101331346,5.005457991501316,79.52770797419362,145.3376669960562,20,2,61.40633299946785,0.23800000781193376,80.5026669986546,142.14745900244452,20,2
005630160,44.1512500110548,1.8316670029889792,0.0005420006345957518,45.983999996678904,12,0,44.0025000134483,0.13958400813862681,0.000500003807246685,44.14304098463617,12,0
005630169,48.44279101234861,3.2878750062081963,0.0005420006345957518,51.73170901252888,18,0,48.20612497860566,0.19866600632667542,0.0002910092007368803,48.40541700832546,18,0
005630195,57.15945898555219,3.8702909951098263,0.0009590003173798323,61.03120799525641,17,0,57.172166008967906,0.20208299974910915,0.00045899651013314724,57.37500000395812,17,0
005630225,61.894332990050316,5.0489589921198785,0.0005410111043602228,66.94429198978469,21,0,61.72104098368436,0.2690000110305846,0.0007910130079835653,61.9912919937633,21,0
005630267,47.357625007862225,2.3428749991580844,45.3307920251973,95.03179098828696,12,1,47.053916001459584,0.1552079920656979,43.23362500872463,90.4432499955874,12,1
005630284,56.13591699511744,4.847500007599592,71.90574999549426,132.88987500709482,23,2,56.0723329836037,0.2815829939208925,82.73920899955556,139.09391599008814,23,2
005630291,63.971083000069484,6.119375000707805,39.080459013348445,109.17149999295361,24,1,63.92516600317322,0.31308300094679,39.404000010108575,103.64283301169053,24,1
005630302,44.496791990241036,1.7625830078031868,0.000500003807246685,46.26029101200402,11,0,44.451083027524874,0.13958298950456083,0.0006660120561718941,44.59179099649191,11,0
005630315,87.42979197995737,14.332124992506579,85.26029202039354,187.02287500491366,39,2,87.12745801312849,0.5461669934447855,88.00041599897668,175.67479200079106,39,2
005630330,54.71691698767245,3.615207999246195,40.642333013238385,98.97504100808874,18,1,54.76674999226816,0.2213749976363033,38.572541991015896,93.56116599519737,18,1
005630375,55.46012500417419,3.007666004123166,39.8037499981001,98.27237500576302,16,1,60.26212498545647,0.1925000105984509,37.20891699776985,97.66416699858382,16,1
005670043,53.28229098813608,2.985083992825821,39.320041018072516,95.58833399205469,16,1,60.7271250046324,0.19733302178792655,37.30695799458772,98.23208299349062,16,1
005670055,62.96558299800381,4.608084011124447,77.81995797995478,145.3942499938421,20,2,63.03720799041912,0.24687498807907104,76.3942500052508,139.67908400809392,20,2
005670113,54.94383300538175,3.5286250058561563,39.501958002801985,97.97525001340546,17,1,55.22233300143853,0.2145000034943223,39.20045797713101,94.6378749795258,17,1
005670122,46.384334011236206,2.723749988945201,0.0006250047590583563,49.10933299106546,15,0,45.984875003341585,0.18654100131243467,0.0007080088835209608,46.17245800909586,15,0
005670125,72.35012500314042,6.874290993437171,106.4055000024382,185.63049999647774,26,2,73.0174159980379,0.3277079958934337,87.63916700263508,160.98516699275933,26,2
005670137,48.00779098877683,2.684709004824981,0.0006250047590583563,50.69391700089909,14,0,47.67549998359755,0.1644589938223362,0.0007080088835209608,47.841207997407764,14,0
005670147,56.492250005248934,3.8665829924866557,58.6269170162268,118.98637501872145,17,1,56.9517079857178,0.21816699882037938,40.971457987325266,98.14208399620838,17,1
005670155,70.5256249930244,5.183834000490606,92.84904200467281,168.5592080175411,17,1,70.56158399791457,0.2438749943394214,71.94895800785162,142.7550000080373,17,1
005670159,44.58054099814035,2.182833995902911,0.0006250047590583563,46.7644169984851,13,0,45.19358300603926,0.14783299411647022,0.0005830079317092896,45.342416007770225,13,0
005670160,61.70066699269228,4.034708981635049,40.48483300721273,106.22079099994153,17,1,61.30129098892212,0.22437499137595296,42.2959580027964,103.82216700236313,17,1
005670189,52.216833020793274,2.9706670029554516,0.0006250047590583563,55.18837500130758,14,0,51.76716699497774,0.16983298701234162,0.0006249756552278996,51.937874988652766,14,0
005670198,48.45795800792985,2.9302919865585864,0.0006249756552278996,51.38937500305474,16,0,48.52833301993087,0.1834590220823884,0.0006249756552278996,48.712791001889855,16,0
005670282,63.648374984040856,5.874249996850267,39.55816599773243,109.08145899884403,23,1,64.21795798814856,0.2957090036943555,37.96504199272022,102.47933299979195,23,1
005670289,47.347875020932406,2.7539170114323497,0.0006250047590583563,50.10287501499988,14,0,47.60704099317081,0.17891699098981917,0.0006250047590583563,47.78687498765066,14,0
005670292,54.49949999456294,2.8486249793786556,0.0005420006345957518,57.349041977431625,13,0,54.46354200830683,0.1634579966776073,0.0005830079317092896,54.62804200942628,13,0
005670303,48.96041698521003,3.208792011719197,0.0006659829523414373,52.170459006447345,16,0,49.13550001219846,0.17841698718257248,0.0007500057108700275,49.315207987092435,16,0
005670310,47.4577919812873,2.729416999500245,40.847750002285466,91.03541699005291,16,1,47.96125000575557,0.1829999964684248,47.259333019610494,95.40400002151728,16,1
005670320,56.96037501911633,3.6367909924592823,74.40829102415591,135.00620797276497,17,1,56.799584010150284,0.22704197908751667,65.59041701257229,122.617832996184,17,1
005670348,45.064916979754344,2.1304160181898624,0.0005829788278788328,47.19650000333786,11,0,44.722417020238936,0.1367499935440719,0.0005839974619448185,44.860333000542596,11,0
005670356,81.27175000845455,7.978374982485548,39.06579199247062,128.3164589840453,22,1,78.39466698351316,0.3067920042667538,40.5063749931287,119.20849999296479,22,1
007360004,70.33504199353047,5.991665995679796,39.08633399987593,115.4136249970179,23,1,69.45766700664535,0.2999589778482914,46.01220801123418,115.77058301190846,23,1
007360006,97.6695420104079,11.97666599182412,85.47854100470431,195.1257080072537,32,2,98.0315420019906,0.4880840133409947,101.95699997711927,200.4775409877766,32,2
007360036,56.81654199725017,3.6387080035638064,0.0006250047590583563,60.45625000842847,16,0,56.21362500824034,0.22291700588539243,0.0006250047590583563,56.43770899041556,16,0
007360045,56.16520799230784,3.3686659880913794,0.0006250047590583563,59.53487500664778,15,0,55.82166701788083,0.19412502297200263,0.0005420006345957518,56.01670901523903,15,0
007360055,60.32720900839195,5.490584007930011,76.40933300717734,142.2277910169214,24,2,61.135833006119356,0.27179199969395995,85.85370902437717,147.26179200806655,24,2
007360108,52.434207987971604,2.5378749996889383,0.0006250047590583563,54.97362499590963,12,0,54.23404200701043,0.15233299927785993,0.0005830079317092896,54.38720900565386,12,0
007360181,94.22249998897314,9.395417000632733,0.0007500057108700275,103.61895797541365,24,0,94.3775000050664,0.31716699595563114,0.0006250047590583563,94.69558400451206,24,0
007360196,84.60370800457895,9.160791989415884,59.42904102266766,153.1941670109518,26,1,81.19016600539908,0.38008298724889755,62.84054199932143,144.41179198911414,26,1
007360205,57.14237500797026,4.78104199282825,36.596666992409155,98.52083399891853,22,1,57.12408400722779,0.27925000176765025,41.68208400369622,99.08608300611377,22,1
007360212,65.49845900735818,5.18158299382776,60.12079102220014,130.80162499682046,20,1,65.20970800193027,0.26029199943877757,51.18400001083501,116.65462501696311,20,1
007360233,52.93783399974927,2.702832978684455,0.0006659829523414373,55.641749990172684,13,0,52.309082995634526,0.18041700241155922,0.0004580069798976183,52.49045800883323,13,0
007360247,55.105292005464435,2.97929099178873,0.0005410111043602228,58.085500000743195,14,0,55.172541993670166,0.17195800319314003,0.0006250047590583563,55.3454160108231,14,0
007360249,52.494000003207475,3.3238750183954835,0.0005420006345957518,55.81874999916181,17,0,52.42649998399429,0.19087499822489917,0.00029199873097240925,52.61799998697825,17,0
007360250,52.80400000629015,3.3715839963406324,61.842249997425824,118.01829200703651,17,1,52.10599998827092,0.19629200687631965,42.210415995214134,94.51320802327245,17,1
007360280,70.96004197956063,6.006792013067752,0.0006250047590583563,76.96787500753999,21,0,70.51437499467283,0.27308400603942573,0.000667001586407423,70.78854099381715,21,0
007360281,44.110083021223545,1.9253339851275086,0.0005830079317092896,46.03658299311064,12,0,44.02016699896194,0.14133300282992423,0.000500003807246685,44.162250007502735,12,0
007360296,64.22808300703764,6.504249991849065,68.50033299997449,139.23316699219868,25,1,64.46537500596605,0.2989589993376285,60.6292920128908,125.39420800749213,25,1
007360299,61.646874994039536,4.0350829949602485,0.0004580069798976183,65.682917018421,17,0,62.10841698339209,0.22854199050925672,0.000667001586407423,62.338124989764765,17,0
007360305,62.14012499549426,4.2982500162906945,64.57633298123255,131.01520901545882,18,1,62.661333999130875,0.230958015890792,55.25920799118467,118.15208298503421,18,1
007360374,44.29987500770949,1.6843329940456897,0.0004580069798976183,45.98512500524521,10,0,44.27429201314226,0.13204198330640793,0.0006250047590583563,44.40737501136027,10,0
007650036,108.77345901099034,16.72012501512654,195.6049169821199,321.0992499953136,37,4,109.34575001010671,0.5987920158077031,177.43974999757484,287.3850420000963,37,4
007650061,105.22933301399462,14.877458015689626,106.18583299219608,226.29316701204516,32,2,105.74708302738145,0.5417079955805093,83.74887498212047,190.03841700032353,32,2
007650076,88.30158301861957,13.280749990371987,158.65320799639449,260.236125002848,36,3,88.67508298135363,0.5075420194771141,158.24558297754265,247.4288339726627,36,3
007650078,61.73566699726507,4.760374984471127,43.82645801524632,110.32304100808688,22,1,61.74520798958838,0.28425001073628664,46.03866601246409,108.06875000707805,22,1
007650084,79.71045901649632,7.483207999030128,132.4398329888936,219.63412498007528,21,2,80.25808402453549,0.31450000824406743,115.27737500728108,195.85054100025445,21,2
007650089,92.8034579847008,12.401999993016943,48.234084009891376,153.44029100378975,36,1,92.55929201026447,0.5309170228429139,54.91249999613501,148.00345900584944,36,1
007650116,61.54183400212787,3.573499998310581,79.60045800427906,144.71650001360103,20,2,58.970084006432444,0.24374999338760972,83.02970899967477,142.24445802392438,20,2
007650131,65.87125000078231,6.411665992345661,34.30033300537616,106.58395901555195,22,1,64.96295897522941,0.288125011138618,39.16979199857451,104.42145800334401,22,1
007650174,48.66262499126606,3.1326250173151493,98.61070799524896,150.40662500541657,15,2,48.435791017254815,0.20612499793060124,78.65108299301937,127.29358399519697,15,2
007650181,52.59095798828639,3.112625010544434,0.0005830079317092896,55.704500002320856,16,0,52.25466698175296,0.20454099285416305,0.0007909839041531086,52.46049998095259,16,0
007650192,61.84999999823049,4.207749996567145,65.22716701147147,131.2855409923941,17,1,61.84054201003164,0.22229200112633407,41.13445899565704,103.19812499801628,17,1
007650197,64.32637499528937,4.398333985591307,36.51904102298431,105.24466601782478,17,1,64.5063330011908,0.2420840028207749,36.15416699904017,100.90308301732875,17,1
007650254,54.37737499596551,3.6020000115968287,73.97904098615982,131.95941699086688,17,1,54.637583991279826,0.22212500334717333,52.52541697700508,107.38566698273644,17,1
007650271,48.39100001845509,3.1799999997019768,0.0006250047590583563,51.572208001744,17,0,48.41166702681221,0.21458297851495445,0.0006250047590583563,48.62733400659636,17,0
007650294,47.51795899937861,3.07145799160935,0.0004169996827840805,50.59025000082329,16,0,47.32412498560734,0.17704200581647456,0.0005830079317092896,47.50212500221096,16,0
007650337,58.28108298010193,3.361875016707927,0.0006250047590583563,61.64404097944498,17,0,54.83116599498317,0.20045798737555742,0.0006250047590583563,55.03254200448282,17,0
007650346,61.4045420079492,4.651750001357868,35.89691701927222,101.95379197830334,21,1,61.9695000059437,0.2675830037333071,38.5146249900572,100.7522500003688,21,1
007650352,43.54270800831728,1.8882500007748604,0.0005839974619448185,45.43191698030569,12,0,43.46495799836703,0.15433301450684667,0.0007080088835209608,43.620417010970414,12,0
007650369,64.22116697649471,5.165292008314282,35.74083399144001,105.12783398735337,21,1,64.68449998646975,0.25766598992049694,39.32858299231157,104.27125002024695,21,1
007650377,71.64141698740423,6.666625005891547,0.0007080088835209608,78.30925000598654,24,0,71.97000001906417,0.32049999572336674,0.0005829788278788328,72.29145802557468,24,0
008110043,55.83241701242514,4.716958996141329,0.0006250047590583563,60.55045800167136,22,0,55.70187498233281,0.25479099713265896,0.0005829788278788328,55.95779200666584,22,0
008110049,48.49679200560786,3.892749984515831,73.1975840171799,125.58791600167751,23,2,47.94841699185781,0.26149998302571476,76.00912498310208,124.21970799914561,23,2
008110106,51.85524999978952,4.011500015622005,0.00045797787606716156,55.86758299614303,23,0,54.759457998443395,0.2630829985719174,0.00037500285543501377,55.02329100272618,23,0
008110107,61.01170799229294,6.241833005333319,0.0006250047590583563,67.25458402070217,26,0,61.70870902133174,0.28487498639151454,0.000500003807246685,61.99449999257922,26,0
008110110,65.47562498599291,7.966750010382384,110.45995799941011,183.9033330033999,33,3,66.20866697630845,0.4136660136282444,112.25141599425115,178.8743329816498,33,3
008110113,44.02699999627657,2.3837920161895454,0.0005830079317092896,46.41191702103242,16,0,43.85945902322419,0.18591602565720677,0.0006659829523414373,44.046875002095476,16,0
008110116,46.146207983838394,3.238667006371543,75.09220798965544,124.47779200738296,20,2,45.979457994690165,0.2015409991145134,78.58300002408214,124.76445798529312,20,2
008110147,54.501375008840114,4.636625002603978,0.0005830079317092896,59.13933401461691,24,0,54.210917005548254,0.2579999854788184,0.0006250047590583563,54.4699999736622,24,0
008110159,55.78762499499135,5.299874988850206,74.12066598772071,135.20866699400358,27,2,56.320832984056324,0.29799999902024865,78.1559580063913,134.77529198280536,27,2
008110175,38.23545901104808,1.48974999319762,0.0004580069798976183,39.726082992274314,10,0,37.98999998252839,0.13200001558288932,0.0006659829523414373,38.123083009850234,10,0
008110204,46.70595799689181,3.407208016142249,39.0777499997057,89.19149998109788,20,1,46.529166982509196,0.2128329942934215,39.83970801346004,86.58241599914618,20,1
008110209,54.2127079970669,4.477499984204769,35.52808301174082,94.21883401228115,25,1,53.8666250067763,0.2849159936886281,35.823792015435174,89.97587498743087,25,1
008110224,40.57912502321415,2.002209017518908,35.21125001134351,77.79312500497326,13,1,40.50591599661857,0.15691702719777822,35.85958300391212,76.52308398974128,13,1
008110247,44.59791598492302,2.505750017007813,0.0006660120561718941,47.10466699907556,15,0,44.39429199555889,0.15437498223036528,0.000500003807246685,44.5496249885764,15,0
008110258,50.62575000920333,2.4918330018408597,37.29787500924431,90.41633299784735,16,1,44.42237500916235,0.17966600717045367,35.45112500432879,80.05375001812354,16,1
008110286,74.29620798211545,8.103875006781891,140.6554999994114,223.05645799497142,35,3,64.94541699066758,0.41045801481232047,117.18558397842571,182.54220800008625,35,3
008110287,46.39737500110641,3.355583001393825,56.66216599638574,106.4156669890508,20,1,46.59212499973364,0.21945900516584516,43.37704199133441,90.18949998426251,20,1
008110307,52.28512501344085,3.8044159882701933,0.000500003807246685,56.090291996952146,19,0,52.233666996471584,0.21983400802128017,0.0006250047590583563,52.45449999347329,19,0
008110340,44.51066697947681,2.3085830034688115,37.89979199063964,84.71974998246878,15,1,44.38320899498649,0.1536250056233257,36.608958995202556,81.14637501421385,15,1
008110371,39.31779201957397,1.908249978441745,35.55562501423992,76.78233401384205,13,1,39.25745902233757,0.14829201973043382,37.7176670008339,77.12416700087488,13,1
009810029,61.21425001765601,4.9979169853031635,130.9060000057798,197.11875001667067,23,3,61.02141700102948,0.26000000070780516,112.32187499990687,173.60379098681733,23,3
009810073,57.07687500398606,4.006916977232322,0.0004169996827840805,61.08491698978469,19,0,56.769916001940146,0.21604201174341142,0.00037500285543501377,56.98675001622178,19,0
009810075,72.32562502031215,8.218250004574656,122.50008300179616,203.04470800329,30,3,72.49062499613501,0.36204198841005564,118.68187499931082,191.53487498988397,30,3
009810106,62.507875001756474,4.654249991290271,40.30341698671691,107.46633299277164,19,1,62.50983302015811,0.2603749744594097,40.31529100029729,103.08608299237676,19,1
009810112,61.06145802186802,4.4655000092461705,0.0006250047590583563,65.5280840001069,21,0,60.741875000530854,0.27099999715574086,0.0006249756552278996,61.01412500720471,21,0
009810153,46.27883297507651,2.454708010191098,0.0005839974619448185,48.73466701246798,13,0,46.35637500905432,0.1522919919807464,0.0005830079317092896,46.50962501182221,13,0
009810155,62.49179202131927,4.370499984361231,42.480959004024044,109.3436670198571,15,1,62.80183399212547,0.1912500010803342,40.16587499063462,103.15949999494478,15,1
009810196,64.75916597992182,6.371416006004438,0.0006660120561718941,71.13187501090579,24,0,64.92945898207836,0.30849999166093767,0.000667001586407423,65.23962499340996,24,0
009810200,47.627792024286464,2.4262500228360295,0.0008750066626816988,50.05533297662623,12,0,47.654291993239895,0.1418330066371709,0.0007089984137564898,47.79712497838773,12,0
009810204,83.63820798695087,10.195125010795891,0.0005830079317092896,93.83470899774693,30,0,77.01766697573476,0.4097920027561486,0.0006250047590583563,77.42849999340251,30,0
009810230,57.07058298867196,4.727624997030944,0.00029199873097240925,61.79879201226868,22,0,57.007166993571445,0.2499590045772493,0.0006250047590583563,57.2580830194056,22,0
009810235,55.32629098161124,3.3833750057965517,0.0006660120561718941,58.71066698455252,16,0,54.983582987915725,0.2223330084234476,0.0009590003173798323,55.2073750004638,16,0
009810249,64.80608400306664,6.20425000670366,39.8514160187915,110.86245800834149,26,1,64.84587499289773,0.3045000194106251,38.43412498827092,103.58504200121388,26,1
009810258,52.822249999735504,3.4960409975610673,0.00045797787606716156,56.31924999761395,18,0,53.167459001997486,0.22366701159626245,0.0006249756552278996,53.39233297854662,18,0
009810283,56.77045800257474,4.2400000093039125,0.00045797787606716156,61.01133397896774,20,0,56.6457920067478,0.2465419820509851,0.000667001586407423,56.89329199958593,20,0
009810293,48.364499991294,2.6085000135935843,0.0005829788278788328,50.97387498244643,14,0,48.34150001988746,0.17158300033770502,0.0005839974619448185,48.51424999651499,14,0
009810305,52.322749979794025,3.0586670036427677,37.98200000892393,93.36404100758955,15,1,52.9336659819819,0.1802090264391154,38.41108302003704,91.52554199681617,15,1
009810327,52.124874986475334,2.882166998460889,0.0007500057108700275,55.008415976772085,15,0,52.743750013178214,0.17787498654797673,0.0007909839041531086,52.92270798236132,15,0
009810344,44.45558300358243,2.1687500120606273,0.0007499766070395708,46.62554198876023,10,0,44.368250004481524,0.12666700058616698,0.0005839974619448185,44.49579198262654,10,0
009810349,46.49366598459892,2.2942909854464233,0.0005420006345957518,48.78887499216944,12,0,46.73283299780451,0.13995901099406183,0.000667001586407423,46.873874991433695,12,0
010300003,47.63187500066124,3.2778749882709235,39.83912500552833,90.74962500017136,17,1,48.32099998020567,0.1821660262066871,40.24354199646041,88.74741601175629,17,1
010300105,71.70416598091833,9.632334025809541,115.18349999096245,196.5207500034012,35,3,71.49662499432452,0.43674997868947685,113.42404200695455,185.35804201383144,35,3
010300106,63.02962501649745,4.664332984248176,0.0007080088835209608,67.6952910143882,21,0,57.253125007264316,0.26441700174473226,0.0006250047590583563,57.51870898529887,21,0
010300123,56.97383300866932,2.819874993292615,39.00379198603332,98.79841699148528,16,1,55.94200000632554,0.18812500638887286,40.791666979203,96.92250000080094,16,1
010300128,45.87079200427979,2.2724579903297126,0.000459025613963604,48.144166998099536,13,0,46.52154099312611,0.1517500204499811,0.0006249756552278996,46.6747090104036,13,0
010300133,40.13216702151112,2.1179580071475357,0.0005839974619448185,42.251374979969114,16,0,40.298292005900294,0.1769159862305969,0.0006250047590583563,40.47629199340008,16,0
010300153,60.76741698780097,5.717249994631857,98.73037500074133,165.21574999205768,26,2,60.80120900878683,0.29674998950213194,96.1579580034595,157.25649998057634,26,2
010300157,54.07454099622555,4.271291982149705,62.54762501339428,120.89412502245978,24,1,54.01266700937413,0.2571249788161367,56.53483301284723,110.8052080089692,24,1
010300159,61.11212499672547,6.26312498934567,39.06162499333732,106.43758301739581,28,1,60.96691600396298,0.3136669984087348,39.071125007467344,100.35241700825281,28,1
010300169,40.55850001168437,1.774709002347663,0.0004580069798976183,42.3342089925427,9,0,40.35887500504032,0.1331249950453639,0.0005420006345957518,40.49312500865199,9,0
010300194,46.983791020466015,3.019833005964756,0.0005829788278788328,50.00466702040285,17,0,46.94379202555865,0.1874169975053519,0.00045899651013314724,47.132167004747316,17,0
010300216,56.827541993698105,5.006541992770508,46.048999996855855,107.88366699125618,24,1,56.53974998858757,0.2939589903689921,49.85595800098963,106.69020898058079,24,1
010300217,45.32704199664295,2.6268330111633986,0.0008330098353326321,47.95554099837318,16,0,45.431458012899384,0.1841670018620789,0.0007500057108700275,45.616834016982466,16,0
010300236,40.76354097924195,2.1657910256180912,0.0005839974619448185,42.93029202381149,15,0,40.66433402476832,0.16762499581091106,0.0006249756552278996,40.832792001310736,15,0
010300275,44.91600001347251,2.6665419864002615,36.17112501524389,83.75429201987572,17,1,45.31512499670498,0.19658400560729206,36.89079199102707,82.40324998041615,17,1
010300282,40.66670799511485,1.7564999870955944,0.0006250047590583563,42.424207989824936,11,0,39.9500000057742,0.133916997583583,0.0007089984137564898,40.08504201192409,11,0
010300298,48.54150000028312,3.760332998353988,61.162250000052154,113.46483300440013,19,1,48.5540000081528,0.22487499518319964,44.362791028106585,93.14250000170432,19,1
010300316,62.22762499237433,6.845374999102205,123.4450000047218,192.5187500019092,29,3,61.90362499910407,0.3493339754641056,130.7918330130633,193.04574999841861,29,3
010300325,52.54879198037088,4.195999994408339,70.45329100219533,127.1985829807818,25,2,52.6136250118725,0.26708398945629597,70.96199999796227,123.84341700817458,25,2
010300328,46.82962500373833,3.1854170083533973,36.9474169856403,86.96316697751172,21,1,46.7585829901509,0.2339160128030926,36.45641700131819,83.44954199856147,21,1
010370025,46.106249996228144,3.8180839910637587,130.5815410159994,180.50650000805035,24,3,46.00304100313224,0.25116599863395095,107.65879100654274,153.91379198990762,24,3
010370070,57.11312498897314,5.361541989259422,0.0005830079317092896,62.47604201780632,25,0,56.913374981377274,0.29512500623241067,0.0006660120561718941,57.209584017982706,25,0
010370099,52.87170800147578,4.309082985855639,70.7620000175666,127.94366700109094,24,2,52.698084007715806,0.26012500165961683,76.11929200356826,129.07799999811687,24,2
010370102,39.23241700977087,1.541291014291346,0.0004580069798976183,40.77479202533141,10,0,39.04133298783563,0.11516700033098459,0.0006250047590583563,39.15733299800195,10,0
010370131,45.62345799058676,2.4327500141225755,0.00037497375160455704,48.05695798131637,15,0,45.64383300021291,0.18350000027567148,0.0005839974619448185,45.82837500493042,15,0
010370140,62.95449999743141,6.815084023401141,95.3577499894891,165.12837502523325,30,2,63.16687501384877,0.36337500205263495,90.53491600207053,154.0658329904545,30,2
010370202,46.3921669870615,2.57145898649469,0.000667001586407423,48.96479198941961,14,0,46.81837500538677,0.17204199684783816,0.0006250047590583563,46.9913330161944,14,0
010370204,44.085833011195064,2.6680000009946525,72.04395800363272,118.79862498608418,18,2,44.421458995202556,0.19537497428245842,72.17604099423625,116.79349999758415,18,2
010370216,44.74174999631941,2.3914999910630286,37.29195901541971,84.42600001581013,16,1,44.70075000426732,0.18104200717061758,36.48541698930785,81.3677920086775,16,1
010370217,38.08125000796281,1.791249989764765,0.0005420006345957518,39.873333007562906,13,0,37.94999999809079,0.15150001854635775,0.0006249756552278996,38.10266699292697,13,0
010370232,53.58604100183584,3.5663750022649765,37.88737501599826,95.04066701629199,20,1,52.8415419976227,0.22183300461620092,35.88125001988374,88.94512499682605,20,1
010370234,70.74145899969153,6.385249987943098,0.0006250047590583563,77.12795899715275,27,0,70.62474999111146,0.30750001315027475,0.0006249756552278996,70.93341700965539,27,0
010370246,55.51249999552965,3.9725830138195306,42.47108299750835,101.95683300844394,21,1,63.72937498963438,0.2514170191716403,41.6171669785399,105.59879199718125,21,1
010370251,44.625749986153096,2.430749998893589,36.64020900032483,83.69737499742769,14,1,44.592374993953854,0.16308302292600274,34.949959022924304,79.70591599587351,14,1
010370253,44.92629200103693,2.500542002962902,0.0006249756552278996,47.427916986634955,17,0,44.723792001605034,0.19237498054280877,0.000667001586407423,44.91716701886617,17,0
010370265,48.00291598076001,3.1315409869421273,37.33404100057669,88.46941697993316,18,1,47.852749994490296,0.19708299078047276,35.254042013548315,83.30445800675079,18,1
010370290,54.95991697534919,4.709375003585592,64.50058301561512,124.17045899201185,25,1,55.06033400888555,0.2687499800231308,50.069958000676706,105.39958300068974,25,1
010370309,48.73466701246798,3.2346249790862203,33.8075409817975,85.77741699991748,18,1,48.94895799225196,0.20337500609457493,34.1229579935316,83.27587498934008,18,1
010370352,47.21691599115729,3.7348750047385693,36.83458300656639,87.7869579999242,21,1,47.33387497253716,0.22887502564117312,36.88687502290122,84.45020799990743,21,1
010370380,40.61608301708475,1.5633330040145665,0.0006250047590583563,42.18041701824404,8,0,44.13845797535032,0.12687500566244125,0.0008750066626816988,44.26675001741387,8,0
010390004,55.68837499595247,5.298499978380278,71.06704197940417,132.05454099806957,29,2,57.25350001011975,0.32529199961572886,66.63995899725705,124.2195829981938,29,2
010390027,52.98241600394249,5.151249992195517,105.96154100494459,164.09579198807478,30,3,53.24624999775551,0.3183750086463988,108.22875000303611,161.79400001419708,30,3
010390039,38.54470801888965,1.754083001287654,0.0004169996827840805,40.29945901129395,14,0,38.758582988521084,0.15508400974795222,0.0007079797796905041,38.914874981855974,14,0
010390041,33.49825000623241,1.2709580187220126,0.0008750066626816988,34.770832979120314,10,0,33.56250000069849,0.1284580212086439,0.0007500057108700275,33.6919580004178,10,0
010390064,40.36995899514295,2.4869589833542705,0.0006250047590583563,42.858041008003056,17,0,40.42229100014083,0.16562500968575478,0.0005830079317092896,40.588833013316616,17,0
010390126,44.92233399651013,2.3007089912425727,0.000500003807246685,47.22375000710599,14,0,44.836957997176796,0.15400000847876072,0.0005830079317092896,44.991959002800286,14,0
010390166,40.36583300330676,1.9472920102998614,0.0005420006345957518,42.31408299528994,13,0,40.327916998649016,0.13475000741891563,0.0005829788278788328,40.4638750187587,13,0
010390170,40.28191702673212,2.2811670205555856,68.64937499631196,111.21291600284167,16,1,40.51979200448841,0.16683299327269197,45.50295800436288,86.18987500085495,16,1
010390175,46.0712919884827,2.4759169900789857,0.0006250047590583563,48.54816698934883,13,0,46.180584002286196,0.1501249789725989,0.0006250047590583563,46.33162499521859,13,0
010390183,39.70741599914618,1.7699580057524145,0.000500003807246685,41.47829199791886,13,0,39.74079099134542,0.15241699293255806,0.0007080088835209608,39.894457993796095,13,0
010390189,44.6639169822447,2.6906249986495823,0.0003329769242554903,47.35512498882599,17,0,44.587291980860755,0.17666700296103954,0.0007080088835209608,44.765041006030515,17,0
010390216,39.61725000408478,1.9317080150358379,40.25774999172427,81.80725001147948,14,1,39.733749988954514,0.1477499899920076,37.6555830007419,77.53754200530238,14,1
010390218,46.05400000582449,3.2957920047920197,0.000500003807246685,49.35066701727919,21,0,46.08854200341739,0.22591699962504208,0.0005839974619448185,46.31541599519551,21,0
010390244,40.9505830029957,2.8979170019738376,58.06750000920147,101.9164580211509,19,1,40.66133301239461,0.18920900765806437,37.021709023974836,77.87262499914505,19,1
010390257,45.34887499175966,2.852834004443139,0.0006249756552278996,48.20279197883792,16,0,45.59220900409855,0.19145800615660846,0.0006250047590583563,45.784750021994114,16,0
010390269,37.9365420085378,1.8959589942824095,37.26712500792928,77.1004999987781,15,1,38.00083399983123,0.15408301260322332,36.83079199981876,74.98608299647458,15,1
010390285,46.234667010139674,2.8474169957917184,35.03758300212212,84.12016701186076,17,1,46.40962497796863,0.1772920077200979,35.51691598840989,82.10420800605789,17,1
010390303,54.3135829793755,3.507708024699241,38.39533298742026,96.21745799086057,16,1,54.30554199847393,0.20329200197011232,37.806250009452924,92.31570898555219,16,1
010390341,52.448416012339294,4.509916005190462,0.0006250047590583563,56.959667010232806,22,0,51.699207979254425,0.2550830249674618,0.0007079797796905041,51.95541700231843,22,0
010390366,64.48666600044817,7.083374977810308,75.33854100620374,146.90949997748248,31,2,64.13812498794869,0.36429098690859973,74.18229200993665,138.68524998542853,31,2
010460017,52.73370799841359,3.635250002844259,42.14408400002867,98.5137080133427,16,1,53.12691698782146,0.20258300355635583,43.25387498829514,96.58395798760466,16,1
010460020,46.28637499990873,2.6458330103196204,100.64004198648036,149.5727919973433,15,2,46.64650000631809,0.18258299678564072,79.91216599475592,126.74187502125278,15,2
010460030,45.9075840190053,2.016374986851588,0.0004169996827840805,47.92470799293369,11,0,46.24012499698438,0.14604200259782374,0.0006249756552278996,46.387292008148506,11,0
010460034,55.05124997580424,2.117708994774148,0.0005830079317092896,57.17008400824852,10,0,59.88600000273436,0.12924999464303255,0.0005830079317092896,60.016041999915615,10,0
010460041,54.87095797434449,2.3327909875661135,0.0006250047590583563,57.20483299228363,12,0,54.796416021417826,0.14195800758898258,0.00045797787606716156,54.93920799926855,12,0
010460050,68.41654199524783,4.052542004501447,0.000667001586407423,72.47045799158514,19,0,61.74133298918605,0.22945800446905196,0.0006660120561718941,61.97166698984802,19,0
010460053,40.323250024812296,1.740999985486269,37.46308299014345,79.52787500107661,12,1,40.17904098145664,0.13237501843832433,43.1421659886837,83.45379200181924,12,1
010460061,45.73787498520687,2.519750007195398,37.23133300081827,85.48949999385513,16,1,45.70779099594802,0.18362500122748315,38.323207991197705,84.21520798583515,16,1
010460079,40.660667000338435,1.9451670232228935,0.0007079797796905041,42.606916977092624,13,0,40.622125001391396,0.1541250094305724,0.0005839974619448185,40.77725001843646,13,0
010460088,45.854208001401275,2.249457989819348,41.168666997691616,89.27287498954684,12,1,46.014291991014034,0.15025000902824104,41.06820802553557,87.23337500123307,12,1
010460111,46.479249984258786,3.1535419984720647,72.69370800349861,122.32724999194033,18,2,46.378333994653076,0.20433400641195476,74.2604169936385,120.843667013105,18,2
010460114,46.897958003683016,3.0036249954719096,0.0005420006345957518,49.90262500359677,18,0,46.70891701243818,0.18887498299591243,0.0005830079317092896,46.89862500526942,18,0
010460120,39.30837500956841,1.500333979493007,36.49320799740963,77.30258299852721,11,1,39.24612500122748,0.13287499314174056,40.74304198729806,80.12287499150261,11,1
010460149,44.56712500541471,2.330999996047467,0.0006250047590583563,46.8992079840973,14,0,44.44558301474899,0.16429097740910947,0.0006249756552278996,44.6110829943791,14,0
010460152,39.18262501247227,1.3494580052793026,0.0006250047590583563,40.53291701711714,8,0,39.20595798990689,0.10479197953827679,0.0007079797796905041,39.312041975790635,8,0
010460153,38.09499999624677,1.3100419891998172,38.54462501476519,77.95020801131614,9,1,38.166417012689635,0.10745899635367095,44.161666999571025,82.43616597610526,9,1
010460155,37.549416010733694,1.529333007056266,0.0005829788278788328,39.07970801810734,12,0,37.584290985250846,0.1412919955328107,0.000500003807246685,37.72654201020487,12,0
010460158,39.203207998070866,1.693166996119544,0.000333995558321476,40.89729199768044,11,0,39.164708025055006,0.13016699813306332,0.0005839974619448185,39.29575000074692,11,0
010460162,39.61199999321252,1.670458004809916,0.00029199873097240925,41.28299999865703,12,0,39.8678750207182,0.1438329927623272,0.0007080088835209608,40.01287501887418,12,0
010500012,44.69116701511666,2.390417008427903,39.611499989405274,86.69362499495037,16,1,44.85891602234915,0.17558300169184804,41.9384159904439,86.97337500052527,16,1
010500018,33.56308399816044,1.2378749961499125,0.00041601015254855156,34.80191601556726,9,0,33.722749998560175,0.1025829988066107,0.000500003807246685,33.82637500180863,9,0
010500028,39.400207984726876,1.5862500004004687,0.000500003807246685,40.98733398132026,12,0,39.426208997610956,0.13058300828561187,0.0006250047590583563,39.55775001668371,12,0
010500058,45.037582982331514,2.0588330226019025,95.45233397511765,142.5492089765612,13,2,44.81520800618455,0.16325002070516348,87.33908299473114,132.31804201495834,13,2
010500085,40.06075000506826,2.5944999943021685,0.0005829788278788328,42.65629200381227,18,0,39.99475002638064,0.19741698633879423,0.0005410111043602228,40.19312499440275,18,0
010500090,45.95270799472928,2.5927909882739186,43.13445801381022,91.68066701386124,15,1,45.95500000868924,0.1734999823383987,49.848124996060506,95.97708398359828,15,1
010500100,39.4102499994915,1.645749987801537,55.4840830154717,96.54070800752379,11,1,39.316166017670184,0.12479198630899191,38.49116701167077,77.93254201533273,11,1
010500108,45.20683301961981,2.7480419958010316,35.956666979473084,83.9121249737218,19,1,45.16941600013524,0.19933300791308284,38.04033299093135,83.40970799326897,19,1
010500113,39.906457997858524,2.1812919876538217,35.15820801840164,77.24679197417572,17,1,39.841833990067244,0.17037501675076783,36.49579201010056,76.50866699987091,17,1
010500131,46.191125002224,2.090666996082291,37.73112499038689,86.01379100582562,13,1,46.137249999446794,0.14829100109636784,37.682624999433756,83.96899999934249,13,1
010500147,40.93533300329,2.165457990486175,35.22954200161621,78.33133399253711,15,1,40.86133299279027,0.15566599904559553,34.55558299901895,75.57312498101965,15,1
010500149,64.17183298617601,4.940375016303733,91.06345902546309,160.17654197639786,17,2,64.0678750060033,0.20179199054837227,74.57808300387114,138.84837500518188,17,2
010500152,44.923916982952505,2.037458005361259,0.0006250047590583563,46.96245800005272,12,0,44.728417007718235,0.13095801114104688,0.0007080088835209608,44.86029199324548,12,0
010500163,55.27399998391047,3.614750021370128,0.0005840265657752752,58.8896669796668,17,0,54.9097910115961,0.1980419910978526,0.0005839974619448185,55.10862500523217,17,0
010500167,39.12874998059124,1.2597080203704536,0.000500003807246685,40.38920800667256,7,0,38.87691698037088,0.09241601219400764,0.000667001586407423,38.97033300017938,7,0
010610015,46.08929200912826,2.338167018024251,91.00474999286234,139.43279199884273,15,2,46.48908399394713,0.16395901911891997,91.55358298448846,138.20733298780397,15,2
010610017,45.4382500029169,1.9629999878816307,0.0005420006345957518,47.402249998413026,11,0,45.23712501395494,0.1272499794140458,0.000500003807246685,45.365291996859014,11,0
010610024,48.2750829833094,2.868208015570417,102.67504100920632,153.81933297612704,16,2,48.0646250071004,0.19658400560729206,96.99458300019614,145.25654099998064,16,2
010610025,50.680708984145895,2.1937919955234975,100.32395800226368,153.1990829971619,12,2,54.64354099240154,0.15320797683671117,87.46883302228525,142.2660420066677,12,2
010610035,44.76329099270515,1.7686669889371842,0.0006250047590583563,46.53299998608418,11,0,45.322125020902604,0.15204100054688752,0.0006250047590583563,45.475208025891334,11,0
010610057,55.54529099026695,3.2391670101787895,45.11133398045786,103.8962499878835,16,1,55.63908300246112,0.19450002582743764,53.158082999289036,108.99224999593571,16,1
010610067,63.523166987579316,4.046791989821941,91.37700000428595,158.94783299881965,17,2,63.54754199855961,0.22383301984518766,114.55262498930097,178.32483298843727,17,2
010610069,48.05941702215932,2.8045420185662806,42.01870897668414,92.88333298172802,16,1,47.80100000789389,0.20004098769277334,41.42016600235365,89.42183299222961,16,1
010610080,45.698875008383766,1.4694169803988189,0.0009170034900307655,47.169625002425164,8,0,44.49079098412767,0.10479200864210725,0.0006250047590583563,44.59666699403897,8,0
010610087,44.84770799172111,2.1000420092605054,38.5320000059437,85.48058301676065,13,1,44.783332996303216,0.1662920112721622,34.776999993482605,79.72725000581704,13,1
010610094,72.27662499644794,5.5741659889463335,0.0006250047590583563,77.85204198444262,16,0,71.67462498182431,0.2383330138400197,0.000667001586407423,71.91420800518245,16,0
010610102,47.86904199863784,2.6772909914143384,0.0005420006345957518,50.54733398719691,15,0,47.73158399621025,0.1812080154195428,0.0006249756552278996,47.91383299743757,15,0
010610113,78.61154098645784,5.893041001399979,45.4412919934839,129.9469579826109,17,1,78.08133302023634,0.24066702462732792,52.399625012185425,130.72212500264868,17,1
010610129,56.74320799880661,3.272457979619503,43.03516700747423,103.0517500184942,14,1,56.6512499935925,0.20645899348892272,37.17745799804106,94.03562502120622,14,1
010610151,54.682290996424854,2.3974159848876297,0.0007089984137564898,57.081041974015534,11,0,54.12383301882073,0.14525000005960464,0.000500003807246685,54.2701669910457,11,0
010610165,65.65175001742318,3.8835000013932586,0.0007079797796905041,69.53649999923073,14,0,65.55691600078717,0.1903340162243694,0.0006249756552278996,65.74833299964666,14,0
010610171,75.46037499560043,4.853624996030703,49.181000009411946,129.49570798082277,13,1,75.56145801208913,0.20791598944924772,49.55791600514203,125.32783401547931,13,1
010750002,52.569541992852464,2.9422079969663173,0.00041601015254855156,55.51262499648146,14,0,52.92758299037814,0.15920901205390692,0.00045797787606716156,53.08758400497027,14,0
010750003,48.60808397643268,2.6550829934421927,0.0008749775588512421,51.26433298573829,14,0,48.25195900048129,0.15216699102893472,0.0004169996827840805,48.4047920035664,14,0
010750010,37.948125012917444,1.109042001189664,62.36962499679066,101.42729201470502,8,1,37.9410830209963,0.09674998000264168,40.82616599043831,78.86454201070592,8,1
010750011,61.78304099012166,3.49429200286977,0.0005420006345957518,65.27812499552965,14,0,60.84654200822115,0.17566699534654617,0.000500003807246685,61.02312498842366,14,0
010750021,53.00566699588671,2.8321249992586672,97.19145801500417,153.02979099215008,15,2,52.49916602042504,0.19108300330117345,81.7327499971725,134.423625015188,15,2
010750024,38.80545901483856,1.4805840037297457,36.66612500092015,76.9529590033926,11,1,38.889999996172264,0.13779199798591435,38.50570798385888,77.53437498467974,11,1
010750035,53.0820410058368,2.1929999929852784,0.0005410111043602228,55.276083992794156,11,0,52.82349998014979,0.1483329979237169,0.0007090275175869465,52.97295798663981,11,0
010750043,46.733499999390915,2.3467499995604157,0.0005829788278788328,49.08129098475911,12,0,46.26500001177192,0.16104200039990246,0.0007089984137564898,46.4274579717312,12,0
010750060,76.23008301015943,4.990082990843803,54.93887499324046,136.15974999265745,16,1,75.40620799409226,0.22829201770946383,45.66033300943673,121.29554199054837,16,1
010750062,55.46433400013484,3.221708000637591,40.930749994004145,99.61733300588094,15,1,56.624958000611514,0.20708399824798107,42.95204198569991,99.78479100391269,15,1
010750072,56.76991699147038,2.6584579900372773,0.0006659829523414373,59.429499990073964,11,0,57.156499999109656,0.1468330156058073,0.0005839974619448185,57.304250018205494,11,0
010750094,72.70612497814,5.518582998774946,0.0006250047590583563,78.22587501141243,18,0,72.7139160153456,0.25499999173916876,0.0006250047590583563,72.9698330105748,18,0
010750097,47.210332995746285,2.649667003424838,0.000541971530765295,49.861041974509135,11,0,47.57520800922066,0.14466600259765983,0.0006250047590583563,47.720792004838586,11,0
010750099,47.86724998848513,2.430541004287079,0.0005839974619448185,50.29870799626224,13,0,47.694833017885685,0.15566698857583106,0.0006660120561718941,47.851459006778896,13,0
010750102,48.58254099963233,2.733667002758011,0.0005829788278788328,51.31725000683218,12,0,48.53854200337082,0.15400000847876072,0.0004580069798976183,48.6934159998782,12,0
010750104,70.82470902241766,5.9827499790117145,0.0006250047590583563,76.80854099453427,17,0,71.1525829974562,0.22524999803863466,0.0006250047590583563,71.37870800215751,17,0
010750117,62.32666701544076,3.6214999854564667,37.88120797253214,103.82987497723661,16,1,70.26012500864454,0.20450001466087997,37.67099999822676,108.1362499971874,16,1
010750163,44.014416984282434,1.2629580160137266,0.0005409820005297661,45.27837497880682,9,0,43.89195900876075,0.12141600018367171,0.0005830079317092896,44.01445799157955,9,0
010750168,47.340458986582235,1.5243339876178652,0.0007080088835209608,48.86599999736063,9,0,45.13466698699631,0.11424999684095383,0.0006660120561718941,45.24995799874887,9,0
010760002,63.44933301443234,3.8189579790923744,0.0006250047590583563,67.2692499938421,12,0,62.431792001007125,0.15770798199810088,0.0009170034900307655,62.59070799569599,12,0
010760013,54.551374982111156,3.0288750131148845,0.0007080088835209608,57.58154098293744,14,0,55.16720798914321,0.16779100405983627,0.0005420006345957518,55.33595901215449,14,0
010760032,77.11445799213834,4.312542005209252,0.0005830079317092896,81.42791700083762,11,0,77.06991699524224,0.16341599985025823,0.0005420006345957518,77.23450000048615,11,0
010760038,57.41195799782872,2.65054201008752,0.000500003807246685,60.06341701140627,11,0,57.46333298156969,0.14416701742447913,0.0005409820005297661,57.60829197242856,11,0
010760046,64.72220798605122,3.9946660108398646,0.000500003807246685,68.71762499213219,13,0,64.81716700363904,0.16866601072251797,0.000667001586407423,64.98670802102424,13,0
010760060,55.80558298970573,3.427333023864776,0.0005840265657752752,59.23379198065959,16,0,55.61654097982682,0.18558400915935636,0.0004580069798976183,55.8029169915244,16,0
010760062,61.0084580257535,2.6944999990519136,0.00037500285543501377,63.70370800141245,10,0,61.03737498051487,0.13370899250730872,0.000500003807246685,61.1717919819057,10,0
010760076,47.81824999372475,2.876708982512355,0.0004580069798976183,50.69608299527317,15,0,47.78391699073836,0.18233299488201737,0.0006250047590583563,47.96716698911041,15,0
010760079,52.11049999343231,2.7318749926052988,0.0004580069798976183,54.84329198952764,13,0,52.076457999646664,0.16116700135171413,0.0005420006345957518,52.238459000363946,13,0
010760089,56.2559170066379,2.88604199886322,51.44133398425765,110.58375000720844,12,1,55.56079201051034,0.16829199739731848,54.844917001901194,110.57462499593385,12,1
010760111,64.46362502174452,5.270915979053825,80.91062499443069,150.64579201862216,18,2,64.55391700728796,0.24554200354032218,92.42516697850078,157.22550000646152,18,2
010760116,82.24670801428147,7.505916990339756,85.11862499290146,174.87183399498463,22,2,82.24512499873526,0.33487501787021756,89.44999999948777,172.03079198952764,22,2
010760136,45.22550001274794,2.1758749790024012,0.0005420006345957518,47.40241699619219,12,0,45.7869169767946,0.15979199088178575,0.0005830079317092896,45.948041981318966,12,0
010760151,45.01900001196191,1.5226249815896153,0.0004159810487180948,46.54254100751132,9,0,44.787292019464076,0.11741698835976422,0.0007500057108700275,44.90579100092873,9,0
010760162,45.13208399293944,1.570541993714869,37.940209003863856,84.6432910184376,7,1,45.73720900225453,0.11645798804238439,44.62837497703731,90.4831659863703,7,1
010760169,52.174334006849676,1.8397499807178974,0.0004169996827840805,54.01495797559619,9,0,52.7037090214435,0.13158400543034077,0.0006250047590583563,52.836415998172015,9,0
010990020,48.42266600462608,3.4602500090841204,0.0006250047590583563,51.88404201180674,17,0,48.33908300497569,0.18116598948836327,0.00041601015254855156,48.52104198653251,17,0
010990048,48.55862498516217,4.111791000468656,37.77395799988881,90.44508298393339,22,1,48.481208010343835,0.2556250256020576,36.8549169797916,85.59229198726825,22,1
010990060,53.12550000962801,3.7646249984391034,0.0010840012691915035,56.891500018537045,20,0,52.87779201171361,0.22524999803863466,0.000667001586407423,53.103959013242275,20,0
010990063,47.98612502054311,4.1792080155573785,0.0006250047590583563,52.166375011438504,22,0,47.94816698995419,0.2367089909967035,0.0004169996827840805,48.185499996179715,22,0
010990082,56.04633400798775,5.71004199446179,36.36512500816025,98.1221660040319,28,1,56.54666599002667,0.30420799157582223,35.71041699615307,92.56170800654218,28,1
010990087,56.76670800312422,6.347874994389713,37.219291989458725,100.33454099902883,30,1,56.86445799074136,0.36270898999646306,39.66166698955931,96.88958298647776,30,1
010990123,38.289749994874,1.747583010001108,0.000500003807246685,40.038042003288865,12,0,38.38849999010563,0.14516699593514204,0.0006250047590583563,38.53474999777973,12,0
010990139,39.86824999446981,2.423792000627145,0.0005830079317092896,42.293000005884096,15,0,40.41608399711549,0.1746669877320528,0.000667001586407423,40.591833007056266,15,0
010990162,44.63912500068545,2.602167020086199,0.00045797787606716156,47.24200000055134,17,0,44.67820900026709,0.18454200471751392,0.0007500057108700275,44.86379201989621,17,0
010990165,45.237000013003126,2.1657919860444963,0.0005420006345957518,47.403750009834766,14,0,45.1619999948889,0.1543329854030162,0.0006249756552278996,45.31733298790641,14,0
010990188,53.85316698811948,4.563499998766929,0.00041601015254855156,58.41745898942463,25,0,54.303167009493336,0.2657499862834811,0.0004580069798976183,54.56966601195745,25,0
010990202,39.957291999598965,2.1064580068923533,0.0006250047590583563,42.0647090068087,14,0,39.8692500020843,0.16987501294352114,0.00045797787606716156,40.040124993538484,14,0
010990218,39.13683301652782,2.10266700014472,38.482457981444895,79.72245899145491,17,1,39.263042010134086,0.17066701548174024,38.84245897643268,78.27683398500085,17,1
010990239,40.78358400147408,2.2501669882331043,83.50574999349192,126.54024999937974,15,2,40.82970801391639,0.1685410097707063,81.73416598583572,122.73320800159127,15,2
010990260,45.44766602339223,3.040250012418255,0.0005839974619448185,48.489042004803196,20,0,45.808790979208425,0.22166699636727571,0.0006659829523414373,46.03158400277607,20,0
010990267,61.34770798962563,5.291624984238297,0.000667001586407423,66.64033301058225,23,0,62.13391598430462,0.2830000012181699,0.0006659829523414373,62.41791698266752,23,0
010990276,37.05037501640618,1.6393749974668026,0.0004580069798976183,38.69058299460448,13,0,36.928582994733006,0.1332079991698265,0.000667001586407423,37.062875024275854,13,0
010990279,46.884709008736536,3.826208005193621,0.0005409820005297661,50.71175002376549,22,0,51.09633301617578,0.2281669876538217,0.0004580069798976183,51.325209002243355,22,0
010990291,60.23745899437927,2.5566669937688857,0.0007080088835209608,62.79512500623241,14,0,59.881624998524785,0.157458009198308,0.0007920025382190943,60.04020798718557,14,0
010990313,54.313084023306146,2.3386660031974316,0.0006250047590583563,56.65283298003487,13,0,52.04166698968038,0.15229202108457685,0.000500003807246685,52.19499999657273,13,0
011090011,56.30924997967668,3.592458990169689,49.01195800630376,108.91437501413748,16,1,57.047167007112876,0.18295799964107573,49.145333003252745,106.3761250115931,16,1
011090020,69.44554101210088,6.07358300476335,60.95916699268855,136.47929101716727,22,1,69.63408400770277,0.2835000050254166,50.86695801583119,120.78516601468436,22,1
011090034,49.15170799358748,2.0795419986825436,0.0005830079317092896,51.232291996711865,10,0,48.43566697672941,0.14450002345256507,0.000833999365568161,48.58145798789337,10,0
011090089,39.848500018706545,2.0674999977927655,0.0005829788278788328,41.91675002221018,13,0,40.48608400626108,0.15379101387225091,0.0009580107871443033,40.6411659787409,13,0
011090140,72.2352089942433,8.330916985869408,74.86866699764505,155.43554100440815,30,2,72.38841700018384,0.3699999942909926,80.94766698195599,153.70670799165964,30,2
011090154,71.25233300030231,7.913166016805917,37.155958998482674,116.32229201495647,27,1,71.77383301313967,0.35520800156518817,41.98012501001358,114.10991699085571,27,1
011090184,63.04766598623246,3.788915986660868,0.000667001586407423,66.83766699279658,14,0,62.74754198966548,0.20029101870022714,0.0005830079317092896,62.9488330159802,14,0
011090220,62.986375007312745,4.387374996440485,0.0005839974619448185,67.37491700914688,16,0,63.28887498239055,0.2198750153183937,0.0007090275175869465,63.50987497717142,16,0
011090235,55.94533300609328,3.751207987079397,44.130916998256,103.82774999015965,17,1,56.00754200713709,0.2008749870583415,38.76220798701979,94.97116599231958,17,1
011090246,65.33349998062477,5.295915994793177,0.00045797787606716156,70.63050000579096,20,0,65.81437500426546,0.24329099687747657,0.0006250047590583563,66.05862500146031,20,0
011090273,53.04275001981296,3.134416008833796,0.000500003807246685,56.1781249998603,16,0,54.02500001946464,0.18549998640082777,0.0005839974619448185,54.211667011259124,16,0
011090277,71.59370800945908,5.794875003630295,37.34320800867863,114.73262499202974,21,1,71.12937499186955,0.2812919847201556,37.05095901386812,108.46237500663847,21,1
011090292,95.95408299355768,10.703665990149602,0.0006250047590583563,106.65883400361054,27,0,94.83950000139885,0.40533399442210793,0.0007080088835209608,95.246082986705,27,0
011090295,69.86366599448957,5.3913330193609,0.0005420006345957518,75.25608298601583,17,0,69.89308400079608,0.21208301768638194,0.0004169996827840805,70.10595800238661,17,0
011090320,87.59708399884403,11.613082984695211,0.000833999365568161,99.21149999718182,29,0,87.64258297742344,0.4077500198036432,0.000541971530765295,88.05137500166893,29,0
011090329,52.79445901396684,2.400791010586545,0.0005420006345957518,55.196290981257334,9,0,53.029959002742544,0.1264160091523081,0.0006660120561718941,53.15766599960625,9,0
011090333,80.2954169921577,9.094958018977195,36.34512500138953,125.73620901093818,25,1,80.0015419954434,0.34295799559913576,38.44779200153425,118.7927910068538,25,1
011090334,74.66020798892714,8.660457999212667,82.00004199170507,165.32145798555575,30,2,74.54108301317319,0.40058299782685935,73.3780000009574,148.3203340030741,30,2
011090335,53.498666995437816,3.6094579845666885,0.0005420006345957518,57.108874985715374,17,0,52.937750006094575,0.21254198509268463,0.0006250047590583563,53.15120899467729,17,0
011090359,72.60041599511169,7.742209010757506,36.34962500655092,116.69287501717918,24,1,72.3556250159163,0.33529201755300164,38.194833003217354,110.88645801646635,24,1
011350001,56.97487498400733,5.145167000591755,38.26095801196061,100.38145800353959,23,1,57.581040979130194,0.2739999908953905,50.42670798138715,108.2822090247646,23,1
011350026,69.47029198636301,6.172333989525214,77.52191700274125,153.16524999798276,23,2,69.2902090086136,0.30004201107658446,78.47079099155962,148.06154198595323,23,2
011350027,63.7317500077188,6.0486249858513474,282.8011250239797,352.5821669900324,23,1,63.88858298305422,0.2914160140790045,38.32362499088049,102.50429200823419,23,1
011350064,66.23991701053455,5.536500015296042,39.858999982243404,111.63658302393742,23,1,73.38312501087785,0.2876250073313713,54.54108299454674,128.21262498619035,23,1
011350116,74.84320900402963,7.957499998155981,36.57429199665785,119.37545900582336,28,1,82.79316700645722,0.3687090065795928,37.0818329975009,120.24458299856633,28,1
011350141,71.89283400657587,7.585290994029492,104.24966699793003,183.7285409856122,26,2,71.91195798804983,0.3480000013951212,117.20649999915622,189.4668329914566,26,2
011350158,45.24083298747428,2.0305420039221644,62.6462500076741,109.91829200065695,13,1,45.494458987377584,0.16987501294352114,43.54620899539441,89.21100001316518,13,1
011350173,58.02279099589214,3.396666987100616,0.0005830079317092896,61.42062498838641,16,0,58.52645801496692,0.22274997900240123,0.0006659829523414373,58.750374999362975,16,0
011350190,75.78108299640007,8.275333006167784,39.12083400064148,123.1779590016231,26,1,76.61287501105107,0.3429589851293713,42.033208010252565,118.98962501436472,26,1
011350215,64.53712499933317,5.361542018363252,42.6674579794053,112.56695797783323,18,1,64.47016700985841,0.2479999966453761,50.75954197673127,115.47816600068472,18,1
011350218,55.957292002858594,4.188999999314547,38.65120801492594,98.79825002280995,19,1,55.94079100410454,0.22641601390205324,39.90479098865762,96.07274999143556,19,1
011350221,56.98133399710059,3.9760420040693134,39.06949999509379,100.0277080165688,17,1,57.08299999241717,0.22266700398176908,41.455416998360306,98.76154200173914,17,1
011350225,71.36758297565393,7.269624999025837,44.5512080041226,123.18904197309166,27,1,71.59266699454747,0.3369170008227229,45.63279199646786,117.56304200389422,27,1
011350249,64.2777499742806,4.5736659958492965,65.56354198255576,134.41583298845217,19,1,62.12483299896121,0.25491698761470616,48.21458301739767,110.59491700143553,19,1
011350257,61.42812498728745,4.794792010216042,0.0005829788278788328,66.22383400099352,20,0,60.85537499166094,0.25566600379534066,0.0005839974619448185,61.11224999767728,20,0
011350290,56.21483299182728,4.583583009662107,67.75133399059996,128.55029199272394,21,1,55.48762498074211,0.2689580142032355,50.5095410044305,106.26662502181716,21,1
011350303,61.52716602082364,4.1689999925438315,99.15649998583831,164.85316699254327,18,2,61.50445801904425,0.23266699281521142,105.30162500799634,167.0397919951938,18,2
011350318,64.8654589895159,5.172167002456263,44.0028749871999,114.04112499440089,20,1,64.92129198159091,0.26745800278149545,45.16645800322294,110.35579099552706,20,1
011350345,78.49849999183789,10.115500015672296,176.46600000443868,265.08079198538326,33,4,78.73304199893028,0.4480420029722154,159.0064589981921,238.18812501849607,33,4
011350374,54.90929100778885,3.063749987632036,75.09345898870379,133.06708299205638,16,2,54.70404200605117,0.2005829883273691,75.71895801811479,130.62425001407973,16,2
011560005,71.44333299947903,8.017667016247287,87.99791702767834,167.45958401588723,29,2,70.66429199767299,0.35191699862480164,85.9923750103917,157.00937501969747,29,2
011560058,54.464457993162796,4.249375022482127,106.81529197609052,165.5298749974463,22,2,54.41787501331419,0.25566600379534066,84.43741599330679,139.1115830047056,22,2
011560063,61.96758299483918,5.3530420118477196,36.879457999020815,104.20091700507328,22,1,61.702958017122,0.291000003926456,35.85049998946488,97.8450830152724,22,1
011560068,97.85445799934678,12.305083015235141,75.479416991584,185.63962500775233,36,1,92.55420899717137,0.5087919998914003,65.14220801182091,158.20612502284348,36,1
011560072,44.26995900576003,2.221125003416091,0.0005420006345957518,46.4919590158388,14,0,44.99354201834649,0.17054201452992857,0.0006250047590583563,45.16529099782929,14,0
011560075,60.80395801109262,5.146833980688825,37.00912502245046,102.96070799813606,22,1,60.43354200664908,0.27254200540483,39.41349999513477,100.12012498918921,22,1
011560086,57.034458994166926,5.458291998365894,37.74733399040997,100.24062500451691,26,1,56.89470798824914,0.29933301266282797,39.81933300383389,97.01391699491069,26,1
011560100,77.14458301779814,9.595791983883828,40.91675000381656,127.65779200708494,30,1,77.30683300178498,0.4110830195713788,40.05479198531248,117.77329200413078,30,1
011560117,57.129374996293336,5.04812499275431,118.01570799434558,180.19391698180698,23,2,57.312833989271894,0.2858749940060079,95.42908301227726,153.02845800761133,23,2
011560184,61.97508401237428,5.724124988773838,96.20741699473001,163.9075829880312,26,2,60.72829198092222,0.3096250002272427,80.45512501848862,141.4938750094734,26,2
011560192,55.930292000994086,4.77187501383014,102.97566599911079,163.6784159927629,25,3,55.706041981466115,0.2886250149458647,105.20454100333154,161.19991699815728,25,3
011560202,52.56074998760596,3.3381670073140413,0.0006660120561718941,55.90025000856258,18,0,52.32762498781085,0.21587498486042023,0.0005829788278788328,52.544499980285764,18,0
011560257,52.19445799593814,3.9615829882677644,0.000500003807246685,56.15712498547509,22,0,51.93137499736622,0.24612501147203147,0.0007500057108700275,52.17908299528062,22,0
011560269,54.65170802199282,4.094250005437061,37.686583993490785,96.4330830029212,21,1,54.17895800201222,0.25270800688304007,40.10291598387994,94.53499998198822,21,1
011560275,46.0079170006793,2.877207996789366,37.28720897925086,86.1729999887757,17,1,45.99037501611747,0.2042079868260771,37.08075001486577,83.27583302161656,17,1
011560289,45.27937498642132,2.7398340171203017,70.78666597953998,118.80654099513777,16,2,45.73595800320618,0.18208299297839403,70.06208298844285,115.98099998082034,16,2
011560320,47.495541017269716,3.336666995892301,78.20954199996777,129.04233299195766,21,2,47.619749995647,0.23804200463928282,81.01445800275542,128.87300000875257,21,2
011560353,47.968875005608425,3.031125001143664,37.26608300348744,88.26687501277775,17,1,47.9052500159014,0.19654197967611253,37.40533301606774,85.50758400815539,17,1
011560354,65.53350001922809,6.206332996953279,0.0007080088835209608,71.7409590142779,22,0,64.69949998427182,0.2886250149458647,0.0007500057108700275,64.9893750087358,22,0
011560372,39.29425001842901,1.597291004145518,0.0005839974619448185,40.89237499283627,10,0,39.36333299498074,0.11650001397356391,0.0004159810487180948,39.48049998143688,10,0
011810063,48.5301669978071,3.2311659888364375,0.000667001586407423,51.76245799520984,16,0,48.276540997903794,0.18362500122748315,0.000500003807246685,48.460958001669496,16,0
011810067,62.8549589891918,5.450875003589317,0.0006250047590583563,68.30687500769272,22,0,62.789374991552904,0.26729199453257024,0.0006250047590583563,63.05762499687262,22,0
011810133,40.10695801116526,2.183333010179922,0.0005839974619448185,42.29133401531726,16,0,39.6226670127362,0.16095800674520433,0.00033300602808594704,39.784374996088445,16,0
011810162,52.78154101688415,3.956875007133931,0.0005829788278788328,56.73945799935609,20,0,52.88766699959524,0.22508300025947392,0.0006250047590583563,53.113667003344744,20,0
011810168,40.212833002442494,2.1678330085705966,36.12529201200232,78.50666699232534,15,1,40.66729100304656,0.15841698041185737,35.94454098492861,76.77079198765568,15,1
011810173,54.40125000313856,4.91279101697728,36.73645801609382,96.05125000234693,25,1,54.42112500895746,0.29674998950213194,38.82179199717939,93.5403750045225,25,1
011810184,55.66041698330082,4.882125009316951,0.0006250047590583563,60.54354101070203,24,0,54.843250021804124,0.2752089931163937,0.000667001586407423,55.11958300485276,24,0
011810197,72.72529200417921,8.734542003367096,39.5929160004016,121.0532080149278,31,1,72.15612501022406,0.38291700184345245,36.43995898892172,108.97970802034251,31,1
011810206,40.481750009348616,1.991416997043416,37.42070897715166,79.89462499972433,11,1,40.45704199234024,0.13995799235999584,36.46054200362414,77.05808299942873,11,1
011810213,44.4921659945976,2.062250016024336,57.63295799260959,104.18812499847263,13,1,44.840749993454665,0.15858301776461303,38.10520799015649,83.1055830058176,13,1
011810214,56.21679199975915,3.626708989031613,36.30099998554215,96.14554099971429,22,1,56.50308300391771,0.23970898473635316,38.796375010861084,95.5397920042742,22,1
011810222,48.34308399586007,2.850374992704019,0.0004169996827840805,51.19445800664835,17,0,45.95437497482635,0.19091597641818225,0.0007079797796905041,46.146375010721385,17,0
011810246,40.54462499334477,2.2377909917850047,34.75104097742587,77.53412498277612,12,1,40.521582996007055,0.1518330245744437,37.85666701151058,78.53087500552647,12,1
011810247,51.29554201266728,2.585874986834824,0.0005830079317092896,53.882457985309884,16,0,45.32891698181629,0.19091699505224824,0.0004999747034162283,45.520749990828335,16,0
011810279,44.96800000197254,2.744625002378598,0.0006250047590583563,47.71379200974479,18,0,44.977375015150756,0.19233301281929016,0.000667001586407423,45.17058297642507,18,0
011810280,44.61000001174398,2.5742909929249436,67.74062500335276,114.92562500643544,18,1,44.68399999313988,0.19454199355095625,52.38270800327882,97.2618339874316,18,1
011810284,65.28929198975675,7.0700839860364795,84.6992080041673,157.0600410050247,30,2,65.11729198973626,0.3445000038482249,98.89129200018942,164.35391700360924,30,2
011810314,48.215958988294005,3.2007079862523824,0.0009170034900307655,51.41791599453427,16,0,48.39891698793508,0.2078340039588511,0.0006659829523414373,48.608124983729795,16,0
011810334,52.35858299420215,3.8880409847479314,73.90554100857116,130.15287500456907,22,2,52.99700002069585,0.2658329904079437,77.8250840085093,131.08862499939278,22,2
011810377,55.84541699499823,5.223249987466261,47.68783299368806,108.75741697964258,27,1,55.72354199830443,0.3171670250594616,51.018500002101064,107.05966700334102,27,1
011860256,75.84345800569281,5.434625025372952,46.68987498735078,127.96874999185093,18,1,75.7337500108406,0.2692079870030284,54.03529101749882,130.03904101788066,18,1
011860263,75.39225000073202,7.085417018970475,0.0006249756552278996,82.47887500328943,22,0,75.42791700689122,0.3046249912586063,0.0007500057108700275,75.73366700671613,22,0
011860264,104.6124579734169,8.59958300134167,114.51162499724887,227.72483300650492,19,2,104.26808398915455,0.32383299549110234,87.33770801336505,191.93054098286666,19,2
011860284,56.65908398805186,2.880124986404553,0.0007089984137564898,59.54083299729973,13,0,57.198624999728054,0.1865419908426702,0.0005420006345957518,57.386208995012566,13,0
011860285,52.37929199938662,2.8440829773899168,0.00045797787606716156,55.224375013494864,14,0,52.283541997894645,0.17537499661557376,0.0007080088835209608,52.46004101354629,14,0
011860287,71.32441599969752,5.673750012647361,0.000667001586407423,76.9993329886347,21,0,71.3336659828201,0.266042014118284,0.0007079797796905041,71.60075000138022,21,0
011860292,69.63729200651869,5.105375021230429,47.92616699705832,122.66962500871159,19,1,69.56825000816025,0.23700000019744039,49.33974999585189,119.14537500706501,19,1
011860298,52.434207987971604,2.8210830059833825,0.0009160139597952366,55.25658398983069,13,0,53.13633300829679,0.16095800674520433,0.000500003807246685,53.29820900806226,13,0
011860301,64.77891601389274,4.7861249768175185,0.0005420006345957518,69.56595799420029,16,0,64.65899999602698,0.1985830022022128,0.0005830079317092896,64.85837500076741,16,0
011860308,77.29862499400042,9.402083000168204,0.0004580069798976183,86.70162499765866,26,0,77.32945799943991,0.3384999872650951,0.0005830079317092896,77.66870799241588,26,0
011860317,61.864333983976394,4.222624993417412,110.7620419934392,176.84987498796545,17,3,62.21079101669602,0.20562499412335455,118.8907079922501,181.30774999735877,17,3
011860332,52.561999997124076,2.369249996263534,0.0005839974619448185,54.932416998781264,13,0,52.07391700241715,0.17387501429766417,0.0006660120561718941,52.2489580034744,13,0
011860335,78.74887500656769,6.054916972061619,0.0004999747034162283,84.8047079925891,17,0,78.25233298353851,0.24083300377242267,0.0005830079317092896,78.49437498953193,17,0
011860346,52.66541600576602,2.379458019277081,0.0004999747034162283,55.04595901584253,11,0,52.55987498094328,0.13475000741891563,0.00045899651013314724,52.695499995024875,11,0
011860359,47.94870800105855,2.4592500121798366,0.0006249756552278996,50.40883301990107,11,0,47.93008300475776,0.15587499365210533,0.0007080088835209608,48.08712500380352,11,0
011860361,54.46008301805705,3.3525839971844107,38.44683300121687,96.26008299528621,18,1,53.706167003838345,0.22358298883773386,41.35687500820495,95.28725000564009,18,1
011860363,80.90216599521227,8.152249996783212,186.5837920049671,275.63904199632816,25,4,79.10124998306856,0.3541249898262322,157.61799999745563,237.0743749779649,25,4
011860372,55.76483401819132,2.6055409980472177,0.0006250047590583563,58.37141702068038,13,0,53.22054200223647,0.15425001038238406,0.0006250047590583563,53.37562499335036,13,0
011860373,57.24316698615439,4.235875006997958,0.000667001586407423,61.4802909840364,17,0,56.684707989916205,0.20216699340380728,0.000500003807246685,56.88770901178941,17,0
011860377,79.31204201304354,8.362458000192419,0.0004580069798976183,87.67537501989864,27,0,79.29608301492408,0.3564999788068235,0.0005830079317092896,79.65349999722093,27,0
012280016,54.214916977798566,4.1729999938979745,103.88662500190549,162.27524998248555,21,2,54.66512497514486,0.26295901625417173,97.160959005123,152.08979201270267,21,2
012280033,69.90208401111886,6.644624983891845,0.0005830079317092896,76.54775000992231,23,0,70.68050000816584,0.2885420108214021,0.000667001586407423,70.97008300479501,23,0
012280053,73.09045799775049,8.303625014377758,50.320666981860995,131.7153339914512,28,1,73.21462500840425,0.37024999619461596,54.766957997344434,128.3529580105096,28,1
012280054,76.71033299993724,9.629625012166798,81.63433297886513,167.97504198621027,30,2,76.78183299140073,0.40945899672806263,79.82199999969453,157.01412499765866,30,2
012280161,53.40216599870473,3.839999990304932,0.0006250047590583563,57.243416988058016,19,0,52.902041003108025,0.21475000539794564,0.0005830079317092896,53.11783301294781,19,0
012280173,54.949000012129545,3.5623750009108335,69.73704099073075,128.24920800630935,16,1,54.632166022202,0.19058299949392676,46.73825000645593,101.56158299650997,16,1
012280198,61.898541025584564,5.139707995112985,0.0006250047590583563,67.03925001784228,21,0,61.13304098835215,0.2657080185599625,0.0007500057108700275,61.40008399961516,21,0
012280201,62.74279099307023,5.8123330236412585,38.26012497302145,106.8157920090016,24,1,62.53024999750778,0.30300000798888505,39.07429098035209,101.90816599060781,24,1
012280206,53.25204101973213,3.782874991884455,0.0005839974619448185,57.03604200971313,19,0,52.850083011435345,0.22766701295040548,0.0006249756552278996,53.078874974744394,19,0
012280243,55.77249999623746,5.112834012834355,48.21087498567067,109.09695900045335,25,1,55.07020800723694,0.2815420157276094,48.08799998136237,103.44041700591333,25,1
012280261,57.09433401352726,4.570707998936996,78.16674999776296,139.83270799508318,21,2,57.12004197994247,0.2663340128492564,81.22366698808037,138.61066600657068,21,2
012280262,52.35841701505706,3.221708000637591,96.82079197955318,152.40154200000688,17,2,52.6476250088308,0.2049169852398336,67.0320829958655,119.88545799977146,17,2
012280276,40.38295801728964,1.8967909854836762,0.0005409820005297661,42.28079199674539,13,0,40.59308301657438,0.15762500697746873,0.0005420006345957518,40.751874999841675,13,0
012280288,45.511458010878414,2.5925829831976444,0.000667001586407423,48.10524999629706,14,0,45.33433399046771,0.16937500913627446,0.000500003807246685,45.50458301673643,14,0
012280308,72.07466699765064,7.794665987603366,142.61416700901464,222.4847920006141,30,3,72.13137499638833,0.3845419851131737,126.58750000991859,199.10404199617915,30,3
012280343,40.83270899718627,1.9915830052923411,34.70920800464228,77.53400001092814,13,1,40.828917000908405,0.15762500697746873,34.08899999340065,75.07633298519067,13,1
012280345,39.84241699799895,1.6974589962046593,0.0004169996827840805,41.54070801450871,12,0,40.14908298267983,0.15762500697746873,0.0005839974619448185,40.30774999409914,12,0
012280355,44.524500000989065,1.8412499921396375,0.0004580069798976183,46.36641699471511,12,0,44.70904200570658,0.13699999544769526,0.0006250047590583563,44.84683400369249,12,0
012280366,61.79933299426921,4.761541000334546,0.0005830079317092896,66.56179201672785,18,0,61.475333000998944,0.2197079884354025,0.0005829788278788328,61.696042015682906,18,0
012280375,39.303666999330744,1.4402910019271076,0.0004580069798976183,40.74475000379607,10,0,39.10670898039825,0.1332910032942891,0.0007920025382190943,39.24129100050777,10,0
012920007,56.17491700104438,4.1385839867871255,0.00045899651013314724,60.31437500496395,18,0,56.476166006177664,0.21004100563004613,0.0005830079317092896,56.687125004827976,18,0
012920027,61.541665985714644,6.004417024087161,0.0004999747034162283,67.5468749832362,28,0,61.62883300567046,0.30616699950769544,0.00041601015254855156,61.93579200771637,28,0
012920054,40.542125003412366,1.9055409939028323,0.000500003807246685,42.448374995728955,11,0,40.522541996324435,0.12341700494289398,0.0007080088835209608,40.64683400793001,11,0
012920062,54.60570799186826,4.093833995284513,38.53604101459496,97.23608300555497,21,1,53.90037500183098,0.25295899831689894,38.33024998311885,92.48420901712961,21,1
012920073,61.056458012899384,4.091374983545393,74.26233301521279,139.41091700689867,20,2,52.78945801546797,0.2425829879939556,77.42225000401959,130.45500000589527,20,2
012920085,54.595166991930455,3.498916979879141,38.03308302303776,96.12775000277907,17,1,47.3544170090463,0.20570799824781716,37.61895798379555,85.17962499172427,17,1
012920110,64.15241598733701,6.151625013444573,0.0007500057108700275,70.30533300712705,25,0,63.855124986730516,0.2910830080509186,0.0006250047590583563,64.14737500017509,25,0
012920121,46.48275001090951,2.2631249739788473,0.0005829788278788328,48.746832995675504,12,0,46.38366698054597,0.14337501488626003,0.0006250047590583563,46.52808399987407,12,0
012920143,55.589750001672655,4.860959015786648,0.0004169996827840805,60.45129199628718,21,0,56.07195899938233,0.2562500012572855,0.0005420006345957518,56.329165992792696,21,0
012920146,53.27933302032761,3.751082986127585,41.40766701311804,98.4387080243323,19,1,52.83012500149198,0.22791701485402882,42.38033399451524,95.43895898968913,19,1
012920155,65.39045899990015,5.884583020815626,0.0004580069798976183,71.27579100779258,21,0,65.14408299699426,0.2795830077957362,0.0005830079317092896,65.42462500510737,21,0
012920158,46.2514579994604,2.8997919871471822,38.74929100857116,87.90099999168888,16,1,45.7869169767946,0.1927920093294233,37.63162498944439,83.61208299174905,16,1
012920214,52.68624998279847,4.193125001620501,38.27854202245362,95.15845897840336,22,1,52.61137499473989,0.23783399956300855,39.64091700618155,92.49062498565763,22,1
012920254,45.655707974219695,3.664249990833923,71.01841698749922,120.33895798958838,23,2,45.97112501505762,0.22545800311490893,68.67120799142867,114.86837500706315,23,2
012920259,44.79487499338575,2.758624992566183,58.58708301093429,106.14137499942444,18,1,44.91570801474154,0.18633398576639593,40.42270898935385,85.52541700191796,18,1
012920268,61.87258299905807,5.56420799694024,70.27070899493992,137.708084017504,24,2,61.996207979973406,0.30141702154651284,75.18299997900613,137.4812499852851,24,2
012920270,38.203292002435774,1.693583995802328,0.000500003807246685,39.89791599451564,13,0,38.29429199686274,0.1503750099800527,0.000500003807246685,38.445625017629936,13,0
012920299,61.6502080229111,5.41937499656342,73.03333398886025,140.10345801943913,22,1,61.77616599597968,0.271125027211383,54.56516597769223,116.61308299517259,22,1
012920301,45.37079198053107,2.838209009496495,40.40220798924565,88.61191698815674,15,1,45.38399999728426,0.1750410010572523,38.94162501092069,84.50125000672415,15,1
012920368,48.6220000020694,3.5542499972507358,0.0006250047590583563,52.17737500788644,16,0,49.07408298458904,0.1981249952223152,0.0007079797796905041,49.273749988060445,16,0
012930008,47.301708022132516,3.957250009989366,56.44120799843222,107.70070800208487,23,1,47.88649998954497,0.26791600976139307,46.740082994801924,94.89508299157023,23,1
012930012,40.87016699486412,2.421459008473903,36.65350002120249,79.94570798473433,17,1,40.88558300281875,0.19449999672360718,35.44079101993702,76.52224999037571,17,1
012930028,61.37999999918975,6.864208000479266,45.85237498395145,114.09737498615868,29,1,61.8208340019919,0.3422499867156148,48.54945800616406,110.71325000375509,29,1
012930036,45.61775000183843,2.127249987097457,0.000500003807246685,47.74587499559857,10,0,46.12625000299886,0.12945799971930683,0.000667001586407423,46.25658300938085,10,0
012930037,70.67749998532236,6.21995801338926,76.09691697871312,152.99500001128763,22,2,71.5132080076728,0.2908750029746443,79.52745800139382,151.33212500950322,22,2
012930040,55.04437498166226,4.179750016191974,67.36974997329526,126.59450000501238,20,1,54.82791599933989,0.24320802185684443,44.89412499242462,99.9658330110833,20,1
012930051,54.79379199096002,4.128792003029957,40.566832991316915,99.48974999133497,20,1,54.449957999167964,0.2442499971948564,38.42774999793619,93.1225839885883,20,1
012930067,44.40191702451557,3.0321250087581575,0.0007920025382190943,47.435332991881296,18,0,44.747124979039654,0.19208400044590235,0.0005830079317092896,44.94020898710005,18,0
012930079,45.3580419998616,2.6921250100713223,0.0006250047590583563,48.05149999447167,16,0,45.08662500302307,0.18879200797528028,0.000667001586407423,45.27649999363348,16,0
012930097,53.37883302127011,5.6404999922961,79.30504099931568,138.32508298219182,32,2,52.89433299913071,0.34566698013804853,80.75125000323169,133.99216698599048,32,2
012930114,55.10866700205952,4.60270800977014,99.80266698403284,159.51466700062156,24,2,54.93649997515604,0.26541599072515965,90.96529099042527,146.16775000467896,24,2
012930127,54.8595410073176,3.8224169984459877,0.0006250047590583563,58.68291700608097,20,0,59.67791599687189,0.23379101185128093,0.000500003807246685,59.91254199761897,20,0
012930139,59.06808300642297,3.1716660014353693,75.67691701115109,137.91929199942388,21,2,51.867416012100875,0.22829201770946383,84.18370800791308,136.28004200290889,21,2
012930155,41.75408399896696,2.0742079941555858,0.0006660120561718941,43.829375004861504,14,0,41.5317079750821,0.17020900850184262,0.0006660120561718941,41.70316702220589,14,0
012930195,44.886166986543685,2.992666995851323,35.84083300665952,83.72020800015889,21,1,44.76887499913573,0.2075420052278787,57.332374999532476,102.30941700865515,21,1
012930225,49.368750012945384,3.3647090021986514,0.0005410111043602228,52.73450000095181,20,0,48.245082987705246,0.22366701159626245,0.0007080088835209608,48.469915986061096,20,0
012930240,47.03591699944809,3.3426249865442514,36.2813750107307,86.66058297967538,23,1,46.797666989732534,0.22887499653734267,35.13712499989197,82.16454199282452,23,1
012930261,41.1213330226019,2.6653749810066074,0.0008750066626816988,43.7882500118576,17,0,41.01545800222084,0.16687499010004103,0.0005830079317092896,41.1832089885138,17,0
012930266,43.12395802116953,2.5896249862853438,35.647833021357656,81.36208401992917,17,1,41.19275000994094,0.19129199790768325,36.013334000017494,77.3979999939911,17,1
012930315,38.67437498411164,1.264999998966232,0.0005829788278788328,39.940415997989476,10,0,38.483208016259596,0.11195798288099468,0.00045797787606716156,38.595791993429884,10,0
013340007,53.35241698776372,4.632166004739702,37.93900000164285,95.92412499478087,26,1,53.45758399926126,0.2731669810600579,35.40941700339317,89.14104200084694,26,1
013340034,41.48133398848586,2.528667013393715,35.230624984251335,79.2415420000907,18,1,41.41541602439247,0.1908330013975501,34.1621249972377,75.76937502017245,18,1
013340046,45.66541701206006,2.6635829999577254,55.90704097994603,104.23666701535694,17,1,45.638332987437025,0.18641698989085853,38.19862499949522,84.0239169774577,17,1
013340091,45.00712500885129,3.198874997906387,0.0006250047590583563,48.207375017227605,22,0,44.85066601773724,0.223666982492432,0.0004580069798976183,45.07520800689235,22,0
013340137,46.952542004873976,3.101375012192875,37.588082981528714,87.64262500335462,19,1,46.84683299274184,0.18279199139215052,39.114416984375566,86.1444579786621,19,1
013340147,40.86400000960566,2.2278329997789115,0.00045797787606716156,43.09258400462568,17,0,40.54604098200798,0.1671670179348439,0.0006250047590583563,40.714292001212016,17,0
013340159,45.59416699339636,2.6672499952837825,0.0004169996827840805,48.2620419934392,17,0,45.56124997907318,0.19429100211709738,0.0005829788278788328,45.75649998150766,17,0
013340204,41.091666993452236,2.1998749871272594,35.26083400356583,78.55291597661562,17,1,40.894667006796226,0.19120899378322065,36.146875005215406,77.23341599921696,17,1
013340217,49.43845799425617,3.9013749919831753,53.668584005208686,107.00883297249675,23,1,49.201416986761615,0.23479200899600983,54.908875026740134,104.34579200227745,23,1
013340243,53.55170901748352,4.122000013012439,36.87283300678246,94.54737501800992,23,1,53.048834000946954,0.24187497911043465,37.16525001800619,90.45666598831303,23,1
013340245,48.59179101185873,3.774457989493385,0.0007089984137564898,52.36750000040047,21,0,47.97774998587556,0.22375001572072506,0.0004999747034162283,48.20237500825897,21,0
013340255,41.464584006462246,3.2388329855166376,107.27995799970813,151.98404199327342,22,3,41.52958397753537,0.20750000840052962,114.62758301058784,156.36504100984894,22,3
013340259,47.666915983427316,3.731583012267947,37.5667079933919,88.96554200327955,25,1,47.96745799831115,0.2415830094832927,37.0163329935167,85.22595799877308,25,1
013340277,39.17437500786036,1.8128330120816827,0.0004580069798976183,40.98824999528006,15,0,39.226458000484854,0.17283399938605726,0.0007080088835209608,39.40079201129265,15,0
013340291,41.39662499073893,2.435917005641386,0.00033300602808594704,43.833208008436486,17,0,41.152582998620346,0.16450000111944973,0.0004580069798976183,41.317875002278015,17,0
013340297,45.23600000538863,2.8262920095585287,0.0004999747034162283,48.0630419915542,19,0,45.11737497523427,0.21562501206062734,0.0005420006345957518,45.33387502306141,19,0
013340313,41.543166997144,2.4604169884696603,0.000667001586407423,44.00458399322815,16,0,41.103333001956344,0.17179199494421482,0.0005420006345957518,41.27595800673589,16,0
013340345,46.16770800203085,3.2506660209037364,38.22262497851625,87.64162499574013,20,1,45.77000002609566,0.22995902691036463,37.54037502221763,83.54087499901652,20,1
013340375,49.36908301897347,4.43375000031665,47.620208002626896,101.4238329953514,24,1,49.089582986198366,0.25224999990314245,48.64500000257976,97.98733299248852,24,1
013340378,41.49324999889359,2.5399169826414436,37.719709012890235,81.75333400140516,17,1,41.700542002217844,0.1681669964455068,36.9911250018049,78.86037498246878,17,1
014040005,105.65512502216734,6.06554199475795,50.66170799545944,162.38291599438526,12,1,104.5613749884069,0.24291602312587202,52.317374997073784,157.12250000797212,12,1
014040013,96.64174998761155,6.409416004316881,0.000500003807246685,103.05220799637027,14,0,96.18629197939299,0.25341700529679656,0.0006660120561718941,96.44104199833237,14,0
014040027,79.84650001162663,4.063125001266599,99.09375000279397,183.0039580236189,12,1,80.26529199560173,0.18874998204410076,51.74041600548662,132.19491599011235,12,1
014040028,71.84120899182744,2.455500012729317,0.0006250047590583563,74.29787499131635,10,0,71.79308400372975,0.15866599278524518,0.0006249756552278996,71.95291598327458,10,0
014040052,64.33833399205469,3.998291998868808,77.61920898337848,145.95662499777973,18,2,72.17050000326708,0.21295799524523318,80.96620900323614,153.35025000968017,18,2
014040072,64.97608302743174,3.6463750002440065,0.0007079797796905041,68.62383297993802,15,0,64.69579201075248,0.19970900029875338,0.0005830079317092896,64.89645800320432,15,0
014040081,87.91437500622123,4.426125000463799,0.0006249756552278996,92.34150001429953,10,0,87.82795802108012,0.15920799341984093,0.000500003807246685,87.98795900656842,10,0
014040088,65.37424999987707,3.6470410123001784,0.000500003807246685,69.02220801566727,10,0,65.33716601552442,0.13670799671672285,0.0007080088835209608,65.47483400208876,10,0
014040089,58.451541990507394,2.7821249968837947,0.0007080088835209608,61.23504202696495,9,0,58.562708989484236,0.1432080171070993,0.000667001586407423,58.70695802150294,9,0
014040090,76.24812499852851,4.158083000220358,0.0005830079317092896,80.4070410085842,8,0,76.26595898182131,0.12637500185519457,0.0005420006345957518,76.39320800080895,8,0
014040096,73.14349999069236,5.17712501459755,53.528749995166436,131.85020899982192,18,1,73.02316700224765,0.230541976634413,63.61566699342802,136.86954099102877,18,1
014040097,74.3140830018092,6.583917012903839,72.00670798192732,152.90549999917857,20,2,74.1669160197489,0.27137500001117587,106.81808300432749,181.25700001837686,20,2
014040109,90.42279201094061,6.291541998507455,43.77616598503664,140.49129199702293,16,1,89.90062502562068,0.258790998486802,42.042374989250675,132.20254197949544,16,1
014040111,79.76012499420904,7.764917012536898,155.4554169997573,242.98108302173205,25,3,78.8960829959251,0.3367080062162131,140.79008300905116,220.02337500452995,25,3
014040122,63.205374986864626,4.739500000141561,87.25908299675211,155.2044999843929,19,1,63.46737500280142,0.24508300703018904,45.64654201385565,109.35991600854322,19,1
014040124,84.93795798858628,4.582959023537114,0.0007079797796905041,89.52199999475852,11,0,84.73337499890476,0.19904100918211043,0.0006660120561718941,84.93366700713523,11,0
014040145,105.21045900532044,11.790833988925442,86.02795799379237,203.03012497606687,25,2,105.61691698967479,0.41050001163966954,93.81774999201298,199.84579100855626,25,2
014040148,63.587334007024765,5.20270798006095,138.87408300070092,207.6648749934975,22,3,63.70779199642129,0.26737499865703285,112.80608401284553,176.78174999309704,22,3
014040152,85.53837501676753,6.014375016093254,39.98858400154859,131.54204201418906,15,1,84.93591702426784,0.25441701291128993,44.22087498824112,129.41208298434503,15,1
014040155,80.59299999149516,4.602125001838431,0.0007500057108700275,85.19687500665896,12,0,80.63270797720179,0.19037502352148294,0.0005829788278788328,80.82399997510947,12,0
014080008,53.15654200967401,3.586499980883673,107.3843750054948,164.12808300810866,21,3,53.33858300582506,0.22837499273009598,111.26029200386256,164.82783301034942,21,3
014080073,45.748458011075854,2.335041994228959,37.65024998574518,85.73445799993351,14,1,45.53895897697657,0.15675000031478703,36.6957500227727,82.3920409893617,14,1
014080091,62.41149999550544,4.95354097802192,0.0005830079317092896,67.36604199977592,21,0,62.56683397805318,0.25812501553446054,0.0007089984137564898,62.826207984471694,21,0
014080103,49.339375022100285,2.97949998639524,42.12566599017009,94.44520800025202,15,1,50.42691601556726,0.17691697576083243,42.14245901675895,92.74695799103938,15,1
014080117,58.24445802136324,3.4507499949540943,38.79216700443067,100.48816702328622,17,1,56.51437499909662,0.20208299974910915,38.52225001901388,95.23912501754239,17,1
014080134,41.76833399105817,1.7912079929374158,0.0004580069798976183,43.56054199161008,12,0,41.29237501183525,0.15458298730663955,0.0007500057108700275,41.44825000548735,12,0
014080149,44.40516702015884,1.8266660044901073,0.0004580069798976183,46.23262499808334,11,0,44.45537499850616,0.12608300312422216,0.0005829788278788328,44.5823339978233,11,0
014080178,41.010792017914355,1.8531249952502549,0.00029199873097240925,42.8646249929443,12,0,40.755666996119544,0.13279099948704243,0.0007500057108700275,40.890000003855675,12,0
014080201,47.51795800984837,2.536292013246566,0.0005420006345957518,50.05520800477825,14,0,47.06083401106298,0.17320900224149227,0.000667001586407423,47.23508300958201,14,0
014080243,56.477249978343025,3.5438750055618584,40.34224999486469,100.36408298765309,17,1,55.93099998077378,0.20729200332425535,40.35437499987893,96.49341701879166,17,1
014080270,56.465250003384426,3.9861249970272183,38.21716699167155,98.66929199779406,19,1,56.38779199216515,0.23054200573824346,41.97033299715258,98.5893750039395,19,1
014080279,57.47775000054389,4.134791990509257,79.22637500450946,140.8397080085706,20,2,57.45458300225437,0.2548749907873571,80.35358300548978,138.06374999694526,20,2
014080301,46.813166001811624,2.1132080000825226,0.00045899651013314724,48.92712499713525,12,0,47.605708008632064,0.1550000160932541,0.0005830079317092896,47.76183399371803,12,0
014080333,63.2238749822136,5.031292006606236,37.32741699786857,105.58337499969639,22,1,63.209917017957196,0.28208401636220515,37.07733299233951,100.57029200834222,22,1
014080336,63.422041974263266,4.28291701246053,41.2000420037657,108.90562500571832,17,1,63.51433301460929,0.2170420193579048,40.28920899145305,104.02133400202729,17,1
014080337,55.623749998630956,3.794084012042731,40.90966598596424,100.32783300266601,18,1,55.92075001914054,0.23037497885525227,39.34416698757559,95.49587502260692,18,1
014080339,46.36520901112817,2.055999997537583,0.0005830079317092896,48.42220901628025,12,0,46.38650000561029,0.1605840225238353,0.0005420006345957518,46.54816698166542,12,0
014080358,85.20762500120327,9.311667003203183,89.67670900165103,184.19687502318993,25,2,84.82491702307016,0.37237501237541437,94.21566699165851,179.41362501005642,25,2
014080361,72.48887501191348,7.720749999862164,38.50804199464619,118.71825001435354,27,1,72.05120800063014,0.35345798823982477,40.90474999975413,113.31012498703785,27,1
014080362,66.27187499543652,5.690457997843623,50.48158299177885,122.44458301574923,19,1,65.77416701475158,0.25791602092795074,44.13095899508335,110.16424998524599,19,1
014200011,47.712416999274865,3.3160830207634717,36.875749996397644,87.90487499209121,19,1,47.717415989609435,0.22316598915494978,37.31020799023099,85.25166701292619,19,1
014200060,53.447125013917685,4.009167023468763,36.93283299799077,94.3902500148397,20,1,53.39620899758302,0.24629198014736176,42.12404097779654,95.76737499446608,20,1
014200076,48.58587501803413,3.538124990882352,36.56454099109396,88.68929199525155,21,1,48.78650000318885,0.24637501337565482,36.957957985578105,85.99166700150818,21,1
014200086,45.16566699021496,2.6914170011878014,0.0006250047590583563,47.85808399901725,17,0,45.6911250075791,0.19824999617412686,0.000500003807246685,45.89016697718762,17,0
014200087,70.81400000606664,8.864915987942368,122.88725000689737,202.56720800534822,36,3,71.5093339968007,0.40850002551451325,123.62545798532665,195.54379099281505,36,3
014200124,40.94179198727943,2.441832999465987,35.95258301356807,79.3368750018999,17,1,40.7830830081366,0.18687499687075615,34.95766600826755,75.92841700534336,17,1
014200161,49.00475000613369,3.640917013399303,37.63191698817536,90.2782499906607,18,1,49.04395900666714,0.1973329926840961,30.84608301287517,80.08783299010247,18,1
014200177,45.7876670116093,2.956499985884875,0.0005420006345957518,48.74504098552279,19,0,45.64941700664349,0.20541701815091074,0.0006250047590583563,45.855917007429525,19,0
014200206,48.396124999271706,3.7567089893855155,0.000500003807246685,52.15366600896232,20,0,48.28149999957532,0.23075001081451774,0.000500003807246685,48.51304099429399,20,0
014200207,45.6304159888532,2.5106670218519866,0.0007080088835209608,48.14241698477417,16,0,57.025082991458476,0.1812910195440054,0.0008330098353326321,57.207792007829994,16,0
014200229,48.07729198364541,4.43466700380668,0.000667001586407423,52.51316598150879,23,0,48.77816699445248,0.24945801123976707,0.0007920025382190943,49.02887501521036,23,0
014200238,40.735791000770405,1.881458010757342,0.000500003807246685,42.61791700264439,12,0,41.036374983377755,0.1315420086029917,0.0005830079317092896,41.16883300594054,12,0
014200246,39.8535419953987,2.0400000212248415,0.000667001586407423,41.89479199703783,14,0,39.890749991172925,0.14816701877862215,0.0005420006345957518,40.04004198941402,14,0
014200272,54.27779199089855,4.1541669925209135,0.0006660120561718941,58.43312499928288,19,0,54.62908299523406,0.2175410045310855,0.0007080088835209608,54.84770899056457,19,0
014200295,60.5481659877114,3.735000005690381,0.0005420006345957518,64.28400002187118,14,0,60.021040990250185,0.15933302347548306,0.0004159810487180948,60.18099997891113,14,0
014200296,82.4231669830624,2.3127919994294643,393.57720798579976,478.3144170069136,16,1,123.07966701337136,0.19737498951144516,48.38983400259167,171.66779201943427,16,1
014200339,56.38487500254996,3.885374986566603,39.57125000306405,99.8423749988433,25,1,66.11287500709295,0.2817499917000532,40.82545801065862,107.22083400469273,25,1
014200342,62.7027909795288,4.082042025402188,46.80745900259353,113.59324998920783,23,1,55.75312502332963,0.27729201246984303,47.10733299725689,103.13841598690487,23,1
014200353,62.817375001031905,5.95658301608637,41.57995799323544,110.35445798188448,27,1,66.42437499249354,0.31191701418720186,45.21924999426119,111.95633301394992,27,1
014200357,48.840625007869676,2.3582910071127117,0.0006250047590583563,51.20012501720339,14,0,47.054833004949614,0.1834159775171429,0.0007079797796905041,47.239291976438835,14,0
014220001,71.86408300185576,5.0384159840177745,0.0006250047590583563,76.90366700990126,18,0,74.54908298677765,0.2452910121064633,0.0006660120561718941,74.79570902069099,18,0
014220003,83.83708298788406,6.056125013856217,0.0004580069798976183,89.89404200110584,14,0,84.60224998998456,0.22416698629967868,0.0007500057108700275,84.82745799119584,14,0
014220021,64.14104098803364,3.5604170116130263,42.49787499429658,110.20008398918435,14,1,63.95341601455584,0.1824999926611781,36.19566699489951,100.33220800687559,14,1
014220038,41.5524170093704,1.0354580008424819,0.000500003807246685,42.58862501592375,6,0,41.527958994265646,0.09454099927097559,0.0005410111043602228,41.623625002102926,6,0
014220044,56.96074999286793,2.6474159967619926,0.00045899651013314724,59.60895898169838,11,0,57.88049998227507,0.14208300854079425,0.0005410111043602228,58.023457997478545,11,0
014220048,73.13299999805167,8.111874980386347,132.80237498111092,214.0480829984881,26,3,73.05816598818637,0.3387500182725489,137.22787497681566,210.62541697756387,26,3
014220058,66.66374998167157,4.1509589937049896,41.5757080190815,112.39095899509266,16,1,66.38099998235703,0.2492500061634928,47.9762080067303,114.6073330019135,16,1
014220066,64.73508299677633,3.364083997439593,49.43249997450039,117.53233298077248,12,1,64.81224999879487,0.1890829880721867,36.491042003035545,101.49308299878612,12,1
014220068,74.82829201035202,3.687291988171637,0.000667001586407423,78.51679099258035,10,0,75.31012498657219,0.17058401135727763,0.0006249756552278996,75.48174998373725,10,0
014220070,73.5174999863375,4.462417011382058,0.0007080088835209608,77.98091700533405,15,0,73.60833400161937,0.2339160128030926,0.0007080088835209608,73.84341600118205,15,0
014220081,57.753332977881655,3.3178750018123537,0.0005410111043602228,61.07200001133606,13,0,58.09654199401848,0.16950001008808613,0.0005830079317092896,58.2669590075966,13,0
014220140,73.68487500934862,5.3609589813277125,0.0005830079317092896,79.04691601288505,15,0,75.34820900764316,0.20483302068896592,0.0004580069798976183,75.55416598916054,15,0
014220142,66.07187498593703,4.966625012457371,38.894083991181105,109.93304100702517,14,1,66.49887500680052,0.20883299293927848,47.586083004716784,114.29425000096671,14,1
014220159,53.87879200861789,2.072125003905967,0.0006249756552278996,55.9519590169657,10,0,54.4264999916777,0.1423749781679362,0.0007500057108700275,54.56987497746013,10,0
014220160,57.481916999677196,2.070291986456141,0.0007080088835209608,59.55350000294857,8,0,57.55212498479523,0.12158398749306798,0.0005830079317092896,57.67475001630373,8,0
014220167,56.9807080028113,2.011417003814131,0.000667001586407423,58.99312501423992,8,0,56.83495898847468,0.11829199502244592,0.0007080088835209608,56.95420899428427,8,0
014650011,63.623333000577986,4.166667000390589,115.91774999396876,183.70841699652374,17,2,64.66458400245756,0.2061669947579503,98.04254199843854,162.913790991297,17,2
014650023,93.84595899609849,7.697291002841666,56.32795800920576,157.87179200560786,20,1,94.01370899286121,0.32029100111685693,51.56550000538118,145.9001250041183,20,1
014650032,63.73641698155552,2.6671250234358013,0.000667001586407423,66.40454198350199,13,0,57.702541002072394,0.18208401161246002,0.0006250047590583563,57.885916001396254,13,0
014650037,61.06616699253209,2.3911249882075936,0.0007080088835209608,63.45837499247864,11,0,60.87762498646043,0.1431250129826367,0.0004159810487180948,61.02183400071226,11,0
014650038,56.99974999879487,2.5994160096161067,0.0005420006345957518,59.60016598692164,12,0,63.028625008882955,0.14866600395180285,0.0005830079317092896,63.178334006806836,12,0
014650040,64.05924999853596,3.1228750012815,0.0009170034900307655,67.18350001028739,12,0,64.45512498612516,0.17570899217389524,0.00100000761449337,64.63220799923874,12,0
014650041,40.976791991852224,1.1356660106685013,0.0003329769242554903,42.11308300727978,7,0,40.93891702359542,0.09445901378057897,0.00029199873097240925,41.03408401715569,7,0
014650043,54.135583981405944,2.3799169866833836,0.0005839974619448185,56.516457989346236,11,0,54.33708301279694,0.1365839852951467,0.0004169996827840805,54.47445801110007,11,0
014650047,55.24987500393763,2.796292013954371,0.0006250047590583563,58.04729199735448,12,0,55.5804579926189,0.14658301370218396,0.00037500285543501377,55.727750004734844,12,0
014650058,72.57804099936038,4.829041979974136,42.47666601440869,119.88420799025334,17,1,72.12745799915865,0.22516597528010607,49.0576250012964,121.41066702315584,17,1
014650059,72.173708002083,3.635375003796071,0.0006250047590583563,75.81008301349357,13,0,72.19599999370985,0.17987500177696347,0.000667001586407423,72.37683399580419,13,0
014650063,57.99341600504704,2.9981249826960266,43.42516700853594,104.4171660032589,12,1,57.6921250030864,0.15154099673964083,50.71220800164156,108.55633299797773,12,1
014650085,66.95904201478697,4.668667010264471,0.0005830079317092896,71.62879101815633,14,0,66.76950000110082,0.20512501941993833,0.000667001586407423,66.97566699585877,14,0
014650087,58.25429200194776,3.616624977439642,0.0006659829523414373,61.871916987001896,15,0,57.944166008383036,0.17883299733512104,0.00041601015254855156,58.12375000095926,15,0
014650088,90.637749992311,7.27808297961019,0.0007089984137564898,97.91699997731484,16,0,90.94304099562578,0.26008300483226776,0.0007500057108700275,91.20429202448577,16,0
014650113,81.7214580019936,6.0895420028828084,0.0006250047590583563,87.81187501153909,15,0,81.81100001093,0.21624998771585524,0.0005410111043602228,82.02800000435673,15,0
014650125,55.54124998161569,2.4024999875109643,45.88554200017825,103.83000000729226,10,1,56.14304100163281,0.13820797903463244,46.97779202251695,103.2594170246739,10,1
014650164,72.11870900937356,4.146750026848167,0.0006250047590583563,76.26675002393313,14,0,72.32075001229532,0.19520800560712814,0.000667001586407423,72.51708302646875,14,0
014690004,62.76554201031104,3.7165839748922735,43.44708300777711,109.92995800916106,16,1,63.06141597451642,0.2025419962592423,44.263542018597946,107.52779201720841,16,1
014690006,58.139166998444125,3.855624992866069,90.0404590065591,152.03595798811875,17,2,58.13266598852351,0.22300001000985503,92.84779100562446,151.20416699210182,17,2
014690020,67.55879201227799,5.032749992096797,48.35349999484606,120.94566601444967,19,1,67.34337500529364,0.2509170153643936,46.57795900129713,114.17287500808015,19,1
014690047,56.680417008465156,2.861333981854841,0.0005830079317092896,59.542708011576906,14,0,57.235041982494295,0.21583400666713715,0.0007079797796905041,57.45204200502485,14,0
014690048,65.67058301880024,5.48966700443998,143.0803340044804,214.2410830128938,22,3,66.16087499423884,0.28591701993718743,121.61150001338683,188.05912500829436,22,3
014690067,63.736457988852635,3.6392920010257512,46.35229200357571,113.72908399789594,14,1,64.0530830132775,0.1986670249607414,51.920375000918284,116.17291701259091,14,1
014690074,57.547208009054884,2.9825830133631825,40.838084009010345,101.36837500613183,12,1,57.752583001274616,0.17737498274073005,37.79304100316949,95.72362498147413,12,1
014690082,74.87583401962183,5.094042018754408,71.80508298915811,151.77587498328649,17,1,74.75770899327472,0.24262501392513514,49.65320898918435,124.65433301986195,17,1
014690110,80.64204201218672,7.222832995466888,49.210041004698724,137.07554098800756,21,1,80.71870901039802,0.3141250053886324,45.960582996485755,126.99408302432857,21,1
014690113,78.41679101693444,7.334624999202788,78.18149999366142,163.93358301138505,23,2,78.65908299572766,0.3270419838372618,79.63741701678373,158.62420800840482,23,2
014690125,61.36816699290648,2.5135829928331077,0.0006660120561718941,63.88295898796059,12,0,55.27295800857246,0.15945799532346427,0.0005839974619448185,55.43341700104065,12,0
014690136,115.14083301881328,6.034291000105441,95.40670900605619,216.58308399491943,15,2,96.0775829735212,0.2626670175231993,95.82329198019579,192.16408301144838,15,2
014690144,74.28066700231284,5.4521660204045475,38.16812500008382,117.90179202216677,17,1,72.38420800422318,0.24104199837893248,37.40299999481067,110.02916700090282,17,1
014690150,66.72354199690744,2.009832998737693,0.000500003807246685,68.73450000421144,9,0,63.135082978988066,0.1436660240869969,0.0006659829523414373,63.280042028054595,9,0
014690167,98.64987499895506,6.840625021141022,0.00100000761449337,105.49237500526942,19,0,216.8929589970503,1.0787500068545341,0.0008329807315021753,217.9736660036724,19,0
015010004,59.22229200950824,3.3694159938022494,143.44387501478195,206.03649999247864,18,3,53.27266699168831,0.2172499953303486,115.95287499949336,169.44345898809843,18,3
015010014,49.87800001981668,2.9261249874252826,94.85675001633354,147.66179097932763,16,2,48.88779201428406,0.20116599625907838,87.66437499434687,136.75400000647642,16,2
015010033,43.44416598905809,1.6025000077206641,0.0006250047590583563,45.04779100534506,9,0,42.74087501107715,0.13533301535062492,0.0007080088835209608,42.87741598091088,9,0
015010038,42.83674998441711,1.6659160028211772,0.00033300602808594704,44.503332988824695,11,0,42.76545799802989,0.145500001963228,0.000500003807246685,42.911875003483146,11,0
015010041,45.18741599167697,1.8467500049155205,0.0005420006345957518,47.03499999595806,12,0,45.227958005853,0.13079200289212167,0.0005410111043602228,45.35970801953226,12,0
015010079,57.907375012291595,1.34283397346735,0.0007080088835209608,59.25179101177491,8,0,44.26754100131802,0.10966701665893197,0.0007909839041531086,44.37837499426678,8,0
015010094,75.95416699768975,3.60287498915568,81.40799999819137,160.96645800280385,16,1,66.78399999509566,0.20970799960196018,41.64949999540113,108.64404201856814,16,1
015010097,52.2847090032883,2.5134589814115316,43.09012499288656,97.88929097703658,14,1,52.5283339957241,0.1687500043772161,41.456958977505565,94.15470898966305,14,1
015010103,50.07233301876113,2.22266698256135,0.0007080088835209608,52.29608400259167,13,0,49.0513329859823,0.1712920202407986,0.000667001586407423,49.22370798885822,13,0
015010137,61.13141600508243,3.9499170088674873,166.37087499839254,231.45300001488067,19,3,58.86966601246968,0.21358300000429153,143.84795798105188,202.9321249865461,19,3
015010145,64.7802080202382,5.096042004879564,79.85829102108255,149.73545802058652,25,2,58.1640409945976,0.2873339981306344,79.71874999930151,138.17083300091326,25,2
015010151,47.1470830088947,2.4327909923158586,0.0006660120561718941,49.58083399105817,13,0,47.28820899617858,0.1695420069154352,0.000667001586407423,47.45883299619891,13,0
015010156,39.28062500199303,1.3906249951105565,0.0005420006345957518,40.67208297783509,5,0,39.37637500348501,0.09320801473222673,0.0007909839041531086,39.47087499545887,5,0
015010159,39.2987500235904,1.2770839966833591,0.0004169996827840805,40.57666601147503,9,0,38.87266700621694,0.11137500405311584,0.0006250047590583563,38.985249993856996,9,0
015010169,56.49304098915309,3.4864999761339277,37.5607080059126,97.5410419923719,17,1,55.95545799587853,0.2119579876307398,37.63445801450871,93.80249999230728,17,1
015010170,40.83229199750349,2.144500002032146,0.0005830079317092896,42.97795900492929,13,0,41.07662499882281,0.14966700109653175,0.0007500057108700275,41.22758301673457,13,0
015020001,53.15533300745301,2.9990000184625387,0.0005830079317092896,56.1552919971291,16,0,53.296833008062094,0.1948749995790422,0.0006250047590583563,53.49266700795852,16,0
015020007,62.56937500438653,4.848292010137811,43.13779200310819,110.55633297655731,21,1,62.8222499799449,0.2621249877847731,45.04712499328889,108.13195802620612,21,1
015020010,53.66279199370183,3.351291990838945,60.764416004531085,117.77908299700357,16,1,52.626124990638345,0.19904100918211043,38.7399579922203,91.5657919831574,16,1
015020012,57.57925001671538,4.430250002769753,0.0005420006345957518,62.01033300021663,18,0,56.729208008619025,0.21800000104121864,0.0007500057108700275,56.94841698277742,18,0
015020017,52.97970797982998,3.0112919921521097,39.02991701033898,95.0213750184048,16,1,52.27841701707803,0.19462499767541885,39.171624986920506,91.64512500865385,16,1
015020022,63.30458301817998,3.1070409750100225,84.96900001773611,151.38137500616722,13,2,55.087124987039715,0.18287499551661313,92.36891599721275,147.63962500728667,13,2
015020029,60.13804199756123,1.966916985111311,0.0006250047590583563,62.1060419944115,10,0,53.49716599448584,0.13925001258030534,0.0008329807315021753,53.6376670061145,10,0
015020045,47.76424998999573,2.116667019436136,0.0004159810487180948,49.88170901197009,11,0,48.066999996080995,0.15525001799687743,0.0007080088835209608,48.223416990367696,11,0
015020061,52.1400420111604,3.414500009967014,44.11987500498071,99.67512500588782,17,1,52.43912502191961,0.20120799308642745,38.85454099508934,91.49558399803936,17,1
015020065,46.8674169969745,2.8885829960927367,38.73995802132413,88.49658400868066,15,1,46.79512500297278,0.17733301501721144,37.41395799443126,84.38704197760671,15,1
015020070,47.68479100312106,2.4856249801814556,0.0005840265657752752,50.17166698235087,13,0,48.107792012160644,0.15429200720973313,0.0005420006345957518,48.262916010571644,13,0
015020088,49.179916008142754,3.3281249925494194,38.3228330174461,90.83137498237193,18,1,47.95325000304729,0.21445800666697323,36.53179100365378,84.7002080117818,18,1
015020101,46.86945799039677,2.8296670061536133,0.000667001586407423,49.70045798108913,13,0,47.8355830127839,0.16916700406000018,0.000667001586407423,48.005832999479026,13,0
015020113,54.56020901328884,4.089708003448322,57.39316699327901,116.04366599931382,20,1,55.23974998504855,0.23875001352280378,40.00637499848381,95.48529199673794,20,1
015020126,47.80541700893082,2.399791992502287,0.0005839974619448185,50.20616701222025,12,0,48.44687500735745,0.15791700570844114,0.0007500057108700275,48.605916992528364,12,0
015020136,56.22891601524316,3.349333012010902,85.23250001599081,144.81120801065117,16,2,56.988249998539686,0.20099998801015317,76.4787090010941,133.6684999987483,16,2
015020161,69.99279200681485,5.491916992468759,41.671000013593584,117.15629199170507,21,1,69.75254198187031,0.28658300288952887,53.82970900973305,123.86950000654906,21,1
015020162,46.372000011615455,1.616583002032712,37.73499999078922,85.72437497787178,9,1,45.91470799641684,0.13441700139082968,39.73041599965654,85.78024999587797,9,1
015030001,63.218750001396984,4.019792017061263,0.0006660120561718941,67.24012500490062,17,0,56.66170798940584,0.22416701540350914,0.0005409820005297661,56.88679200829938,17,0
015030015,62.39370800903998,5.317167000612244,89.38716698321514,157.09879199857824,23,2,62.903207988711074,0.2857500221580267,88.27654097694904,151.4662079862319,23,2
015030027,54.96199999470264,4.313749988796189,107.77966701425612,167.05637497943826,20,2,55.38312499993481,0.23704199702478945,91.25299999141134,146.87379100359976,20,2
015030030,38.97641602088697,0.8139999990817159,0.0005839974619448185,39.79174999403767,5,0,39.0004999935627,0.0974999857135117,0.000667001586407423,39.099166984669864,5,0
015030041,46.65258398745209,1.6906250093597919,0.0011659867595881224,48.344749986426905,9,0,46.77829201682471,0.13458298053592443,0.0007080088835209608,46.914042002754286,9,0
015030077,45.36666700732894,2.2774589888285846,0.0005410111043602228,47.64537501614541,14,0,45.61299999477342,0.15912498929537833,0.0006250047590583563,45.77320898533799,14,0
015030082,45.886707986937836,2.589415991678834,0.000459025613963604,48.477624979568645,16,0,46.16608301876113,0.1742919848766178,0.000667001586407423,46.34141700807959,16,0
015030106,52.11033299565315,3.372082981513813,70.43795799836516,125.92129097902216,16,1,53.045792010379955,0.18787497538141906,51.64429100113921,104.8783750156872,16,1
015030109,68.32404198939912,4.2602499888744205,41.12808400532231,113.71324997162446,17,1,61.257374996785074,0.23004101240076125,40.0966249871999,101.58495799987577,17,1
015030115,63.61195899080485,5.754915997385979,82.97379102441482,152.34129098826088,24,2,64.44587497389875,0.29870899743400514,89.80491702095605,154.55033298349008,24,2
015030125,44.50220798025839,1.641167007619515,0.0004580069798976183,46.14433299866505,10,0,44.45766698336229,0.13845899957232177,0.0005830079317092896,44.59708300419152,10,0
015030133,52.81229200772941,2.787959005217999,37.838874995941296,93.43975002411753,14,1,52.90845799027011,0.17487499280832708,37.23454099963419,90.31833399785683,14,1
015030142,48.16083301557228,3.318709001177922,37.369082972873,88.849541003583,19,1,47.18529200181365,0.21562498295679688,38.73795899562538,86.13962499657646,19,1
015030150,55.99333401187323,2.221125003416091,0.0005829788278788328,58.2155000010971,8,0,55.754374974640086,0.13875000877305865,0.0007089984137564898,55.89429201791063,8,0
020020015,45.389375009108335,2.3625000030733645,0.00041702878661453724,47.7527079929132,15,0,45.41629200684838,0.1646250020712614,0.0005830079317092896,45.5820000206586,15,0
020020032,63.64245800068602,7.412666018353775,0.0005829788278788328,71.05608400888741,29,0,63.90283300424926,0.33445897861383855,0.000500003807246685,64.23808398540132,29,0
020020094,58.08345798868686,5.302208010107279,0.0004580069798976183,63.38641600450501,24,0,57.68733299919404,0.27779198717325926,0.0006250047590583563,57.96599999302998,24,0
020020108,62.856542004738,4.96441699215211,128.31075000576675,196.1324580188375,27,3,57.20675000338815,0.3034579858649522,126.19629097753204,183.7072909984272,27,3
020020123,45.829542010324076,2.0398329943418503,0.000500003807246685,47.87024998222478,13,0,45.593999995617196,0.1560829987283796,0.0005829788278788328,45.75104100513272,13,0
020020174,40.728708991082385,1.9063329964410514,0.0005839974619448185,42.63608300243504,12,0,40.65779098891653,0.12437498662620783,0.000500003807246685,40.7831670017913,12,0
020020181,52.42820899002254,4.116833006264642,0.0004169996827840805,56.5457500051707,19,0,52.29049999616109,0.19866600632667542,0.0004580069798976183,52.49000000185333,19,0
020020185,52.80554201453924,3.948124998714775,0.000500003807246685,56.75454100128263,22,0,52.879750001011416,0.26412500301375985,0.000667001586407423,53.145040990784764,22,0
020020204,44.541917013702914,1.997290994040668,0.0007080088835209608,46.540166018530726,12,0,44.668624992482364,0.12933398829773068,0.0005830079317092896,44.79883299791254,12,0
020020206,46.160583005985245,2.343375002965331,0.0004169996827840805,48.504792008316144,12,0,46.94408399518579,0.14258301234804094,0.0006250047590583563,47.08774999016896,12,0
020020208,58.861416997388005,5.142415990121663,39.05058300006203,103.05500001413748,23,1,57.43524999707006,0.28083298821002245,36.959791992558166,94.67687498545274,23,1
020020220,54.072875005658716,3.618250018917024,38.36370797944255,96.05541700148024,17,1,60.97479202435352,0.21691701840609312,28.867582994280383,90.0599579908885,17,1
020020278,46.42204099218361,2.561458997661248,0.0008329807315021753,48.98533399682492,16,0,45.98254201118834,0.16845902428030968,0.0005420006345957518,46.15191699122079,16,0
020020285,56.03133299155161,5.490500014275312,40.3785000089556,101.9011249882169,27,1,56.517249991884455,0.2861669927369803,40.0519999966491,96.85608299332671,27,1
020020295,57.08899997989647,5.433165992144495,67.83316700602882,130.3559159860015,25,1,56.77966700750403,0.30179202440194786,52.9788340209052,110.06095798802562,25,1
020020303,47.514458012301475,2.747958991676569,75.89358399854973,126.15654201363213,14,1,47.51037497771904,0.18345800344832242,54.10966699128039,101.80412497720681,14,1
020020348,46.913124999264255,3.008333995239809,0.0006250047590583563,49.9225829844363,19,0,46.66737499064766,0.20254202536307275,0.0005420006345957518,46.870707999914885,19,0
020020357,47.00479100574739,3.2830419950187206,39.53316601109691,89.82158300932497,20,1,47.23275001742877,0.20212499657645822,38.898957980563864,86.3344999961555,20,1
020020361,47.08262498024851,2.678624994587153,0.00045797787606716156,49.76216598879546,15,0,47.46299999533221,0.19587500719353557,0.0006660120561718941,47.66016697976738,15,0
020020377,44.371249998221174,2.3543339921161532,0.0007089984137564898,46.72687500715256,15,0,44.58762501599267,0.18912498489953578,0.000667001586407423,44.7778340021614,15,0
020070039,56.51458300417289,2.7547080244403332,0.000667001586407423,59.27041597897187,11,0,56.500625010812655,0.1450830022804439,0.0006250047590583563,56.646584009286016,11,0
020070050,55.16604200238362,3.0703750089742243,0.00033300602808594704,58.23699999018572,13,0,55.6851250003092,0.16437500016763806,0.0005420006345957518,55.85045798216015,13,0
020070066,47.633124981075525,2.768709004158154,0.0004580069798976183,50.40262499824166,13,0,47.60412499308586,0.14679098967462778,0.0005409820005297661,47.751666978001595,13,0
020070070,48.17024999647401,2.913999982411042,94.50258300057612,145.58766697882675,17,2,48.09529101476073,0.1917080080602318,85.460417001741,133.74791701789945,17,2
020070081,54.6164580155164,3.5717499849852175,82.22195898997597,140.41091600665823,19,2,54.49629100621678,0.20816700998693705,83.23270900291391,137.93783300206997,19,2
020070083,47.662333003245294,3.1516669841948897,74.15616701473482,124.97079200693406,19,2,47.65620798571035,0.2230420068372041,77.47445799759589,125.3542919876054,19,2
020070086,52.171707997331396,3.196082980139181,0.0007080088835209608,55.3689590014983,17,0,52.034499996807426,0.1829999964684248,0.0005839974619448185,52.218333003111184,17,0
020070091,65.04299998050556,5.749625008320436,86.2396250013262,157.03283398761414,22,2,65.24741699104197,0.2901660045608878,87.25270800641738,152.79074999853037,22,2
020070095,54.83195901615545,4.299958003684878,61.61370800691657,120.74625000241213,22,1,54.81974998838268,0.2614170080050826,52.997374994447455,108.07912499876693,22,1
020070105,53.749125014292076,3.2784159993752837,0.0007089984137564898,57.0286670117639,16,0,53.40750000323169,0.20937499357387424,0.0005829788278788328,53.61791598261334,16,0
020070132,64.2494159983471,4.592584009515122,45.0106660136953,113.853167014895,17,1,64.38445800449699,0.2325839886907488,47.40054201101884,112.01824998715892,17,1
020070146,48.86304200044833,2.6019590150099248,0.0005830079317092896,51.466249977238476,14,0,55.2847090002615,0.1837089948821813,0.0005420006345957518,55.46949998824857,14,0
020070152,46.780165983363986,2.0890830201096833,0.0006250047590583563,48.8702500006184,13,0,46.51433302205987,0.16325002070516348,0.0005420006345957518,46.67879201588221,13,0
020070153,48.51624998264015,1.887666992843151,0.0006250047590583563,50.405208981828764,10,0,47.67354202340357,0.13554099132306874,0.0005410111043602228,47.809959010919556,10,0
020070154,60.44712499715388,3.1430419767275453,0.0006660120561718941,63.59145898022689,16,0,60.664291988359764,0.1847500097937882,0.000500003807246685,60.8500000089407,16,0
020070157,52.69650000263937,1.725374982925132,0.00037500285543501377,54.42274999222718,10,0,52.44320799829438,0.12849998893216252,0.0007089984137564898,52.57299999357201,10,0
020070165,65.76758300070651,3.8419160118792206,0.0004580069798976183,69.61050000973046,15,0,62.766749993897974,0.19870800315402448,0.0005410111043602228,62.96645899419673,15,0
020070166,53.67266701068729,2.0474580232985318,0.0007079797796905041,55.72137498529628,11,0,48.17366600036621,0.14037499204277992,0.0007920025382190943,48.315374995581806,11,0
020140004,48.747959022875875,2.57875001989305,39.53458397882059,90.86224998463877,15,1,46.987000008812174,0.170832994626835,40.99158299504779,88.15004097414203,15,1
020140014,48.33474999759346,2.819707995513454,0.0006250047590583563,51.15558300167322,13,0,48.03712500142865,0.16845797654241323,0.000667001586407423,48.20658397511579,13,0
020140028,47.69520802074112,2.3876669874880463,0.0007080088835209608,50.08395900949836,12,0,47.84008298884146,0.1461670035496354,0.000500003807246685,47.98708300222643,12,0
020140032,56.50183401303366,3.1586249824613333,0.0004580069798976183,59.66137500945479,13,0,57.407959015108645,0.18287499551661313,0.000667001586407423,57.59208297240548,13,0
020140036,46.604666975326836,2.1397079981397837,0.0005830079317092896,48.7452499801293,12,0,46.58266602200456,0.1391249825246632,0.0005420006345957518,46.72266700072214,12,0
020140041,46.80595899117179,2.101459016557783,0.0005409820005297661,48.908500000834465,12,0,47.006749984575436,0.14329099212773144,0.0004580069798976183,47.1507920010481,12,0
020140045,48.39295899728313,2.399332995992154,0.00033300602808594704,50.79304100945592,11,0,48.13083299086429,0.14749998808838427,0.0004999747034162283,48.27920798561536,11,0
020140048,47.00349998893216,2.6071660104207695,0.0006250047590583563,49.61154199554585,12,0,47.05412499606609,0.14387498958967626,0.0004169996827840805,47.19879099866375,12,0
020140055,53.801833011675626,3.077375004068017,0.0007079797796905041,56.88062499393709,15,0,53.47475002054125,0.17691700486466289,0.000500003807246685,53.6524589988403,15,0
020140059,62.399999995250255,5.103792005684227,55.064541986212134,122.56933300523087,21,1,62.39358399761841,0.24329201551154256,41.10462497919798,103.74212497845292,21,1
020140074,56.6487500036601,3.269500011811033,43.18691699882038,103.10591699089855,13,1,57.594875019276515,0.18079098663292825,41.70587501721457,99.48212499148212,13,1
020140083,61.36562500614673,4.036625003209338,43.16141700837761,108.56437499751337,18,1,62.12329099071212,0.23195802350528538,50.95837500994094,113.3142499893438,18,1
020140087,57.22516600508243,4.153333022259176,0.0006249756552278996,61.37970800045878,17,0,57.365458022104576,0.2210829989053309,0.000500003807246685,57.587417017202824,17,0
020140096,89.32254102546722,10.436957993078977,146.04341698577628,245.80387500463985,26,2,89.73025000886992,0.3868750063702464,154.6493750065565,244.76695799967274,26,2
020140099,71.46037498023361,5.913125001825392,51.09570801141672,128.46966600045562,22,1,71.6199169983156,0.3056660061702132,47.0998749951832,119.02608300442807,22,1
020140114,53.815666993614286,3.2883749809116125,0.0004580069798976183,57.10495897801593,15,0,53.60333397402428,0.21100000594742596,0.0005420006345957518,53.815374994883314,15,0
020140117,55.348125024465844,3.6465419980231673,76.80333298048936,135.79862500773743,18,2,54.80833299225196,0.2311249845661223,74.79537499602884,129.83549997443333,18,2
020140133,65.40570801007561,5.862541001988575,76.03554200613871,147.30458401027136,23,2,65.41662500239909,0.29937500949017704,77.99708397942595,143.71362500241958,23,2
020140173,46.42166697885841,2.2077909961808473,0.0004159810487180948,48.63037497852929,13,0,46.15899999043904,0.17529202159494162,0.0004999747034162283,46.3352499937173,13,0
020160042,55.62033297610469,3.4314579970669,79.58470901940018,138.63700002548285,17,2,52.928541001165286,0.21254198509268463,85.77766601229087,138.91937499283813,17,2
020160068,72.23016701755114,8.543249976355582,161.2489159742836,242.02300002798438,32,4,72.90999998804182,0.39950001519173384,164.21812499174848,237.52808300196193,32,4
020160093,61.16858299355954,5.808624991914257,107.91841699392535,174.8964170110412,26,3,60.95150002511218,0.309124996419996,108.71779199806042,169.9790829734411,26,3
020160128,56.222707993583754,4.604332993039861,37.759625003673136,98.58712498680688,23,1,58.99554200004786,0.2694590075407177,36.23483399860561,95.50041699549183,23,1
020160131,65.87941700126976,4.892083001323044,0.000667001586407423,70.7727909903042,22,0,65.84033300168812,0.25174999609589577,0.0006250047590583563,66.09325000317767,22,0
020160132,59.88116699154489,4.031374992337078,35.94137501204386,99.85441699973308,21,1,53.61987499054521,0.24616598966531456,34.888707974459976,88.75587498187087,21,1
020160151,56.70266700326465,4.891666991170496,71.14349998300895,132.7384169853758,24,2,56.714833015576005,0.26937498478218913,74.58099999348633,131.5659579995554,24,2
020160171,53.57616700348444,4.043666995130479,45.21074998774566,102.83141699619591,22,1,59.04916601139121,0.25541699142195284,48.189082997851074,107.49441699590534,22,1
020160178,57.562375004636124,4.741374985314906,0.0005839974619448185,62.304874998517334,22,0,58.104374998947605,0.2587079943623394,0.0007920025382190943,58.36445899331011,22,0
020160207,63.553250016411766,4.735666007036343,0.0005830079317092896,68.28995799878612,19,0,64.15845800074749,0.2598749997559935,0.0007500057108700275,64.4196670036763,19,0
020160222,41.147915995679796,2.061667008092627,0.0005830079317092896,43.210583011386916,13,0,41.0637499880977,0.14916600775904953,0.0006250047590583563,41.21395800029859,13,0
020160245,53.765582997584715,4.8458749952260405,152.75287500116974,211.36495901737362,25,3,53.54991601780057,0.2762919757515192,125.89541700435802,179.72266700235195,25,3
020160264,46.7236669792328,2.0338750036899,68.74270900152624,117.50083399238065,11,1,46.59058401011862,0.13670799671672285,41.35958300321363,88.08758400846273,11,1
020160295,49.614875024417415,3.4903750056400895,0.0005410111043602228,53.10633301269263,19,0,49.312249990180135,0.219000008655712,0.0006250047590583563,49.5323330105748,19,0
020160312,40.59575000428595,1.7893329786602408,0.0004580069798976183,42.38570897723548,10,0,40.95437499927357,0.13783399481326342,0.0006250047590583563,41.09337500995025,10,0
020160318,45.741292007733136,2.3525409924332052,0.0004999747034162283,48.09462500270456,13,0,45.814375014742836,0.1717910054139793,0.0006659829523414373,45.98725002142601,13,0
020160335,57.16749999555759,4.493874992476776,38.45979200559668,100.12170899426565,20,1,57.84783398848958,0.2341250074096024,38.23466700850986,96.31725001963787,20,1
020160344,46.64237500401214,2.614416996948421,40.221625007689,89.47916701436043,14,1,46.42079200129956,0.1730840012896806,39.39979200367816,85.99412502371706,14,1
020160347,66.22754098498262,6.770667008822784,36.27149999374524,109.27025001728907,24,1,66.47249998059124,0.30945800244808197,36.36616701260209,103.14866600674577,24,1
020160371,62.53466699854471,5.512917006853968,43.34458298399113,111.39274999732152,24,1,62.217332975706086,0.296791986329481,41.09833299298771,103.6130839784164,24,1
020270001,62.77879199478775,4.6403330052271485,0.00045797787606716156,67.4201250076294,20,0,62.6552079920657,0.2341250074096024,0.0005839974619448185,62.89037500391714,20,0
020270005,49.780125002143905,3.0932080117054284,0.0006250047590583563,52.874542016070336,15,0,49.60354100330733,0.18516698037274182,0.000667001586407423,49.78970799129456,15,0
020270020,55.75237498851493,3.096667001955211,44.064874993637204,102.91449999203905,15,1,63.22287500370294,0.18641698989085853,45.13987500104122,108.54970800573938,15,1
020270030,58.24354098876938,3.0183750204741955,0.0005839974619448185,61.26291700638831,13,0,59.114708012202755,0.18112498219124973,0.0007080088835209608,59.29699999978766,13,0
020270042,66.20874998043291,2.81558302231133,0.000500003807246685,69.02533399988897,10,0,66.78637498407625,0.15095900744199753,0.0006250047590583563,66.93837497732602,10,0
020270048,53.00933399121277,2.4614169960841537,0.0007080088835209608,55.471958010457456,12,0,53.54445899138227,0.1519579964224249,0.0005830079317092896,53.69729100493714,12,0
020270049,58.868916996289045,2.8596250049304217,0.0005829788278788328,61.729540990199894,12,0,58.6159160011448,0.16037499881349504,0.0006250047590583563,58.77729199710302,12,0
020270077,64.80054199346341,4.81112499255687,38.12745798495598,107.73970899754204,18,1,64.79320797370747,0.23783298092894256,40.19975001574494,105.23141597514041,18,1
020270087,62.028209009440616,3.9896669914014637,79.3890829954762,145.40733300964348,16,2,62.84462500480004,0.22062502102926373,90.03133300575428,153.0971249740105,16,2
020270108,71.8117080105003,5.531375005375594,50.925750023452565,128.26945900451392,19,1,71.55795799917541,0.25945898960344493,61.09470801311545,132.91279200348072,19,1
020270113,46.51450001983903,2.12154199834913,0.0005830079317092896,48.63699999987148,12,0,46.53033398790285,0.15716601046733558,0.000667001586407423,46.68850000598468,12,0
020270136,57.242500013671815,3.14941699616611,0.0006660120561718941,60.39287499152124,13,0,57.18412497662939,0.16370799858123064,0.0005420006345957518,57.34900000970811,13,0
020270142,84.15554100065492,6.252291001146659,60.238792008021846,150.64741700189188,20,1,80.03066701348871,0.30541702290065587,45.81595800118521,126.15275001735426,20,1
020270146,72.95204102410935,5.147667019627988,42.29250000207685,120.39333299617283,19,1,65.87062499602325,0.24804199347272515,42.28862500167452,108.40804199688137,19,1
020270161,44.45762498653494,1.625875011086464,0.0005420006345957518,46.0844160115812,10,0,45.19154201261699,0.13541700900532305,0.000500003807246685,45.32791601377539,10,0
020270167,45.75770898372866,2.0025410049129277,38.25729200616479,86.01795800495893,12,1,45.53116697934456,0.15733399777673185,40.031999989878386,85.72116598952562,12,1
020270168,47.26816600305028,2.5618750078137964,0.000667001586407423,49.83112501213327,14,0,46.706541994353756,0.16641599358990788,0.0006250047590583563,46.874041989212856,14,0
020270170,45.65020799054764,1.7493750201538205,0.0006249756552278996,47.40054099238478,9,0,46.09074999461882,0.13437497545965016,0.0006660120561718941,46.22624997864477,9,0
020270171,54.577000002609566,2.905375004047528,0.000500003807246685,57.483249984215945,13,0,54.51795901171863,0.16595798661001027,0.000500003807246685,54.684666014509276,13,0
020270174,70.13504198403098,3.7002500030212104,0.0004580069798976183,73.83620800101198,13,0,69.82108298689127,0.1866249949671328,0.0006250047590583563,70.0087079894729,13,0
020300005,55.778709007427096,3.1694589997641742,0.0005420006345957518,58.94904100568965,14,0,55.65500000375323,0.17658298020251095,0.00033300602808594704,55.832415993791074,14,0
020300012,56.51920801028609,3.5157919919583946,41.80291699594818,101.83845899882726,16,1,56.1165830004029,0.19945899839513004,43.5824999876786,99.89904199028388,16,1
020300017,52.76612500892952,3.034166991710663,41.176708007697016,96.97775001404807,14,1,52.76620801305398,0.17616598051972687,43.62354098702781,96.56687499955297,14,1
020300020,78.92420899588615,5.965207994449884,161.73283400712535,246.62295801681466,18,3,78.70516600087285,0.27733398019336164,161.02075000526384,240.00395799521357,18,3
020300044,48.41075002332218,1.9571660086512566,0.0006250047590583563,50.36912500509061,11,0,51.347791973967105,0.15191599959507585,0.0007079797796905041,51.50100000901148,11,0
020300056,66.23779199435376,4.113958013476804,44.41833301098086,114.77075002039783,17,1,64.47824998758733,0.23437500931322575,51.67870799778029,116.3918329984881,17,1
020300057,70.12787499115802,4.607832990586758,44.64441700838506,119.38066701986827,16,1,70.0896669877693,0.24008299806155264,51.57779200817458,121.90841700066812,16,1
020300059,63.00516700139269,4.046999994898215,50.903666007798165,117.95654200250283,15,1,63.194582995492965,0.21020800340920687,51.37645799550228,114.78179198456928,15,1
020300065,65.05270898924209,4.365417000371963,44.88258299534209,114.30133300018497,16,1,65.04108299850486,0.24166697403416038,41.80379200261086,107.08708301535808,16,1
020300073,54.524167004274204,2.510749996872619,0.0006250047590583563,57.03600001288578,11,0,55.21095899166539,0.16724999295547605,0.0007500057108700275,55.37954199826345,11,0
020300083,79.04579199384898,6.896124978084117,137.54391597467475,223.48645800957456,20,3,79.66754198423587,0.2789999998640269,124.05583300278522,204.002832993865,20,3
020300097,87.47675002086908,6.633457989664748,60.09654200170189,154.20762498979457,18,1,87.02133301994763,0.2730839769355953,46.983292006189004,134.2782500141766,18,1
020300121,64.67091699596494,3.3243749930988997,51.65425001177937,119.65004101512022,12,1,65.16779199591838,0.17941699479706585,53.937791992211714,119.28566699498333,12,1
020300132,52.49816700234078,2.690207998966798,0.000500003807246685,55.18933298299089,13,0,52.94175000744872,0.18216698663309216,0.000500003807246685,53.12470899662003,13,0
020300143,48.22541700559668,2.7598750020843,0.000667001586407423,50.98641701624729,13,0,48.252749984385446,0.16270799096673727,0.0006249756552278996,48.416499979794025,13,0
020300147,54.602499993052334,3.028292005183175,0.0005829788278788328,57.63166697579436,14,0,54.66608301503584,0.17695798305794597,0.0004580069798976183,54.84387499745935,14,0
020300156,46.483625017572194,2.1172910055611283,0.0004580069798976183,48.60166701837443,10,0,46.42162501113489,0.14495797222480178,0.0006659829523414373,46.567709010560066,10,0
020300171,46.54158299672417,2.702208992559463,0.000500003807246685,49.24462499911897,14,0,46.484541991958395,0.15966698992997408,0.000500003807246685,46.645249996799976,14,0
020300173,55.96720799803734,2.918540994869545,46.41149999224581,105.29808400315233,12,1,56.176292011514306,0.16737499390728772,53.25437500141561,109.60187498130836,12,1
020310032,40.5069169937633,2.1249999990686774,0.0007919734343886375,42.63312500552274,14,0,41.40149999875575,0.15929201617836952,0.0007920025382190943,41.561792022548616,14,0
020310042,62.550292001105845,3.7827499909326434,0.0006250047590583563,66.33391699870117,16,0,63.071792013943195,0.1887909893412143,0.0004580069798976183,63.261833012802526,16,0
020310075,79.37954197404906,6.991792004555464,159.40329199656844,245.7752909976989,26,3,70.54445901303552,0.3151669807266444,146.86762500787154,217.72795799188316,26,3
020310085,54.47929201181978,3.9124999893829226,0.000667001586407423,58.392625011038035,20,0,54.74954197416082,0.24337501963600516,0.0006250047590583563,54.99416700331494,20,0
020310112,47.15599998598918,2.6945830031763762,39.003083016723394,88.85458298027515,17,1,47.04245799803175,0.19737501861527562,39.4527499738615,86.69308299431577,17,1
020310114,62.63145900447853,5.864500009920448,0.000667001586407423,68.49720800528303,25,0,62.03237498993985,0.30079198768362403,0.0006250047590583563,62.33416698523797,25,0
020310133,64.6761670068372,6.162082980154082,38.773750013206154,109.6126250049565,26,1,63.93837500945665,0.30591702670790255,38.00333401886746,102.24833301617764,26,1
020310141,44.56620800192468,2.564082999015227,64.8943750129547,112.02525001135655,17,1,44.34366698842496,0.19816699204966426,44.700208003632724,89.24266599933617,17,1
020310148,45.03129198565148,2.8759159904439002,36.37266598525457,84.28054198157042,17,1,45.03166599897668,0.17837499035522342,35.92549997847527,81.1361669912003,17,1
020310151,55.82612502621487,4.423582984600216,38.02787500899285,98.27812502044253,20,1,55.50633298116736,0.2519999979995191,40.52137502003461,96.28045800491236,20,1
020310154,48.84025000501424,2.5938750186469406,39.09204201772809,90.52675002021715,13,1,48.918417014647275,0.18129197997041047,41.48904199246317,90.58925000135787,13,1
020310174,56.597875023726374,4.159417003393173,36.742124997545034,97.50016700127162,18,1,56.306582991965115,0.23279202287085354,37.006208003731444,93.54616599739529,18,1
020310219,45.79120801645331,2.9001669900026172,35.077542008366436,83.7694579968229,18,1,45.685291988775134,0.21083300816826522,36.00895800627768,81.90570800798014,18,1
020310273,63.98029197589494,6.2188330048229545,0.0005839974619448185,70.20041698706336,23,0,63.892750011291355,0.2926659944932908,0.0007080088835209608,64.18650000705384,23,0
020310281,44.07595802331343,2.430125023238361,36.42962500452995,82.9363749944605,16,1,43.88320801081136,0.17795799067243934,35.22358299233019,79.28533400991,16,1
020310295,54.644541000016034,4.755291010951623,71.22945800074376,130.63025000155903,26,2,54.67616597888991,0.30004201107658446,71.72879099380225,126.70608301414177,26,2
020310297,57.401917001698166,3.27166699571535,0.0006250047590583563,60.674665990518406,13,0,57.62925001909025,0.1746669877320528,0.0005830079317092896,57.80516701634042,13,0
020310322,59.57762501202524,3.0876249948050827,76.16766699356958,138.83387501118705,18,2,47.973332984838635,0.19187500583939254,80.01695800339803,128.18254201556556,18,2
020310335,40.930707997176796,1.6555000038351864,0.0006250047590583563,42.587417003232986,11,0,39.278166979784146,0.1440000196453184,0.0006250047590583563,39.42320798523724,11,0
020310376,52.665249997517094,3.771624993532896,0.0007500057108700275,56.43837500247173,20,0,53.035292017739266,0.22624997654929757,0.00045797787606716156,53.262374975020066,20,0
021120025,53.40524998609908,3.2014170137699693,0.0006249756552278996,56.607749982504174,16,0,50.18799999379553,0.1812080154195428,0.0007500057108700275,50.37033301778138,16,0
021120059,58.7054580100812,5.20720801432617,37.56695901392959,101.48050001589581,23,1,59.16916599380784,0.2558330015745014,37.69525000825524,97.12079202290624,23,1
021120074,66.04466697899625,6.138208002084866,0.0005420006345957518,72.18395799282007,20,0,66.47554200026207,0.2572080120444298,0.000667001586407423,66.73379198764451,20,0
021120075,65.22429100004956,7.688166981097311,37.114250008016825,110.02741698757745,34,1,64.64133301051334,0.36945799365639687,36.34874999988824,101.36025000247173,34,1
021120085,49.769709003157914,2.7057499974034727,38.87537500122562,91.35166701162234,14,1,49.60483300965279,0.18183398060500622,36.3200000138022,86.10725001199171,14,1
021120108,68.05595898185857,6.822833005571738,0.0007089984137564898,74.88020899472758,29,0,65.13333399198018,0.3505839849822223,0.0007089984137564898,65.48508300329559,29,0
021120135,69.74774997797795,6.926375004695728,0.0007500057108700275,76.67562499409541,24,0,68.60966599197127,0.32070899032987654,0.0007080088835209608,68.93170802504756,24,0
021120151,55.588791001355276,2.408500004094094,0.000500003807246685,57.99833300989121,12,0,52.05500000738539,0.15287499991245568,0.0008750066626816988,52.20937498961575,12,0
021120161,65.69458299782127,4.8184170154854655,36.45720798522234,106.971083994722,18,1,62.82362501951866,0.24370799656026065,37.51987501163967,100.58791699702851,18,1
021120164,64.7206669964362,4.648041009204462,66.84291598503478,136.21249998686835,24,1,58.22404200443998,0.2852079924196005,39.78087499854155,98.29054199508391,24,1
021120171,60.95070799347013,2.7071249787695706,40.911874995799735,104.57054199650884,14,1,53.24391700560227,0.18562498735263944,41.98025001096539,95.41037501185201,14,1
021120187,53.7923329975456,3.525959007674828,35.14783299760893,92.46687500854023,20,1,57.82354198163375,0.23754200083203614,39.94408299331553,98.00616698339581,20,1
021120232,56.46024999441579,4.222791991196573,46.27270801574923,106.95637500612065,20,1,55.669624998699874,0.23458301438950002,58.00208399887197,113.90695901354775,20,1
021120233,45.44999997597188,2.745000005234033,36.87916698982008,85.07483400171623,17,1,45.29941699001938,0.1892500149551779,37.136334023671225,82.6255829888396,17,1
021120250,65.66362499142997,6.596916995476931,69.62541601387784,141.8865830055438,24,1,66.62266698549502,0.30720801441930234,52.911416976712644,119.84187498455867,24,1
021120256,58.461999986320734,5.486749985720962,58.37141600204632,122.32083402341232,24,1,57.27962500532158,0.28899998869746923,37.37016601371579,94.9394160124939,24,1
021120296,53.93558301148005,3.424791997531429,0.000667001586407423,57.361625018529594,16,0,52.673084021080285,0.2061250270344317,0.0007499766070395708,52.88045798079111,16,0
021120309,77.02483297907747,9.098750015255064,41.97441600263119,128.09891701908782,29,1,77.37579199601896,0.38141600089147687,41.86299999128096,119.62108299485408,29,1
021120321,89.16512498399243,10.209708008915186,37.856292008655146,137.23175000632182,28,1,89.06966701033525,0.3962499904446304,45.65579199697822,135.12258301489055,28,1
021120354,48.801416996866465,2.909458999056369,0.000667001586407423,51.71183400670998,14,0,49.25912502221763,0.18737500067800283,0.0006250047590583563,49.44762500235811,14,0
021160002,58.901459007756785,5.427249998319894,39.549791981698945,103.87924997485243,24,1,58.39833401842043,0.30691601568832994,38.2633330009412,96.96920801070519,24,1
021160027,62.887291016522795,5.261290993075818,36.17045801365748,104.32008298812434,25,1,62.737375003052875,0.29424999956972897,37.128083989955485,100.16041700146161,25,1
021160075,68.22908300091513,6.815125001594424,48.95591601962224,124.00062501546927,27,1,67.50220901449211,0.35366599331609905,49.79183300747536,117.6483329909388,27,1
021160080,45.51695799455047,2.128583990270272,0.0006250047590583563,47.646457998780534,10,0,45.59608400450088,0.1338329748250544,0.0005409820005297661,45.7307500182651,10,0
021160089,72.41154101211578,6.8157090281601995,38.66533300606534,117.89337499067187,25,1,72.97525001922622,0.31549998675473034,44.73037499701604,118.02183301188052,25,1
021160090,91.00829102681018,5.227209010627121,69.56991698825732,165.80670801340602,21,1,65.07300000521354,0.27225000667385757,42.125957988901064,107.47216601157561,21,1
021160120,88.12100000795908,8.745541999815032,78.16979099879973,175.03725001006387,30,2,76.34108400088735,0.4158749943599105,77.68037501955405,154.4380830018781,30,2
021160134,72.94841602561064,4.728082974907011,0.0004999747034162283,77.67716702073812,15,0,72.46200001100078,0.22650000755675137,0.0005829788278788328,72.68962499802001,15,0
021160185,64.14345899247564,5.485959001816809,138.62529100151733,208.25558301294222,23,2,63.91575001180172,0.28779098647646606,124.30904197390191,188.51325000287034,23,2
021160188,60.84849999751896,2.2986659896560013,0.0007910130079835653,63.148749992251396,12,0,62.663165997946635,0.17483398551121354,0.0008330098353326321,62.839459016686305,12,0
021160195,53.22995799360797,2.8082909993827343,40.362708998145536,96.40191699145362,16,1,52.768042020034045,0.2152079832740128,42.23087499849498,95.2149159857072,16,1
021160198,61.562583985505626,4.170041996985674,0.0007080088835209608,65.73387500247918,20,0,60.815250006271526,0.25045798975043,0.0005830079317092896,61.066916008712724,20,0
021160203,57.48079202021472,3.664207994006574,0.0007500057108700275,61.146374995587394,18,0,58.00120797357522,0.21187501261010766,0.0005410111043602228,58.21400001877919,18,0
021160207,50.27045900351368,2.4131250102072954,0.000667001586407423,52.684833004605025,14,0,66.7176250135526,0.18000000272877514,0.0006250047590583563,66.89874999574386,14,0
021160212,74.27700000698678,4.036500002257526,44.45787498843856,122.77233300847001,17,1,82.85033301217481,0.23791700368747115,46.72650000429712,129.81549999676645,17,1
021160232,60.61854099971242,3.489666007226333,0.0005830079317092896,64.1093330050353,17,0,66.3895419856999,0.22124999668449163,0.0007500057108700275,66.61204199190252,17,0
021160249,67.2657499962952,5.08666702080518,126.90845798351802,199.26204200601205,22,2,63.80891599110328,0.2624999906402081,90.55283301859163,154.62487502372824,22,2
021160303,72.82583400956355,6.518375012092292,75.77033300185576,155.11520800646394,27,2,72.88725001853891,0.33424998400732875,77.67116598552093,150.89341599377804,27,2
021160310,79.18862500810064,8.78708399250172,81.21783300885,169.19416701421142,30,2,78.47350000520237,0.41829198016785085,85.08124999934807,163.97366698947735,30,2
021160326,65.89654201525263,5.915916000958532,75.59500000206754,147.40820799488574,25,2,65.55970900808461,0.31254198984242976,77.70449999952689,143.57729098992422,25,2
022520012,63.413708994630724,5.343833996448666,75.48604198382236,144.244583992986,24,2,66.90033298218623,0.29033300234004855,76.73783300560899,143.92912498442456,24,2
022520036,52.77304199989885,3.3787499996833503,0.0007080088835209608,56.15300001227297,17,0,53.51729100220837,0.21437497343868017,0.000667001586407423,53.73287497786805,17,0
022520067,48.03095801617019,3.3468329929746687,0.000667001586407423,51.3788330135867,18,0,48.245832993416116,0.2062499988824129,0.0005420006345957518,48.45312499674037,18,0
022520159,41.266624990385026,1.8600420153234154,0.0007500057108700275,43.12787498929538,11,0,41.21641701203771,0.12349997996352613,0.0004580069798976183,41.34066600818187,11,0
022520174,61.66775000747293,6.399334000889212,47.538750019157305,115.60658301459625,29,1,61.99820799520239,0.34258398227393627,51.26562499208376,113.60720900120214,29,1
022520200,40.56654099258594,1.902082993183285,0.0006250047590583563,42.46983298799023,12,0,40.3793329896871,0.15720800729468465,0.0005839974619448185,40.53758402005769,12,0
022520203,62.5264169939328,4.954042000463232,36.72987499157898,104.211124998983,21,1,61.07979200896807,0.2594590187072754,36.050291993888095,97.39004200673662,21,1
022520209,62.638542003696784,6.2687500030733645,46.74520800472237,115.6530829903204,26,1,64.45149998762645,0.31075000879354775,47.69962499267422,112.46254199068062,26,1
022520221,44.133624993264675,2.0669579971581697,36.775374988792464,82.97674998175353,14,1,44.41008300636895,0.16549997963011265,35.20066599594429,79.77691700216383,14,1
022520225,39.70745799597353,2.021416003117338,0.000667001586407423,41.72974999528378,14,0,40.16320800292306,0.16583400429226458,0.000500003807246685,40.33012501895428,14,0
022520226,45.285250002052635,2.8138750058133155,103.91050000907853,152.0101249916479,19,2,44.30150002008304,0.21595798898488283,83.48633299465291,128.00429097842425,19,2
022520258,61.90283302566968,4.917750018648803,41.62762500345707,108.44891701708548,18,1,61.60629200167023,0.23758300812914968,44.17020900291391,106.01479199249297,18,1
022520272,53.42025001300499,4.82458298210986,50.908208009786904,109.15383300743997,26,1,54.069540987256914,0.2906670270022005,50.09233299642801,104.45329200592823,26,1
022520290,58.27741700340994,4.348707996541634,39.746583002852276,102.37345797941089,18,1,58.2617920008488,0.25187499704770744,44.25541701493785,102.76966702076606,18,1
022520337,47.15308401500806,2.379957993980497,37.86775001208298,87.40166702773422,13,1,49.592249997658655,0.16558400238864124,38.177041977178305,87.93541698832996,13,1
022520345,57.845541974529624,4.815666994545609,66.80866700480692,129.4705409964081,21,1,58.08345798868686,0.2770000137388706,44.22945799888112,102.5906249997206,21,1
022520358,69.93845800752752,7.398250018013641,86.11987499170937,163.4572909970302,30,2,69.51550001394935,0.3799170081038028,87.9262920061592,157.82245798618533,30,2
022520360,54.83524998999201,3.359082998940721,66.4733330195304,124.66833301004954,20,1,47.95437501161359,0.22533300216309726,41.82287500589155,90.00329198897816,20,1
022520366,71.29379198886454,4.9407499900553375,0.0007500057108700275,76.23583299573511,22,0,65.29537498136051,0.26454200269654393,0.0005839974619448185,65.56104199262336,22,0
022520375,47.61416601832025,2.973208000184968,0.0005420006345957518,50.58825001469813,14,0,48.43295901082456,0.16058300388976932,0.0006250047590583563,48.59474999830127,14,0
023270032,56.81041697971523,4.273124999599531,59.2670000041835,120.35116599872708,19,1,55.61858302098699,0.24308401043526828,44.032375008100644,99.89466701517813,19,1
023270080,40.89895900688134,2.463083015754819,36.440666008275,79.80325000244193,17,1,40.813583007548004,0.18079200526699424,36.1877910036128,77.18266698066145,17,1
023270098,45.890624984167516,2.988417021697387,0.0007089984137564898,48.88016701443121,15,0,46.654250007122755,0.16333299572579563,0.0005410111043602228,46.81837500538677,15,0
023270118,46.33883299538866,2.9464160033967346,0.0005839974619448185,49.28624999593012,17,0,46.59433299093507,0.18087500939145684,0.0005839974619448185,46.77625000476837,17,0
023270120,66.4167090144474,5.307125014951453,40.819874993758276,112.5445410143584,20,1,65.91608299640939,0.25174999609589577,37.135332997422665,103.30383302061819,20,1
023270140,64.05145800090395,4.2458330281078815,68.52358297328465,136.82154199341312,22,1,56.40708401915617,0.27641700580716133,44.13995801587589,100.82408302696422,22,1
023270148,63.75150001258589,4.578167019644752,0.0007499766070395708,68.33091599401087,21,0,62.512500007869676,0.2442499971948564,0.0006250047590583563,62.75783301680349,21,0
023270161,53.297583013772964,3.7887090002186596,0.0004580069798976183,57.08729097386822,19,0,54.05345800681971,0.21399999968707561,0.000667001586407423,54.268459003651515,19,0
023270171,45.761541987303644,2.5680409744381905,0.0006250047590583563,48.33074999623932,14,0,45.28325001592748,0.17962499987334013,0.0005420006345957518,45.46370799653232,14,0
023270214,47.21987497759983,3.0291249859146774,65.76437500189058,116.0137919941917,17,1,47.64320800313726,0.1853749854490161,47.178708016872406,95.00816601212136,17,1
023270237,70.00475001404993,7.157749991165474,75.73912499356084,152.9026249772869,28,2,69.99291697866283,0.3472499956842512,78.06745797279291,148.40816598734818,28,2
023270268,52.49991698656231,3.660959016997367,61.282999988179654,117.44466601521708,18,1,52.184582978952676,0.20491701434366405,47.205790993757546,99.5959579886403,18,1
023270280,40.80125002656132,2.037124999333173,56.803417013725266,99.6423749893438,12,1,41.14549999940209,0.14758401084691286,37.72870800457895,79.0224579977803,12,1
023270286,43.996791006065905,1.8757499929051846,0.0005420006345957518,45.87333300150931,12,0,44.5274589874316,0.16066699754446745,0.0006250047590583563,44.6893330081366,12,0
023270303,53.41254101949744,4.0600840002298355,59.793791006086394,117.2671249951236,21,1,52.92695798561908,0.24054100504145026,37.92529201018624,91.09329199418426,21,1
023270315,49.08733401680365,3.161790984449908,0.0006660120561718941,52.250249980716035,15,0,48.62287500873208,0.1925000105984509,0.0006659829523414373,48.816499998793006,15,0
023270319,67.12320799124427,6.311750010354444,36.23108298052102,109.66679197736084,23,1,67.70333298482001,0.29645801987499,35.1419169746805,103.14229200594127,23,1
023270321,63.54108400410041,5.537542019737884,0.00045797787606716156,69.07925000996329,23,0,63.52470800629817,0.2905830042436719,0.0005410111043602228,63.816500012762845,23,0
023270331,63.41941701248288,5.3008749964646995,0.000667001586407423,68.72137502068654,21,0,63.246750010875985,0.25350000942125916,0.0007079797796905041,63.501166994683444,21,0
023270364,47.84566699527204,3.95895799738355,36.03208300773986,87.83754101023078,20,1,47.741791990119964,0.2057919919025153,41.920124989701435,89.86829099012539,20,1
023550002,75.46483300393447,11.459416011348367,80.38829200086184,167.31329201138578,40,1,75.19175001652911,0.5046250007580966,62.464124988764524,138.16129200858995,40,1
023550003,72.33495899708942,10.426708002341911,129.74795800982974,212.51041602226906,36,3,72.2681249899324,0.4606660222634673,134.40224999794737,207.13191700633615,36,3
023550008,52.32141600572504,3.6464589938987046,77.17395800864324,133.1424579839222,21,2,52.32149999937974,0.24258301709778607,81.87683299183846,134.44166598492302,21,2
023550013,46.3278750248719,2.6777079910971224,60.086916986620054,109.09304200322367,16,1,46.47783300606534,0.18779200036078691,42.35062497900799,89.01708398479968,16,1
023550099,49.399874988012016,3.2818340114317834,0.0006249756552278996,52.68287498620339,16,0,55.56833298760466,0.18137498409487307,0.0006250047590583563,55.7506250042934,16,0
023550123,48.31029198248871,3.26045899419114,105.62733301776461,157.19879197422415,20,3,55.63162500038743,0.21095899865031242,115.60662498231977,171.4499160007108,20,3
023550138,54.92437499924563,2.8872079856228083,78.70420900871977,136.5165830065962,14,1,54.564167017815635,0.18366597942076623,58.156333019724116,112.90491602267139,14,1
023550167,39.415790990460664,1.6082500224001706,0.0010420044418424368,41.02558299200609,12,0,39.7352919972036,0.1561660028528422,0.0005410111043602228,39.89250000449829,12,0
023550175,54.91787497885525,4.414625000208616,39.16795802069828,98.50091600674205,23,1,54.433667013654485,0.25891599943861365,41.84116597753018,96.5344590076711,23,1
023550201,60.751749988412485,5.741333006881177,69.6812910027802,136.17487499141134,26,1,63.03191700135358,0.3005000180564821,53.129708976484835,116.4628749829717,26,1
023550202,54.04650000855327,4.406374995596707,106.50324999005534,164.95687499991618,25,2,53.56137501075864,0.27687501278705895,95.21891598706134,149.05795798404142,25,2
023550230,75.95924998167902,7.769957999698818,149.0356250142213,232.7660000009928,37,3,63.07279202155769,0.4296249826438725,123.65195900201797,187.15499999234453,37,3
023550233,65.76954200863838,3.3062080037780106,43.58320898609236,112.66024998622015,17,1,61.82833298225887,0.21179200848564506,40.464583988068625,102.50545799499378,17,1
023550237,74.06229199841619,5.8502909960225224,0.0007499766070395708,79.91383300395682,21,0,73.98291700519621,0.29091601027175784,0.00100000761449337,74.27562499651685,21,0
023550257,66.62045800476335,5.499999999301508,38.87133300304413,110.99295801250264,22,1,70.43066699407063,0.2753330045379698,44.058125000447035,114.76500000571832,22,1
023550260,59.35675001819618,3.4300829865969718,0.0006250047590583563,62.787833012407646,18,0,61.1300409946125,0.23629097267985344,0.0005829788278788328,61.36737499036826,18,0
023550290,54.20195800252259,3.426709008635953,72.40895801805891,130.03833399852738,18,1,53.890875016804785,0.20616702386178076,51.759583002422005,105.85737501969561,18,1
023550310,49.313583003822714,3.204040986020118,0.0004999747034162283,52.51862498698756,18,0,49.65629099751823,0.20395900355651975,0.0007080088835209608,49.86137500964105,18,0
023550319,41.636208014097065,1.8172920099459589,0.0005830079317092896,43.454416998429224,13,0,41.55875000287779,0.14362498768605292,0.0006250047590583563,41.70329199405387,13,0
023550341,49.15804200572893,2.8838749858550727,83.75049999449402,135.79300002311356,16,1,51.59474999527447,0.2092920185532421,64.05520800035447,115.86000001989305,16,1
024380040,59.50004101032391,4.318040999351069,0.0005830079317092896,63.81925000459887,21,0,53.028249996714294,0.2237499866168946,0.0007080088835209608,53.253124991897494,21,0
024380041,48.76229100045748,4.40120801795274,78.03366598091088,131.19975000154227,15,1,40.433499991195276,0.1727920025587082,39.01345800841227,79.62058301200159,15,1
024380116,73.35999998031184,5.2838750125374645,0.0005829788278788328,78.6452499742154,25,0,65.8478339901194,0.349667010596022,0.0007089984137564898,66.19879099889658,25,0
024380142,61.89970902050845,4.135166993364692,67.06708401907235,133.10270800138824,20,1,62.61100000119768,0.233791972277686,48.99212502641603,111.8377499806229,20,1
024380154,41.47208301583305,1.3451249978970736,0.000833999365568161,42.81904100207612,10,0,39.557459007482976,0.1424579822923988,0.0009160139597952366,39.701375004369766,10,0
024380194,46.94900001049973,2.3206659825518727,40.87975001311861,90.15033300966024,16,1,50.53683402366005,0.18791601178236306,39.164874993730336,89.89033399848267,16,1
024380197,61.33691701688804,4.0166669932659715,0.0007920025382190943,65.35520797478966,18,0,60.99854101194069,0.270040996838361,0.0007910130079835653,61.270250007510185,18,0
024380200,72.22099998034537,3.9011659973766655,67.50016697333194,143.62362498650327,21,1,91.48820798145607,0.30537499696947634,65.23895901045762,157.0334589923732,21,1
024380204,50.86158399353735,2.515208994736895,45.53533298894763,98.91287499340251,17,1,48.54358299053274,0.2018329978454858,41.82324997964315,90.56933398824185,17,1
024380234,55.21108300308697,2.586542017525062,42.906290997052565,100.70491602527909,17,1,51.188583980547264,0.21170900436118245,43.89429101138376,95.29575001215562,17,1
024380247,46.95866699330509,1.8466250039637089,0.000667001586407423,48.80654200678691,12,0,46.546583995223045,0.14929199824109674,0.0008750066626816988,46.697250014403835,12,0
024380265,59.38133297604509,3.0991660023573786,43.865959014510736,106.3472920213826,17,1,63.823208009125665,0.2004999842029065,52.783124992856756,116.80775001877919,17,1
024380276,50.72245898190886,2.8432499966584146,79.9200409965124,133.4869159909431,20,2,50.79862498678267,0.23929099552333355,79.59925002069212,130.6381659815088,20,2
024380278,62.16812500497326,4.779833019711077,77.56270800018683,144.51124999322928,24,2,61.651541996980086,0.2767919795587659,76.65650002309121,138.5856670094654,24,2
024380315,42.6312500203494,1.370707992464304,0.0006250047590583563,44.00308299227618,11,0,42.731957975775,0.14558297698386014,0.0008750066626816988,42.878791980911046,11,0
024380317,59.617916005663574,4.251457983627915,40.229457983514294,104.0995419898536,24,1,59.821083006681874,0.2597499988041818,41.856625000946224,101.93820798303932,24,1
024380325,63.17545799538493,5.284833983751014,0.0010420044418424368,68.46224999753758,26,0,63.28437500633299,0.30212500132620335,0.0007500057108700275,63.5877090098802,26,0
024380354,52.34395799925551,2.88287500734441,46.717624994926155,101.94495800533332,18,1,52.87474999204278,0.23408301058225334,41.5402090002317,94.65008298866451,18,1
024380363,52.51949999365024,2.8252089978195727,38.542875001439825,93.88833297998644,17,1,52.60258400812745,0.2918749814853072,37.91616600938141,90.81166601390578,17,1
024380369,52.237916010199115,2.9154160001780838,85.23308302392252,140.3872090158984,16,2,53.34474999108352,0.19591700402088463,90.833708003629,144.37529200222343,16,2
024410049,53.11174999224022,2.879458013921976,0.0009170034900307655,55.992792011238635,15,0,52.86283299210481,0.17929202294908464,0.0007089984137564898,53.04324999451637,15,0
024410052,70.18187499488704,6.65941700572148,0.0006250047590583563,76.8425410205964,29,0,69.71270800568163,0.3453330136835575,0.0007089984137564898,70.05933302571066,29,0
024410092,83.39183300267905,9.808542003156617,198.24662499013357,291.4484580105636,35,3,89.28583300439641,0.43829099740833044,185.18408300587907,274.90887499880046,35,3
024410098,68.00170897622593,5.5940830206964165,127.63187501695938,201.22854100191034,26,3,69.44095899234526,0.3094589919783175,132.5155420054216,202.26683301734738,26,3
024410110,83.6527079809457,8.06991700665094,109.4220409868285,201.1458329798188,33,2,76.38870799564756,0.5344999954104424,81.06341699021868,157.98770898254588,33,2
024410149,52.931000012904406,3.3378340012859553,66.93458399968222,123.20425000507385,19,1,52.523499995004386,0.22162499953992665,44.809874991187826,97.55587499239482,19,1
024410158,51.66520900093019,2.3263749899342656,0.000500003807246685,53.9924580079969,13,0,50.75337499147281,0.18883400480262935,0.0008750066626816988,50.94374998589046,13,0
024410160,63.68995798402466,4.132125002797693,40.94804200576618,108.77095902105793,19,1,62.55133298691362,0.24412499624304473,43.601500015938655,106.39762500068173,19,1
024410173,67.69154200446792,5.7015420170500875,0.0005839974619448185,73.3942500082776,25,0,68.93454201053828,0.2966250176541507,0.0005830079317092896,69.23258301685564,25,0
024410222,60.28358300682157,3.8052079908084124,0.0007080088835209608,64.0902089944575,20,0,59.98287501279265,0.24154098355211318,0.0006659829523414373,60.225708002690226,20,0
024410228,63.02162501378916,4.026500013424084,44.09983300138265,111.14920800901018,20,1,63.22429099236615,0.2357920166105032,51.782791008008644,115.2436250122264,20,1
024410240,51.38049999368377,2.4087500059977174,0.0007079797796905041,53.79045900190249,13,0,51.32829101057723,0.17154199304059148,0.0006250047590583563,51.50100000901148,13,0
024410241,54.38695801422,3.6706249811686575,0.0007500057108700275,58.059000002685934,17,0,54.08549998537637,0.2123340091202408,0.000833999365568161,54.29912498220801,17,0
024410294,59.61337499320507,2.8119999915361404,0.0008750066626816988,62.4269169929903,14,0,56.91899999510497,0.17699997988529503,0.0006250047590583563,57.09725001361221,14,0
024410312,84.14045799872838,8.540791983250529,145.60112499748357,238.284291990567,33,3,77.76354200905189,0.398541014874354,124.88995798048563,203.05291598197073,33,3
024410318,64.11416700575501,4.69166599214077,41.73679099767469,110.54345802403986,23,1,64.12562498007901,0.2808330173138529,41.66633400018327,106.07362500741147,23,1
024410322,61.83345799217932,3.8851250137668103,0.0007499766070395708,65.7200000132434,18,0,61.39254101435654,0.24262498482130468,0.0009170034900307655,61.63675000425428,18,0
024410350,53.565792011795565,2.8772500227205455,0.0005420006345957518,56.444042013026774,17,0,52.288582985056564,0.20129201584495604,0.0006250047590583563,52.49108298448846,17,0
024410368,73.02333400002681,6.2495419988408685,41.60058300476521,120.87437498848885,24,1,74.1285000112839,0.31049997778609395,44.65804202482104,119.09779100096785,24,1
024410377,45.36537500098348,1.9436250149738044,0.0007089984137564898,47.31045797234401,11,0,45.26933399029076,0.15320800594054163,0.0007919734343886375,45.42404098901898,11,0
024480016,68.71041702106595,6.403915991540998,56.559457996627316,131.6747080127243,27,1,70.22170801064931,0.3319169918540865,53.684875019825995,124.23908300115727,27,1
024480028,53.423540986841545,3.0598340090364218,0.000667001586407423,56.48454200127162,18,0,54.15087498840876,0.2204999909736216,0.0007500057108700275,54.37295901356265,18,0
024480094,69.47945800493471,6.227250007214025,90.71595800924115,166.42362502170727,28,2,69.98887500958517,0.3207499976269901,92.52566698705778,162.8360419999808,28,2
024480095,77.62708398513496,7.0295830082613975,42.41370799718425,127.07133300136775,26,1,77.3243339790497,0.34695901558734477,45.0650830171071,122.73737500072457,26,1
024480105,70.84645901340991,5.868667009053752,87.43179199518636,164.1478750098031,27,2,71.10450000618584,0.32983298297040164,88.60166699741967,160.03679198911414,27,2
024480127,72.28562500677072,6.735041009960696,69.04458400094882,148.0662499961909,27,1,70.60599999385886,0.3704590199049562,54.786834021797404,125.76424999861047,27,1
024480159,59.26341700251214,3.299041010905057,51.86770801083185,114.43116699228995,19,1,59.31766700814478,0.2441669930703938,55.948249995708466,115.51087500993162,19,1
024480186,53.87891599093564,2.5582500093150884,0.0005420006345957518,56.43841699929908,13,0,53.637333010556176,0.1732909877318889,0.0008329807315021753,53.81208300241269,13,0
024480188,69.64720800169744,6.664291984634474,84.48695798870176,160.79954197630286,27,2,70.08837498142384,0.3372080100234598,84.86820899997838,155.2945000003092,27,2
024480212,59.93249997845851,4.024166992167011,40.49174999818206,104.44929197547026,22,1,59.39029098954052,0.26108301244676113,39.91987500921823,99.57220900105312,22,1
024480228,53.963374986778945,2.965791994938627,68.22912499774247,125.15912498929538,17,1,54.059125017374754,0.21620801999233663,50.631541991606355,104.90754200145602,17,1
024480232,64.11441700765863,6.048457988072187,81.26816700678319,151.43187501234934,28,2,63.68029199074954,0.3394579980522394,84.93824998731725,148.9586659881752,28,2
024480241,59.58920900593512,3.4892499970737845,43.03599998820573,106.11558399978094,20,1,58.218999998643994,0.24454199592582881,43.045250000432134,101.50966598303057,20,1
024480244,64.39745801617391,4.13558300351724,0.0010409858077764511,68.53470898931846,18,0,63.39541697525419,0.22454099962487817,0.0007500057108700275,63.62124998122454,18,0
024480251,49.69625000376254,2.3594579834025353,0.0006249756552278996,52.056832995731384,16,0,49.46004200610332,0.20275000133551657,0.0008749775588512421,49.66437499388121,16,0
024480255,58.96383398794569,3.7489999958779663,37.81350000645034,100.52729200106114,20,1,57.44279199279845,0.23849998251534998,38.77845799433999,96.4606250054203,20,1
024480270,53.13295900123194,2.6670840161386877,0.0007919734343886375,55.80154198105447,15,0,58.00666700815782,0.2076250093523413,0.0004580069798976183,58.21533399284817,15,0
024480292,74.05387499602512,5.470499978400767,0.0008749775588512421,79.52599998679943,23,0,74.19666700297967,0.2817499917000532,0.0007920025382190943,74.47979200514965,23,0
024480297,75.88733301963657,5.503416992723942,80.94300000811927,162.33483399264514,25,2,69.90033300826326,0.31754199881106615,79.66245798161253,149.88104099757038,25,2
024480335,45.3656250028871,1.9528749980963767,39.08379198401235,86.40299999387935,14,1,44.16704102186486,0.17883398686535656,38.56287500821054,82.90954201947898,14,1
024510017,71.76233400241472,4.773666005348787,0.0008329807315021753,76.53779099928215,19,0,71.49425000534393,0.26504098786972463,0.0005830079317092896,71.7604169913102,19,0
024510043,70.31554201967083,5.963584000710398,39.48000000673346,115.75975001323968,26,1,69.30541599285789,0.32195899984799325,40.495249995728955,110.12333398684859,26,1
024510061,80.00262500718236,6.909416988492012,43.49375001038425,130.4065420117695,24,1,80.17158301663585,0.39983398164622486,42.7455420140177,123.31783401896246,24,1
024510070,86.75179100828245,9.40337497740984,53.10658298549242,149.26270800060593,33,1,83.32833400345407,0.4176660149823874,54.256790986983106,138.00341699970886,33,1
024510114,77.42604200029746,6.477999995695427,0.0006250047590583563,83.90533298370428,27,0,77.54270901205018,0.3420000139158219,0.0009579816833138466,77.88637501653284,27,0
024510164,75.6719589990098,5.1115420064888895,64.04075000318699,144.8251660040114,21,1,76.05441700434312,0.280165986623615,63.63283298560418,139.96825000504032,21,1
024510179,65.12162499711849,3.651874983916059,76.8108329793904,145.58549999492243,18,1,62.0157920056954,0.21908397320657969,56.64804100524634,118.88379100128077,18,1
024510195,71.46774997818284,4.920542007312179,0.0007920025382190943,76.38987500104122,20,0,69.36891700024717,0.28508398099802434,0.00100000761449337,69.65620900155045,20,0
024510206,67.61674999142997,4.5346250117290765,0.0009999785106629133,72.15308299055323,20,0,67.19383297604509,0.24879199918359518,0.0005839974619448185,67.44366697967052,20,0
024510215,91.79770800983533,9.57404199289158,46.14854100509547,147.52125000813976,27,1,90.97562500392087,0.37054199492558837,50.32904099789448,141.67608399293385,27,1
024510224,74.78758299839683,6.754083005944267,87.26970799034461,168.81237499183044,29,2,74.74495898350142,0.3507499932311475,85.52550000604242,160.62204100308008,29,2
024510247,70.15908398898318,6.450249988120049,0.0007089984137564898,76.61070799804293,26,0,71.25233398983255,0.32750001992098987,0.0009579816833138466,71.58124999841675,26,0
024510252,60.93387497821823,4.320417006965727,42.13495799922384,107.3903749929741,22,1,61.17037500371225,0.25749998167157173,41.04108299361542,102.46991697931662,22,1
024510275,53.60691700479947,2.2648749873042107,0.0006250047590583563,55.87283300701529,11,0,54.05737500404939,0.17108398606069386,0.0006250047590583563,54.22966700280085,11,0
024510316,53.253833000781015,3.034749999642372,70.34541701432317,126.63491701823659,18,1,53.23404201772064,0.2248750242870301,58.99575000512414,112.45541699463502,18,1
024510323,77.8874589886982,4.754624998895451,0.000667001586407423,82.64329197118059,18,0,77.70279102260247,0.25137499324046075,0.000667001586407423,77.95541602536105,18,0
024510336,69.86433299607597,4.783625015988946,87.8892500186339,162.5379589968361,20,2,71.49341702461243,0.25970902061089873,89.75062498939224,161.50449999258853,20,2
024510351,61.445958010153845,4.360207996796817,55.17729200073518,120.98454200895503,22,1,62.777374987490475,0.2737920149229467,55.18608301645145,118.2379589881748,22,1
024510352,73.0537909839768,6.183332996442914,0.0008749775588512421,79.23883400508203,25,0,72.00987500254996,0.3643750096671283,0.0008750066626816988,72.3756660008803,25,0
024510375,51.89720800262876,2.173874992877245,0.0006660120561718941,54.072208993602544,13,0,52.565582998795435,0.16241599223576486,0.0007910130079835653,52.72933401283808,13,0
024880041,53.201250004349276,2.9660830041393638,42.0863330073189,98.25462498702109,17,1,57.45399999432266,0.20799998310394585,44.33033301029354,101.99316698708571,17,1
024880059,54.698499996447936,3.6918749974574894,113.76916599692777,172.16029099654406,21,2,59.85250000958331,0.2540420100558549,94.99520799727179,155.10279199224897,21,2
024880070,59.307292016455904,3.708750009536743,70.2657499932684,133.28308300697245,19,1,59.316541999578476,0.24774999474175274,54.71433399361558,114.27954101236537,19,1
024880098,52.23104197648354,2.6355840091127902,0.0004580069798976183,54.86770800780505,13,0,52.78808300499804,0.18224999075755477,0.000500003807246685,52.97137500019744,13,0
024880118,61.92495799041353,5.3124580008443445,90.12279199669138,157.36104099778458,27,2,63.249750004615635,0.32029199064709246,90.99208400584757,154.56304198596627,27,2
024880155,60.49350000103004,4.123709019040689,0.0007499766070395708,64.61858298280276,19,0,61.602166009834036,0.23358300677500665,0.0007080088835209608,61.837042012484744,19,0
024880176,53.458541980944574,3.035500005353242,42.96958300983533,99.4645830069203,18,1,55.093874980229884,0.22366602206602693,44.13320898311213,99.45162499207072,18,1
024880190,71.92187500186265,5.761292006354779,0.0007920025382190943,77.68466699053533,22,0,73.0976669874508,0.2811659942381084,0.0007080088835209608,73.38008398073725,22,0
024880194,63.169917004415765,4.351166018750519,0.0008749775588512421,67.52266598050483,20,0,63.67041700286791,0.22583399550057948,0.0007499766070395708,63.897375017404556,20,0
024880195,53.83462499594316,3.2932920148596168,0.0009159848559647799,57.12941600359045,19,0,53.56025000219233,0.22866600193083286,0.0007499766070395708,53.79029200412333,19,0
024880207,52.964125003200024,2.7004580188076943,68.66870800149627,124.33429100201465,14,1,55.11766698327847,0.19220900139771402,57.23166698589921,112.54262499278411,14,1
024880210,62.62220800272189,4.383207997307181,0.0007500057108700275,67.00670800637454,21,0,66.42016701516695,0.27624997892417014,0.0007080088835209608,66.6977500077337,21,0
024880234,51.59412501961924,2.550375007558614,63.026583986356854,117.17220800346695,16,1,51.88074999023229,0.19583399989642203,42.61383300763555,94.69116700347513,16,1
024880245,50.75433399179019,2.8283749998081475,0.0008329807315021753,53.58416598755866,14,0,51.21362500358373,0.16404199413955212,0.0006250047590583563,51.3788330135867,14,0
024880258,59.567959018750116,4.411292000440881,78.79762499942444,142.77837498229928,24,2,60.49575001816265,0.2727920073084533,84.6399590082001,145.40920799481682,24,2
024880267,45.01104200608097,2.1815829968545586,0.0007500057108700275,47.19400001340546,13,0,45.48991599585861,0.1677909749560058,0.000667001586407423,45.658916991669685,13,0
024880269,61.030207987641916,3.589917003409937,0.000667001586407423,64.62145800469443,19,0,59.76483301492408,0.26933400658890605,0.0009590003173798323,60.03575000795536,19,0
024880299,76.56654200400226,7.476708007743582,164.59612498874776,248.64041700493544,28,3,74.3635419930797,0.34383300226181746,144.408291002037,219.11687499959953,28,3
024880303,55.89250000775792,3.360166010679677,0.0007079797796905041,59.25395799567923,19,0,55.973167007323354,0.23754200083203614,0.0007499766070395708,56.21204199269414,19,0
024880339,53.77695901552215,3.227415989385918,40.02404201310128,97.02933297376148,18,1,54.3335419788491,0.22829099907539785,42.479000025196,97.0415839983616,18,1
025380004,96.82000000611879,11.928208026802167,39.98304100241512,148.7321669992525,33,1,95.70529201300815,0.5088750040158629,43.07354197953828,139.28854200639762,33,1
025380051,54.336874978616834,3.291166009148583,66.36495800921693,123.99370802449994,18,1,54.706958995666355,0.26424997486174107,51.73362500499934,106.70566698536277,18,1
025380065,50.87858301703818,2.430207998258993,0.0007499766070395708,53.31033299444243,13,0,51.24120900291018,0.17166600446216762,0.000667001586407423,51.41404099413194,13,0
025380091,63.61208300222643,4.5689999824389815,70.91891599702649,139.10108400159515,21,1,62.48183298157528,0.24700001813471317,80.02625001245178,142.75595798972063,21,1
025380107,69.32637499994598,6.783708988223225,119.22466699616052,195.3356660087593,29,2,73.0729170027189,0.3453749814070761,106.65912501281127,180.07820899947546,29,2
025380133,59.65049998485483,2.814165985910222,0.0007500057108700275,62.46612500399351,14,0,59.28304101689719,0.203415984287858,0.0007909839041531086,59.48808300308883,14,0
025380149,54.90345798898488,3.204084001481533,0.0008750066626816988,58.1092499778606,16,0,53.61299999640323,0.18845900194719434,0.0009590003173798323,53.80275001516566,16,0
025380151,58.90708300285041,3.3391250181011856,45.56695799692534,107.81412498909049,18,1,59.011500008637086,0.25179199292324483,44.60575000848621,103.86987499077804,18,1
025380152,66.10858300700784,4.307249997509643,40.43995798565447,110.85662498953752,20,1,64.25429100636393,0.2554160018917173,44.06174999894574,108.572416997049,20,1
025380158,72.3934999841731,6.872583006042987,39.977291016839445,119.24408399499953,26,1,72.40558299236,0.32516600913368165,39.27737500634976,112.00891601038165,26,1
025380162,55.74408298707567,3.1395420082844794,0.0007079797796905041,58.88512497767806,17,0,53.69862500810996,0.2230409882031381,0.0010420044418424368,53.923708997899666,17,0
025380175,63.97524999920279,5.324500001734123,77.87912499043159,147.17983399168588,26,2,62.72470799740404,0.2913330099545419,80.73333400534466,143.75020799343474,26,2
025380202,51.49920901749283,2.24824997712858,75.6489580089692,129.3974170112051,14,1,50.52633298328146,0.18016700050793588,56.91133299842477,107.61862498475239,14,1
025380217,62.369124992983416,4.529500001808628,63.76762501895428,130.66683401120827,23,1,62.07912499667145,0.26283299666829407,61.23062499682419,123.57329201768152,23,1
025380251,63.27962499926798,4.3923750054091215,0.0007500057108700275,67.67354201292619,20,0,63.44962498405948,0.2503329887986183,0.0008330098353326321,63.70158301433548,20,0
025380256,70.5542080104351,5.260208010440692,83.93087500007823,159.74608401302248,21,1,69.97262500226498,0.26324999635107815,63.67737500113435,133.9141250064131,21,1
025380277,54.972915997495875,3.1134579912759364,43.3486670081038,101.43583398894407,16,1,56.47333399974741,0.20091698388569057,41.49258398683742,98.16770799807273,16,1
025380298,59.46487499750219,3.9378329820465297,42.92266702395864,106.32629098836333,20,1,60.009874985553324,0.2448330051265657,44.23466700245626,104.49033297481947,20,1
025380340,51.41333301435225,2.8212920005898923,41.00133301108144,95.23704100865871,17,1,50.726833986118436,0.20333300926722586,42.04825000488199,92.97904098639265,17,1
025380347,80.77025000238791,6.621125008678064,52.273582987254485,139.6663330087904,23,1,79.96054200339131,0.32049999572336674,53.29949999577366,133.58145800884813,23,1
027400077,59.72695900709368,3.8712910027243197,0.0006659829523414373,63.59966701711528,22,0,59.77479199646041,0.2665000210981816,0.000833999365568161,60.042541997972876,22,0
027400094,60.66816599923186,3.6316670011729,0.0005829788278788328,64.30095797986723,18,0,60.5974999780301,0.24125000345520675,0.00100000761449337,60.84025002201088,18,0
027400125,52.899958012858406,2.670624991878867,70.86541698663495,126.43708300311118,16,1,52.8088329883758,0.2013340126723051,50.465165986679494,103.47612499026582,16,1
027400126,49.37162497662939,2.410167013294995,0.0006249756552278996,51.783000002615154,16,0,49.998250004136935,0.19895800505764782,0.0007500057108700275,50.19875001744367,16,0
027400145,62.48616601806134,4.256458982126787,0.0007080088835209608,66.74400001065806,18,0,62.77466600295156,0.22316598915494978,0.0008330098353326321,62.99887498607859,18,0
027400146,60.35008397884667,4.38549998216331,0.0007500057108700275,64.737291977508,23,0,59.689249988878146,0.32379099866375327,0.00100000761449337,60.01491699134931,23,0
027400151,60.47837500227615,4.418666998390108,50.34712498309091,115.24500002269633,23,1,61.31525000091642,0.26354199508205056,47.460250003496185,109.03983301250264,23,1
027400171,66.61391598754562,4.875042010098696,0.0007089984137564898,71.49012500303797,22,0,64.45037500816397,0.2717080060392618,0.0008330098353326321,64.7236249933485,22,0
027400173,58.93712499528192,3.6387919972185045,45.76687500230037,108.34379098378122,16,1,58.695208019344136,0.22262497805058956,43.73262499575503,102.65133299981244,16,1
027400176,50.22033301065676,2.168332983274013,72.26054201601073,124.64991700835526,13,1,50.545542006148025,0.1624169817660004,49.22604199964553,99.93483399739489,13,1
027400201,66.00816600257531,4.228665988193825,0.0006250047590583563,70.23837498854846,22,0,68.94616698264144,0.2759160124696791,0.0007920025382190943,69.22362497425638,22,0
027400238,64.02612500824034,3.8494579785037786,0.0006250047590583563,67.87687499308959,20,0,66.3564580027014,0.24570798268541694,0.0007500057108700275,66.60354198538698,20,0
027400246,66.08833401696756,4.692708025686443,42.465916980290785,113.24762500589713,23,1,63.04383400129154,0.2988339983858168,39.51437497744337,102.85799999837764,23,1
027400276,44.863332994282246,1.9444999925326556,77.04566698521376,123.85408399859443,13,1,45.83408299367875,0.1645419979467988,53.43479200382717,99.43412500433624,13,1
027400283,45.56608400889672,2.1792920015286654,38.36966599919833,86.11562501755543,15,1,46.40295801800676,0.18912498489953578,38.42304099816829,85.0159999972675,15,1
027400286,54.029917024308816,2.8822919994127005,47.368458006531,104.28166700876318,16,1,54.25004198332317,0.20454099285416305,39.1232090187259,93.57883298071101,16,1
027400289,59.03195799328387,4.2371250165160745,0.0007909839041531086,63.27058401075192,21,0,60.15941599616781,0.2326250250916928,0.0006659829523414373,60.39312499342486,21,0
027400295,55.09799998253584,2.970750007079914,39.21712501323782,97.28662497946061,18,1,52.31183298747055,0.2207500219810754,38.45270900637843,90.98599999560975,18,1
027400321,62.223957997048274,4.590124997776002,81.45870800944977,148.27375000459142,22,2,61.39579199953005,0.2672499977052212,78.30937500693835,139.97329099220224,22,2
027400372,54.59479201817885,3.503333020489663,40.63120798673481,98.73029199661687,21,1,54.44383400026709,0.24087500059977174,43.02616699715145,97.7119579911232,21,1
028920012,50.3698329848703,2.9380420164670795,79.67016598558985,132.97895799041726,21,2,50.722209009109065,0.24316698545590043,79.38812501379289,130.35449999733828,21,2
028920027,58.646874997066334,3.514374984661117,0.000500003807246685,62.162249989341944,17,0,59.03783399844542,0.21383300190791488,0.0008750066626816988,59.253166982671246,17,0
028920044,72.01570802135393,6.182499986607581,86.69933301280253,164.89829201600514,27,2,70.76999999117106,0.3522500046528876,96.0582920233719,167.18137499992736,27,2
028920050,68.02416700520553,4.752457985887304,38.73437497531995,111.5118750021793,21,1,68.34100000560284,0.26254099793732166,40.848375007044524,109.45287501090206,21,1
028920120,47.22895898157731,2.2844999912194908,0.0007920025382190943,49.51499999151565,13,0,46.880791982403025,0.2412910107523203,0.000833999365568161,47.123667027335614,13,0
028920122,50.02183301257901,2.262083988171071,0.0007500057108700275,52.28525001439266,15,0,47.14279199833982,0.17016599304042757,0.0005409820005297661,47.314041992649436,15,0
028920128,47.43533401051536,1.8835410010069609,0.000667001586407423,49.32037499384023,12,0,46.72654200112447,0.1602080010343343,0.0006660120561718941,46.88800001167692,12,0
028920131,56.94833298912272,3.486125002382323,45.12791699380614,105.56366699165665,22,1,57.442916004220024,0.24129200028255582,46.024167007999495,103.70929198688827,22,1
028920174,46.89016699558124,2.0332499989308417,0.0007079797796905041,48.9250419777818,14,0,45.07429199293256,0.17616699915379286,0.0007500057108700275,45.25183400255628,14,0
028920200,53.87712499941699,3.3132079988718033,39.07929197885096,96.27037498285063,19,1,53.88525000307709,0.2257919986732304,47.41237498819828,101.52416699565947,19,1
028920207,44.292540987953544,2.203000010922551,0.0008330098353326321,46.49716700077988,16,0,45.0948329817038,0.17754200962372124,0.000667001586407423,45.27362500084564,16,0
028920213,52.372499980265275,3.638916998170316,88.84137499262579,144.853708014125,23,2,51.83233297429979,0.2548330230638385,88.78550000372343,140.87366597959772,23,2
028920214,50.75458300416358,2.6929999876301736,37.71104200859554,91.15962500800379,16,1,51.622332975966856,0.24291701265610754,38.50829100701958,90.37470901967026,16,1
028920224,63.71120800031349,3.4078750177286565,40.396541997324675,107.51670799800195,15,1,64.3477909907233,0.20275000133551657,41.29233298590407,105.84425000706688,15,1
028920235,51.22441699495539,3.242500009946525,0.0006250047590583563,54.46829102584161,20,0,51.346000022022054,0.21558301523327827,0.0008330098353326321,51.56283301766962,20,0
028920239,45.117208996089175,2.4945419863797724,62.13058400317095,109.74312500911765,15,1,44.67941599432379,0.19041597261093557,43.139415996847674,88.00995800993405,15,1
028920242,53.88733299332671,4.153167014010251,0.0006659829523414373,58.04170900955796,24,0,55.832167010521516,0.31587498961016536,0.0012500095181167126,56.15000001853332,24,0
028920259,54.81266698916443,3.3580000163055956,0.000667001586407423,58.17191698588431,17,0,55.825375020504,0.19449999672360718,0.0007920025382190943,56.02112502674572,17,0
028920315,71.98024998069741,4.81954199494794,43.985208991216496,120.78591698082164,21,1,82.59604198974557,0.2771659928839654,43.66737499367446,126.54150000889786,21,1
028920321,58.043291996000335,2.628166985232383,0.0007500057108700275,60.67295800312422,15,0,58.12070801039226,0.19599997904151678,0.0007080088835209608,58.31804100307636,15,0
028970002,57.561749999877065,4.219209018629044,90.01650000573136,151.79829197586514,24,2,54.07016701065004,0.26524998247623444,93.49116601515561,147.82720900257118,24,2
028970016,77.7399999788031,7.7976660104468465,95.43583300546743,180.97454198868945,30,2,77.19816599274054,0.38016599137336016,81.02500002132729,158.60424999846146,30,2
028970022,73.32950001000427,6.916708982316777,119.02916699182242,199.2763339949306,31,3,73.8288749998901,0.370624999050051,122.94612498953938,197.14637502329424,31,3
028970039,84.55608299118467,8.247250021668151,56.44529202254489,149.24974998575635,30,1,84.33124999282882,0.3741249965969473,52.67691699555144,137.38316600210965,30,1
028970052,58.81916600628756,4.174041998339817,111.45899997791275,174.45316599332727,19,2,58.50249997456558,0.4994580231141299,86.11095900414512,145.11416701134294,19,2
028970088,43.438415974378586,1.5105829806998372,37.66129200812429,82.61120799579658,10,1,45.05866699037142,0.1414580037817359,39.27512498921715,84.47612499003299,10,1
028970129,64.53849998069927,3.249750006943941,88.82104200893082,156.61020798143,15,2,63.09858299209736,0.2575000107754022,86.41529199667275,149.77220899891108,15,2
028970146,50.55058401194401,2.7668330003507435,41.47795800236054,94.79662499506958,18,1,49.654040980385616,0.20945901633240283,40.02358397701755,89.8879169835709,18,1
028970153,61.3269999739714,3.8480829971376806,67.48033402254805,132.65625000349246,21,1,59.52904198784381,0.24500000290572643,56.23479199130088,116.00958299823105,21,1
028970158,60.19195800763555,3.6933750088792294,39.14233300019987,103.02866698475555,19,1,60.606916988035664,0.23291699471883476,42.72604201105423,103.56658298405819,19,1
028970190,45.1298329862766,2.343750005820766,39.599457988515496,87.07408400368877,16,1,45.383332995697856,0.19304099259898067,37.59695799089968,83.17399999941699,16,1
028970198,59.14733299869113,3.580916003556922,41.44974998780526,104.17904198402539,18,1,59.29099998320453,0.23779200273565948,45.5810840066988,105.11083298479207,18,1
028970221,45.051249995594844,2.2757910192012787,0.0007079797796905041,47.32858299394138,16,0,44.96870798175223,0.2029169991146773,0.0008750066626816988,45.172958984039724,16,0
028970245,59.240833012154326,4.0535409934818745,38.872042001457885,102.16750000836328,18,1,59.17441699421033,0.22066698875278234,39.75058300420642,99.14658399065956,18,1
028970251,50.585583987412974,2.9565829900093377,0.0007909839041531086,53.5436249920167,20,0,50.32841698266566,0.2152090019080788,0.000667001586407423,50.544792000437155,20,0
028970273,50.482749997172505,2.450792002491653,0.0007909839041531086,52.934917010134086,13,0,51.323457999387756,0.16683299327269197,0.0006250047590583563,51.49149999488145,13,0
028970279,43.75666700070724,1.7347920220345259,0.0006250047590583563,45.49258298357017,12,0,44.061291991965845,0.15304199769161642,0.0007920025382190943,44.215666013769805,12,0
028970294,53.67787499562837,3.267499996582046,39.66712500550784,96.61312500247732,17,1,52.35183300101198,0.1962919777724892,40.98583300947212,93.5347089834977,17,1
028970329,62.5595000165049,4.7796249855309725,40.423667000140995,107.76400001486763,24,1,62.399250018643215,0.28104198281653225,40.62987500219606,103.31079200841486,24,1
029170012,70.7552089879755,6.535082997288555,0.0006250047590583563,77.29154100525193,27,0,70.40983298793435,0.33216699375770986,0.000667001586407423,70.74312499025837,27,0
029170043,68.90283297980204,5.642792006256059,42.61654199217446,117.16304099536501,22,1,70.64529199851677,0.273290992481634,45.10091699194163,116.02033299277537,22,1
029170055,82.07483301521279,9.081083990167826,51.77749998983927,142.93416700093076,35,1,80.92987502459437,0.4208750033285469,49.817917024483904,131.1694579781033,35,1
029170086,59.32770800427534,2.428250008961186,0.0008750066626816988,61.75833399174735,13,0,57.83099998370744,0.2541250141803175,0.0011250085663050413,58.08674998115748,13,0
029170104,73.46537499688566,4.698833014117554,225.7461669796612,303.91129199415445,19,2,74.96437500230968,0.27879199478775263,96.49795800214633,171.7496250057593,19,2
029170149,116.13229199429043,3.115250001428649,0.0009160139597952366,119.24895900301635,17,0,56.04254099307582,0.19258298561908305,0.0006250047590583563,56.23629200272262,17,0
029170156,48.20112499874085,2.404083003057167,40.729458996793255,91.33562500937842,16,1,48.73050001333468,0.18937498680315912,43.28633297700435,92.20712498063222,16,1
029170161,72.66437498037703,6.071708019590005,82.70908397389576,161.44670799258165,27,2,74.43008301197551,0.3317499940749258,96.88220798852853,171.6449169907719,27,2
029170177,68.71825002599508,5.968290992313996,41.36045800987631,116.04804202215746,25,1,71.73983301618136,0.3638330090325326,39.88650001701899,111.9909159897361,25,1
029170181,53.58008301118389,2.8194589831400663,43.59837499214336,99.99904100550339,17,1,51.447791018290445,0.21454200032167137,44.19954097829759,95.8629579981789,17,1
029170196,51.99854198144749,2.1501670125871897,48.768917011329904,102.91854199022055,13,1,52.05204099183902,0.17600000137463212,56.55066602048464,108.77950000576675,13,1
029170197,60.78312499448657,4.266042000381276,0.000667001586407423,65.05141698289663,20,0,60.65104200388305,0.2437919902149588,0.0006250047590583563,60.89595801313408,20,0
029170211,68.62908299081028,5.22554200142622,39.294666989007965,113.15037502208725,23,1,68.83929198374972,0.26854200405068696,39.96262501459569,109.07124998630024,23,1
029170226,58.77929198322818,3.497917001368478,40.287416020873934,102.565292007057,18,1,59.03387500438839,0.23025000700727105,41.75995898549445,101.02466601529159,18,1
029170231,70.61137500568293,5.663374991854653,0.0010409858077764511,76.27674998366274,24,0,71.87354101915844,0.29174998053349555,0.0008329807315021753,72.16670899651945,24,0
029170252,49.90708298282698,2.1907080081291497,0.0005830079317092896,52.09904199000448,13,0,46.132166986353695,0.17408299027010798,0.0007499766070395708,46.30745798931457,13,0
029170309,79.60450000246055,8.799500006716698,92.60304199415259,181.0080410214141,32,2,79.9905409803614,0.3867079794872552,83.85091600939631,164.22891698312014,32,2
029170321,60.6722499942407,4.128542001126334,92.17799999169074,156.97966699372046,21,2,61.26762501662597,0.25954199372790754,93.6205420002807,155.1485829986632,21,2
029170359,71.57804199960083,7.2344589862041175,126.36850000126287,205.18187500420026,29,2,72.94337498024106,0.3517500008456409,97.81000000657514,171.10604199115187,29,2
029170362,61.729124980047345,4.25637501757592,0.0006659829523414373,65.98695900174789,20,0,61.60366701078601,0.24829202448017895,0.0007089984137564898,61.8531669897493,20,0
029370015,50.30620802426711,2.1673329756595194,0.0006659829523414373,52.47508399770595,12,0,50.87112498586066,0.16175000928342342,0.0007920025382190943,51.034375006565824,12,0
029370032,61.01391700212844,4.480292001971975,0.0008749775588512421,65.49579199054278,19,0,60.99112500669435,0.2263750066049397,0.000667001586407423,61.2185419886373,19,0
029370106,71.20537501759827,7.040708005661145,104.39820800093003,182.64529202133417,28,2,70.9080419910606,0.34849997609853745,82.84533402184024,154.10283298115246,28,2
029370108,84.79904200066812,11.222582979826257,129.63637500070035,225.65904198563658,39,3,85.20649999263696,0.5047919985372573,125.85779200890101,211.56970798620023,39,3
029370123,48.32537501351908,2.044709020992741,0.0006660120561718941,50.3714160004165,14,0,47.600624995538965,0.18375000217929482,0.0007919734343886375,47.78587498003617,14,0
029370126,59.258125023916364,3.4138339979108423,0.0007909839041531086,62.6734999823384,18,0,58.23224998312071,0.20087501616217196,0.0006660120561718941,58.434334001503885,18,0
029370142,58.43495897715911,3.654625004855916,0.0005830079317092896,62.09083300200291,19,0,63.04983299924061,0.2312079886905849,0.0008330098353326321,63.282458984758705,19,0
029370153,43.69041699101217,1.6229169850703329,0.000667001586407423,45.3145420178771,10,0,43.29391699866392,0.12920799781568348,0.0007500057108700275,43.424458999652416,10,0
029370185,45.675542001845315,1.9489580008666962,0.0006659829523414373,47.625666979001835,12,0,45.41970801074058,0.14662498142570257,0.0006250047590583563,45.56741699343547,12,0
029370193,44.70091700204648,1.6136250051204115,0.0004169996827840805,46.315542014781386,10,0,45.2283329796046,0.12408301699906588,0.0007499766070395708,45.35362499882467,10,0
029370210,58.9644169958774,4.086250002728775,0.0006250047590583563,63.05208400590345,21,0,58.93308299710043,0.25979100610129535,0.0004580069798976183,59.19383399304934,21,0
029370217,67.99370801309124,4.746916994918138,0.0007089984137564898,72.74183302070014,21,0,66.98633299674839,0.25516701862215996,0.0006249756552278996,67.24262499483302,21,0
029370221,52.955333987483755,2.95687498874031,0.0006250047590583563,55.91366600128822,16,0,52.936249994672835,0.20479198428802192,0.0007080088835209608,53.14229099894874,16,0
029370230,61.1112909973599,4.919416998745874,69.15895800921135,135.19037500373088,26,1,61.40433301334269,0.2892499906010926,47.746083000674844,109.4405000039842,26,1
029370235,59.21120900893584,3.9544580213259906,38.6709579906892,101.83729199343361,20,1,62.58074997458607,0.2457080117892474,41.27229200094007,104.09949999302626,20,1
029370239,45.49916600808501,2.2821250022388995,68.25087498873472,116.03325000032783,15,1,45.030874985968694,0.18716600607149303,47.559333994286135,92.77812499203719,15,1
029370270,62.72954199812375,3.836500021861866,0.0005829788278788328,66.56704199849628,18,0,62.84983298974112,0.22879202151671052,0.0007079797796905041,63.08012502267957,18,0
029370303,51.31358400103636,3.116457985015586,0.000667001586407423,54.431249998742715,19,0,51.702333003049716,0.2314999874215573,0.00100000761449337,51.93537499872036,19,0
029370379,50.247916020452976,2.735791989834979,77.98737499979325,130.9721670113504,16,1,50.20320901530795,0.19145902479067445,57.268459000624716,107.66387498006225,16,1
030070015,54.13454200606793,3.4680829849094152,0.0007079797796905041,57.603791006840765,19,0,54.49470801977441,0.23037500795908272,0.0004580069798976183,54.72595800529234,19,0
030070017,45.07595801260322,1.678833010373637,0.0006250047590583563,46.75583401694894,11,0,45.69666599854827,0.15254199388436973,0.0007499766070395708,45.85058402153663,11,0
030070019,67.33900000108406,4.2453749920241535,0.000667001586407423,71.58570800675079,17,0,67.7284589910414,0.22220797836780548,0.0007919734343886375,67.95204197987914,17,0
030070022,49.68916700454429,2.1181250049266964,0.0008329807315021753,51.808625023113564,13,0,50.107042014133185,0.16045800293795764,0.0007920025382190943,50.26870800065808,13,0
030070025,52.39279201487079,2.6267079811077565,0.0007080088835209608,55.02091598464176,13,0,52.161832980345935,0.16079097986221313,0.0005830079317092896,52.32362498645671,13,0
030070043,42.98970798845403,1.777500001480803,0.0009580107871443033,44.768584019038826,13,0,42.1300410234835,0.1564999984111637,0.0007079797796905041,42.287834017770365,13,0
030070049,60.76849999953993,3.9172919932752848,0.0006250047590583563,64.68716700328514,19,0,61.02062499849126,0.2280420158058405,0.0007079797796905041,61.2497920228634,19,0
030070054,58.41016600606963,3.7167920090723783,0.0005420006345957518,62.12787498952821,19,0,58.52170899743214,0.22770900977775455,0.0007080088835209608,58.750791009515524,19,0
030070058,45.0042920128908,1.5292500029318035,0.000667001586407423,46.53449999750592,10,0,44.5222910202574,0.19879097817465663,0.00104197533801198,44.72262499621138,10,0
030070066,51.11712499638088,2.166833000956103,0.0006250047590583563,53.28512497362681,13,0,50.92858400894329,0.16016702284105122,0.0008329807315021753,51.090207998640835,13,0
030070093,54.04650000855327,3.495457989629358,0.0007499766070395708,57.54337497637607,20,0,53.88358299387619,0.23416700423695147,0.0006659829523414373,54.11879197345115,20,0
030070094,67.98366599832661,4.906582995317876,0.0007920025382190943,72.8914579958655,20,0,68.55591700877994,0.33000000985339284,0.0008749775588512421,68.88745797914453,20,0
030070099,45.32499998458661,1.5254160098265857,0.0005830079317092896,46.85149999568239,9,0,44.09162499359809,0.11933399946428835,0.0007090275175869465,44.21220798394643,9,0
030070108,51.05733298114501,1.9685000006575137,43.880750017706305,96.90758297801949,13,1,48.92483298317529,0.17487502191215754,43.827957997564226,92.92850000201724,13,1
030070111,44.689750007819384,1.6706250025890768,0.0006249756552278996,46.3615829939954,12,0,44.60325001855381,0.16458402387797832,0.0009159848559647799,44.76941699977033,12,0
030070112,59.75429201498628,4.209249978885055,40.382917009992525,104.34741602512076,23,1,58.906457998091355,0.30445802258327603,39.90220799460076,99.11449998617172,23,1
030070135,52.33391700312495,2.8005420172121376,0.0005830079317092896,55.13562500709668,16,0,52.03995801275596,0.19491699640639126,0.0007500057108700275,52.236042014556006,16,0
030070138,59.04841699521057,3.0690830026287585,0.0006660120561718941,62.11862500640564,16,0,59.2635840002913,0.1863329962361604,0.0007089984137564898,59.45125001017004,16,0
030070152,62.78704100986943,5.046333011705428,0.0007919734343886375,67.83458299469203,25,0,62.57879198528826,0.2914580109063536,0.001167005393654108,62.8719579835888,25,0
030070159,49.806791997980326,2.2137909836601466,0.000833999365568161,52.02208401169628,12,0,49.9994580168277,0.1560829987283796,0.0007920025382190943,50.1568750187289,12,0
030120001,71.25179198919795,5.145541013916954,48.8760840089526,125.27479100390337,21,1,71.02287499583326,0.28612499590963125,49.241208005696535,120.5509580031503,21,1
030120003,79.60745799937285,6.148208020022139,45.16962499474175,130.9263330185786,22,1,79.60079101030715,0.292125012492761,44.3399999930989,124.23387498711236,22,1
030120018,48.92937498516403,1.3999170041643083,0.000667001586407423,50.33075000392273,9,0,47.18316698563285,0.1351670071016997,0.0007500057108700275,47.3195829836186,9,0
030120021,58.19579100352712,2.3716250143479556,0.0007500057108700275,60.56891698972322,13,0,58.08287500985898,0.1786659995559603,0.000833999365568161,58.26304201036692,13,0
030120029,45.37929201615043,1.793083007214591,0.0006249756552278996,47.173500002827495,13,0,45.217250008136034,0.15499998698942363,0.0007500057108700275,45.37391601479612,13,0
030120044,55.0429169961717,3.0604589846916497,0.0006250047590583563,58.10462500085123,17,0,54.45354100083932,0.21012499928474426,0.0007500057108700275,54.66491699917242,17,0
030120072,49.54354101209901,1.7665840277913958,61.026542010949925,112.33741699834354,10,1,50.49245900590904,0.14616598491556942,45.97966599976644,96.61895898170769,10,1
030120079,38.45637501217425,0.950083980569616,0.0005420006345957518,39.40745900035836,7,0,38.35641700425185,0.10833298438228667,0.0006659829523414373,38.46595800132491,7,0
030120089,52.71175000234507,2.3435000039171427,41.25091599416919,96.30716699757613,15,1,49.74045799463056,0.18462500884197652,41.373042011400685,91.29895898513496,15,1
030120097,59.30224998155609,3.0224579968489707,0.0007089984137564898,62.326166982529685,16,0,59.70600000000559,0.20462498650886118,0.0007500057108700275,59.91191600332968,16,0
030120106,70.30229200609028,4.077541991136968,0.0008329807315021753,74.3814590096008,16,0,70.04454199341126,0.20679199951700866,0.000833999365568161,70.25270798476413,16,0
030120121,44.05166700598784,1.4403749955818057,0.0006250047590583563,45.493084006011486,10,0,44.26629198133014,0.14787499094381928,0.0005420006345957518,44.415125012164935,10,0
030120141,57.6075840217527,2.3830829886719584,0.0005420006345957518,59.9917910003569,14,0,52.79079100000672,0.18616701709106565,0.0006250047590583563,52.97820799751207,14,0
030120150,42.50079099438153,1.3312080118339509,0.0007500057108700275,43.833292002091184,9,0,43.142166978213936,0.14283301425166428,0.00204198295250535,43.28770798747428,9,0
030120154,52.34575000940822,1.845916995080188,0.0009170034900307655,54.19295802130364,9,0,51.68608401436359,0.13858298189006746,0.000833999365568161,51.82591700577177,9,0
030120155,49.711290979757905,2.0160420099273324,0.0007079797796905041,51.72866702196188,13,0,50.09383300784975,0.15212499420158565,0.0007080088835209608,50.247083010617644,13,0
030120157,53.41562500689179,2.4954999971669167,0.0007919734343886375,55.91229198034853,14,0,52.79316601809114,0.1703329908195883,0.0006660120561718941,52.96483400161378,14,0
030120163,52.98487498657778,2.2282499994616956,0.0006660120561718941,55.21441699238494,11,0,53.33504098234698,0.17275000573135912,0.0009160139597952366,53.50966699188575,11,0
030120165,58.2647499977611,2.4140829918906093,0.0007500057108700275,60.68041699472815,12,0,57.251499994890764,0.15741700190119445,0.0007500057108700275,57.410166977206245,12,0
030120173,45.0268329877872,1.692958001513034,44.71975000342354,91.44012499018572,11,1,44.94583301129751,0.15604199143126607,46.98316700523719,92.08591701462865,11,1
030140009,42.114832991501316,1.4276249858085066,0.000667001586407423,43.54366700863466,10,0,42.33174998080358,0.13766699703410268,0.0007500057108700275,42.470583983231336,10,0
030140010,58.7501669942867,3.752916003577411,40.46766701503657,102.97145901131444,18,1,57.54499998874962,0.2132499939762056,43.399999995017424,101.15941698313691,18,1
030140017,58.878416020888835,2.9105419816914946,86.01258299313486,147.80245799920522,15,1,59.142582991626114,0.191082974197343,58.78524997388013,118.11966699315235,15,1
030140025,52.91104197385721,3.313041990622878,0.0006250047590583563,56.2254170072265,18,0,53.57837499468587,0.2262920024804771,0.0006250047590583563,53.80591700668447,18,0
030140043,42.689124995376915,1.3806670031044632,0.0006250047590583563,44.07116599031724,10,0,42.88008299772628,0.151333020767197,0.0006250047590583563,43.032500019762665,10,0
030140053,49.649458000203595,2.3907079885248095,40.34954201779328,92.39070900366642,16,1,49.023083003703505,0.19637501100078225,50.139541999669746,99.35979099827819,16,1
030140075,52.21291599445976,2.5426250067539513,0.0005830079317092896,54.75691700121388,15,0,52.13183400337584,0.20683399634435773,0.0007500057108700275,52.340040972922,15,0
030140086,58.87300000176765,2.958750003017485,0.0008330098353326321,61.833459010813385,15,0,58.75254198326729,0.20795900491066277,0.0009160139597952366,58.96200001006946,15,0
030140089,50.50570800085552,1.8109170196112245,48.36633297963999,100.6836669985205,11,1,50.181042024632916,0.15262499800883234,42.93550000875257,93.2698340038769,11,1
030140092,52.57604201324284,2.020374988205731,0.0007080088835209608,54.59787501604296,11,0,53.76474998774938,0.15408298349939287,0.0006659829523414373,53.91995797981508,11,0
030140095,49.343250022502616,1.9580840016715229,0.0006250047590583563,51.302584004588425,13,0,48.97858397453092,0.15883301966823637,0.0005829788278788328,49.13833300815895,13,0
030140099,50.01062498195097,1.931750011863187,0.0006250047590583563,51.94362500333227,12,0,50.629708013730124,0.15970799722708762,0.0010830117389559746,50.790959008736536,12,0
030140126,72.46433399268426,5.751082993810996,0.0007080088835209608,78.21666600648314,21,0,73.10183299705386,0.26795899611897767,0.0008330098353326321,73.37112500681542,21,0
030140128,68.78254198818468,3.5514580085873604,47.37370801740326,119.70858299173415,16,1,66.99266599025577,0.2137080009561032,49.045124993426725,116.25212500803173,16,1
030140129,43.300583987729624,0.9255830082111061,0.00045899651013314724,44.227083009900525,6,0,43.25520902057178,0.1032079744618386,0.000667001586407423,43.35949997766875,6,0
030140132,58.693917002528906,3.515999997034669,0.0007499766070395708,62.211249984102324,18,0,59.05466599506326,0.21745898993685842,0.0007080088835209608,59.27329199039377,18,0
030140134,58.9227500022389,3.407499985769391,67.61887500761077,129.95025000418536,16,1,59.07016698620282,0.2080000122077763,59.071833005873486,118.35075000999495,16,1
030140144,44.065750000299886,1.568415988003835,0.0007079797796905041,45.635290996870026,11,0,44.645999994827434,0.179541006218642,0.0006660120561718941,44.827167002949864,11,0
030140147,48.875999986194074,1.8450420175213367,0.0007079797796905041,50.72237498825416,11,0,49.89629198098555,0.19424999481998384,0.0007920025382190943,50.091874989448115,11,0
030140173,48.125917004654184,1.4249169907998294,0.0006250047590583563,49.55191700719297,10,0,46.82729099295102,0.13641599798575044,0.0005830079317092896,46.96499998681247,10,0
030270013,57.30895898886956,2.573874982772395,45.22908400394954,105.11320800287649,14,1,58.30370797775686,0.18687499687075615,41.53350001433864,100.02470901235938,14,1
030270014,79.48541699443012,7.127582997782156,0.0009170034900307655,86.61462500458583,23,0,79.8892919847276,0.3053750260733068,0.0007080088835209608,80.19595799851231,23,0
030270026,87.3570830153767,7.549832982476801,0.0008330098353326321,94.9085830070544,24,0,87.33750000828877,0.3370830090716481,0.000667001586407423,87.67587502370588,24,0
030270033,78.43224998214282,6.885040987981483,0.00100000761449337,85.31883399700746,23,0,77.34095799969509,0.30383397825062275,0.0005420006345957518,77.64583299285732,23,0
030270049,70.2504999935627,4.789375001564622,60.135957988677546,135.17691698507406,22,1,69.87195802503265,0.28016697615385056,45.70766701363027,115.86062499554828,22,1
030270053,59.06508301268332,3.0954589892644435,38.49816697766073,100.65987499547191,15,1,59.57929100259207,0.19129097927361727,40.45112497988157,100.2224579860922,15,1
030270054,67.8054160089232,3.8174589863047004,0.000667001586407423,71.62425000569783,16,0,68.52149998303503,0.21525000920519233,0.0008330098353326321,68.73804199858569,16,0
030270073,84.43958399584517,5.466166010592133,0.0007500057108700275,89.90712501690723,16,0,86.69970798655413,0.2468750171829015,0.0007079797796905041,86.94791598827578,16,0
030270075,42.38566700951196,1.406165974913165,0.0007909839041531086,43.793249991722405,10,0,42.643749999115244,0.13437500456348062,0.0007080088835209608,42.77925001224503,10,0
030270083,52.99858300713822,2.3609579948242754,0.00045899651013314724,55.36066700005904,13,0,53.06816700613126,0.17779198242351413,0.0007080088835209608,53.24737500632182,13,0
030270093,60.12133302283473,2.905790985096246,0.0006250047590583563,63.02854200475849,14,0,59.62358397664502,0.19354099640622735,0.000500003807246685,59.818207984790206,14,0
030270116,59.926124988123775,3.0201670015230775,47.11287500686012,110.06037500919774,15,1,57.75754197384231,0.20133302314206958,49.08724999404512,107.04691699356772,15,1
030270121,73.18779098568484,5.262291000690311,0.0007500057108700275,78.45187501516193,22,0,72.01958302175626,0.2734999870881438,0.0007080088835209608,72.29433400789276,22,0
030270140,63.98866599192843,3.2588329922873527,0.0009170034900307655,67.24895798834041,14,0,63.78741702064872,0.19175000488758087,0.000667001586407423,63.980375009123236,14,0
030270141,69.3451660044957,4.63300000410527,0.0007079797796905041,73.97933298489079,22,0,67.97912501497194,0.27020799461752176,0.0007089984137564898,68.25058301910758,22,0
030270147,52.40737501299009,1.881167001556605,0.0007500057108700275,54.289958003209904,11,0,51.269832998514175,0.14879199443385005,0.0006250047590583563,51.41979199834168,11,0
030270151,44.267874996876344,1.6242080018855631,0.0006250047590583563,45.893500006059185,12,0,44.13541700341739,0.14454199117608368,0.0007089984137564898,44.28108301362954,12,0
030270161,46.51145901880227,1.9685409788507968,60.62212502001785,109.10333300125785,13,1,46.16833300678991,0.20558401593007147,48.3593329845462,94.73391697974876,13,1
030270168,45.23716599214822,1.5139169991016388,0.0005830079317092896,46.75229199347086,11,0,44.74795900750905,0.1678749977145344,0.0009170034900307655,44.91737499483861,11,0
030270175,63.22920898674056,4.291833989555016,100.99000000627711,168.51208300795406,21,2,65.35429201903753,0.2733340079430491,89.71762500004843,155.3458340058569,21,2
030600004,62.0916249754373,3.5686250193975866,49.7429589740932,115.40404197876342,15,1,62.624459009384736,0.20741700427606702,49.2204159963876,112.05316599807702,15,1
030600011,53.911374998278916,3.0240000050980598,0.0007500057108700275,56.936875014798716,16,0,54.521666024811566,0.20016697817482054,0.000500003807246685,54.72287500742823,16,0
030600020,49.4257080135867,1.7882089887280017,0.0005409820005297661,51.21512501500547,10,0,49.30420801974833,0.14445799752138555,0.0010420044418424368,49.45020901504904,10,0
030600023,62.91220799903385,3.6981250159442425,0.0007499766070395708,66.611832997296,16,0,63.417375000426546,0.2065829758066684,0.0005830079317092896,63.62516697845422,16,0
030600039,51.97670799680054,2.3267079959623516,50.18083401955664,104.48525001993403,14,1,52.21054199500941,0.17795799067243934,46.65320800268091,99.04258299502544,14,1
030600041,64.20962500851601,3.3870830084197223,0.0006250047590583563,67.59783302550204,14,0,63.475958013441414,0.19820901798084378,0.0006659829523414373,63.675375015009195,14,0
030600042,44.26741701900028,1.476457982789725,43.869832996279,89.6145409788005,9,1,44.11945800529793,0.1435000158380717,54.25491600180976,98.51875001913868,9,1
030600052,70.05895799375139,4.898749990388751,41.753416997380555,116.71204099548049,18,1,69.93441600934602,0.2333330048713833,50.77879098826088,120.947041985346,18,1
030600054,79.11874999990687,4.995791998226196,0.0006249756552278996,84.11583400447853,16,0,77.70679099485278,0.2288329997099936,0.0005420006345957518,77.93679198948666,16,0
030600055,44.69491698546335,1.5241669898387045,0.000667001586407423,46.22045799624175,11,0,44.599208020372316,0.14279200695455074,0.0008330098353326321,44.7432920045685,11,0
030600070,62.03408300643787,3.241833997890353,44.597000000067055,109.87445901264437,16,1,64.52966699725948,0.2972919901367277,47.17920802067965,112.00695802108385,16,1
030600085,68.64637497346848,3.552333015250042,0.0005830079317092896,72.1997500222642,16,0,72.91654101572931,0.21008399198763072,0.0007080088835209608,73.12795799225569,16,0
030600099,62.36704098409973,2.85429201903753,0.0007499766070395708,65.22279200726189,13,0,62.1498340042308,0.16908399993553758,0.0007079797796905041,62.320167024154216,13,0
030600104,69.83962500817142,3.388084005564451,0.0006250047590583563,73.22912500239909,12,0,70.64620801247656,0.1856669841799885,0.0007080088835209608,70.8330420020502,12,0
030600140,57.57033301051706,2.705207996768877,0.0007500057108700275,60.27708301553503,13,0,57.2578749852255,0.17016701167449355,0.000833999365568161,57.42933301371522,13,0
030600147,52.43758298456669,2.105082996422425,0.0005829788278788328,54.54366700723767,11,0,52.369333017850295,0.15470897778868675,0.000667001586407423,52.52516700420529,11,0
030600154,50.397375016473234,1.9492080027703196,0.0009160139597952366,52.348416997119784,10,0,49.556167010450736,0.1395419822074473,0.0006660120561718941,49.69675000756979,10,0
030600156,74.48708298034035,3.7451250245794654,44.05750002479181,122.29099997784942,16,1,68.62816700595431,0.20854099420830607,45.83975000423379,114.67741700471379,16,1
030600160,46.90970800584182,1.728333008941263,0.0007919734343886375,48.63945799297653,11,0,46.02154198801145,0.15183299547061324,0.0006250047590583563,46.174458984751254,11,0
030600168,103.19879098096862,9.914209018461406,0.0007089984137564898,113.11445798492059,21,0,109.15391700109467,0.32699998700991273,0.0007080088835209608,109.48212500079535,21,0
030750012,53.14274999545887,2.9587910103145987,0.0006660120561718941,56.10270900069736,15,0,53.19237499497831,0.19570798031054437,0.0006250047590583563,53.3894170075655,15,0
030750030,69.1779589978978,4.60608399589546,43.73645898886025,117.52137501025572,18,1,68.95524999708869,0.24575000861659646,40.8256669761613,110.02741599804722,18,1
030750034,63.68575000669807,4.03241699677892,46.29866700270213,114.01762501918711,17,1,63.88870801310986,0.23183299344964325,48.3307080285158,112.45191699708812,17,1
030750042,45.98900000564754,2.062541985651478,0.0008330098353326321,48.05308399954811,14,0,45.627999992575496,0.17708298400975764,0.0007089984137564898,45.80624998197891,14,0
030750057,53.89062498579733,3.0655000009573996,45.29379200539552,102.25083300611004,15,1,54.055666987551376,0.1939999929163605,45.262667001225054,99.51312499470077,15,1
030750058,63.89699998544529,2.9952090117149055,0.0005829788278788328,66.89337498391978,13,0,63.94066600478254,0.20124998991377652,0.0007500057108700275,64.14333399152383,13,0
030750061,44.97899999842048,1.7188339843414724,0.000500003807246685,46.69891600497067,12,0,44.965249981032684,0.15224999515339732,0.000500003807246685,45.118457986973226,12,0
030750074,52.53691700636409,2.419166994513944,82.41858400288038,137.37558398861438,14,2,51.97654198855162,0.1770000089891255,85.53129201754928,137.68529202206992,14,2
030750076,49.533207988133654,2.4295409966725856,0.0009160139597952366,51.964334008516744,14,0,50.402209017192945,0.16912500723265111,0.000667001586407423,50.5725410184823,14,0
030750078,76.71737502096221,4.878249979810789,0.000500003807246685,81.59654200426303,18,0,77.26595798158087,0.24591601686552167,0.0004580069798976183,77.51283401739784,18,0
030750088,41.06062502251007,1.2054579856339842,0.0005830079317092896,42.267207987606525,10,0,41.084083990426734,0.14758401084691286,0.0009580107871443033,41.23308300040662,10,0
030750093,60.27704200823791,3.256625001085922,0.0007500057108700275,63.53508299798705,13,0,60.91516598826274,0.17820802167989314,0.000667001586407423,61.094417003914714,13,0
030750098,53.414624999277294,2.9396250029094517,0.0005420006345957518,56.355540989898145,16,0,53.715832997113466,0.19725001766346395,0.0007080088835209608,53.91429201699793,16,0
030750108,54.67541699181311,2.1859160042367876,40.86775000905618,97.7301659877412,11,1,54.20149999554269,0.1683750015217811,55.65120797837153,110.02204197575338,11,1
030750119,50.210332992719486,1.45575002534315,0.0005830079317092896,51.66737499530427,9,0,50.30145900673233,0.1313749817200005,0.0007089984137564898,50.433917000191286,9,0
030750128,51.92491700290702,2.633708994835615,42.07620900706388,96.63583399378695,16,1,51.04712498723529,0.18433301011100411,40.61737499432638,91.84966702014208,16,1
030750146,45.357042021350935,1.9749579951167107,0.0007079797796905041,47.3331670218613,12,0,44.39741600072011,0.14545797603204846,0.0007909839041531086,44.54400000395253,12,0
030750155,53.001249994849786,2.215083019109443,42.194749985355884,97.41179199772887,13,1,53.55466701439582,0.1737089769449085,42.1483330137562,95.8774590108078,13,1
030750165,42.012167017674074,0.8548329933546484,0.0006660120561718941,42.86837499239482,5,0,42.247791978297755,0.09579199831932783,0.0007089984137564898,42.34487499343231,5,0
030750170,37.14866700465791,1.2849589984398335,0.0006250047590583563,38.43487499398179,11,0,37.18908299924806,0.12854201486334205,0.0007089984137564898,37.31866698944941,11,0
032140001,49.870209011714906,2.21800000872463,0.0008330098353326321,52.08975001005456,11,0,51.13733297912404,0.15770900063216686,0.0007500057108700275,51.29662499530241,11,0
032140007,58.679500012658536,3.882291988702491,0.0007080088835209608,62.56304102134891,18,0,58.78866699640639,0.22562500089406967,0.0004999747034162283,59.015125007135794,18,0
032140013,43.35045799962245,1.239290984813124,0.0004580069798976183,44.5907499815803,9,0,43.20562499924563,0.11354201706126332,0.0005830079317092896,43.32033300306648,9,0
032140017,50.22208398440853,2.4067919875960797,0.000833999365568161,52.63037499389611,14,0,50.6057089951355,0.17066698637790978,0.0007080088835209608,50.77745800372213,14,0
032140025,78.90354201663285,5.772666976554319,0.0006250047590583563,84.67745900270529,19,0,79.97662501293235,0.2618750149849802,0.0006250047590583563,80.23966700420715,19,0
032140054,48.99020801531151,1.2373329955153167,0.000667001586407423,50.22883298806846,8,0,48.18270797841251,0.10379200102761388,0.0005830079317092896,48.287417012033984,8,0
032140060,87.26837500580586,4.533250001259148,0.0006660120561718941,91.80349999223836,19,0,76.86079200357199,0.23712500114925206,0.0006250047590583563,77.09899998735636,19,0
032140069,64.51045797439292,2.5129590067081153,0.0006250047590583563,67.02474999474362,12,0,65.40570801007561,0.17929199384525418,0.0007920025382190943,65.58620900614187,12,0
032140073,44.350874988595024,1.4187910128384829,0.0005829788278788328,45.77079199953005,9,0,45.00183300115168,0.1349580124951899,0.0007080088835209608,45.138000015867874,9,0
032140078,54.25749998539686,2.4853750073816627,0.0007080088835209608,56.74433402600698,12,0,53.13541699433699,0.17275000573135912,0.0007500057108700275,53.30929200863466,12,0
032140082,84.5534999971278,7.59229197865352,45.15212500700727,137.29874999262393,23,1,85.75633299187757,0.32608298351988196,42.97054099151865,129.0536250162404,23,1
032140087,45.79562501749024,1.449291972676292,0.0006250047590583563,47.24633297882974,9,0,45.37991699180566,0.1348750083707273,0.0006250047590583563,45.515958016039804,9,0
032140094,52.79537499882281,1.6681669803801924,0.0008750066626816988,54.46491698967293,9,0,53.94383298698813,0.14770901179872453,0.0007079797796905041,54.092666978249326,9,0
032140110,52.66820898395963,2.3956250224728137,40.92050000326708,95.98495799582452,12,1,52.757583995116875,0.152749998960644,42.17020800570026,95.08145900326781,12,1
032140117,52.795833005802706,2.4643339856993407,66.56341699999757,121.8243750045076,14,1,52.851958986138925,0.1985830022022128,45.15424999408424,98.20566599955782,14,1
032140121,78.8264999864623,6.553083017934114,57.27754198596813,142.65808300115168,23,1,77.05100000021048,0.3079579910263419,47.73766701691784,125.09770801989362,23,1
032140135,54.73141698166728,2.4750000156927854,0.0006250047590583563,57.20783397555351,13,0,54.69579200143926,0.19837499712593853,0.0007920025382190943,54.89562501315959,13,0
032140150,42.97554199001752,1.2778750096913427,0.0006250047590583563,44.25470900605433,8,0,42.185959027847275,0.12208402040414512,0.0006250047590583563,42.30916599044576,8,0
032140164,44.3492500053253,1.2673749879468232,0.0006250047590583563,45.61775000183843,9,0,44.30133299320005,0.12833302025683224,0.0007079797796905041,44.43079201155342,9,0
032140169,50.40320800617337,1.7903329862747341,60.790832998463884,112.98508298932575,9,1,50.82050000783056,0.14716698206029832,48.46708400873467,99.43570801988244,9,1
034120002,52.58883300120942,2.108540997141972,0.0007080088835209608,54.69862499739975,12,0,52.29649998364039,0.14720798935741186,0.0006669724825769663,52.44474997743964,12,0
034120012,48.83883401635103,1.4651249803137034,0.0009590003173798323,50.30566701316275,7,0,49.28087498410605,0.13004199718125165,0.0007920025382190943,49.41229199175723,7,0
034120027,60.95462499069981,3.5343749914318323,42.594750004354864,107.08449999219738,18,1,61.58254199544899,0.2278749889228493,41.780542000196874,103.59162499662489,18,1
034120035,62.53220897633582,3.613167005823925,40.735249989666045,106.88170898356475,18,1,63.44491700292565,0.23354199947789311,41.42212501028553,105.10145800071768,18,1
034120047,50.50095898332074,1.6690839838702232,0.0007920025382190943,52.17145799542777,10,0,49.996416026260704,0.15479099238291383,0.0009170034900307655,50.15250001451932,10,0
034120050,51.567791000707075,1.5960000164341182,0.0004169996827840805,53.16479201428592,10,0,49.805167014710605,0.1583749835845083,0.0009580107871443033,49.96525001479313,10,0
034120052,62.06329198903404,3.311832988401875,0.0007909839041531086,65.37683299393393,16,0,62.12566699832678,0.22004099446348846,0.000667001586407423,62.34695899183862,16,0
034120067,53.00354101927951,2.4325829872395843,0.000833999365568161,55.43775000842288,13,0,52.81145800836384,0.19475002773106098,0.0007500057108700275,53.00754201016389,13,0
034120077,54.42245799349621,2.902125008404255,42.477167007746175,99.80250001535751,16,1,54.89787500118837,0.20512501941993833,39.85808297875337,94.96166702592745,16,1
034120085,53.7720839784015,2.5367080233991146,39.764792018104345,96.07412500190549,13,1,52.99937500967644,0.16845899517647922,42.29354200651869,95.46224999940023,13,1
034120101,52.32104199239984,1.903583004605025,40.934500022558495,95.15979199204594,10,1,52.755999990040436,0.1543329854030162,40.891375014325604,93.80220901221037,10,1
034120111,50.85145897464827,1.7505839932709932,68.0437920091208,120.646499999566,11,1,49.52987498836592,0.1687500043772161,46.173500013537705,95.87287498288788,11,1
034120125,49.6042910090182,2.127291983924806,50.12679100036621,101.8589589803014,12,1,50.354667007923126,0.15329101006500423,48.45616698730737,98.96470801322721,12,1
034120155,61.92266699508764,2.4890000058803707,42.240832990501076,106.65379199781455,11,1,62.84379100543447,0.17275000573135912,61.98675002087839,125.00404199818149,11,1
034120161,53.08437498752028,2.3312080011237413,68.94137500785291,124.35791699681431,11,1,52.39387499750592,0.1590409956406802,46.843415999319404,99.39708397723734,11,1
034120162,49.16754100122489,2.199917013058439,0.0008330098353326321,51.368874992476776,12,0,49.760624999180436,0.17191702499985695,0.0007500057108700275,49.93387497961521,12,0
034120165,53.02662501344457,2.345874992897734,0.0008330098353326321,55.373999988660216,13,0,55.45125002390705,0.17925002612173557,0.000667001586407423,55.63187500229105,13,0
034120170,58.18954098504037,2.6560839905869216,0.0009170034900307655,60.84716698387638,14,0,59.14758300059475,0.17133299843408167,0.0007500057108700275,59.320291999028996,14,0
034120173,65.75620899093337,3.4197499917354435,0.000667001586407423,69.17716600582935,17,0,65.37383398972452,0.22066698875278234,0.00100000761449337,65.59612500132062,17,0
034120174,53.97437498322688,2.3839169880375266,0.0006250047590583563,56.359709007665515,12,0,54.52099998365156,0.1664580195210874,0.0007910130079835653,54.68870801269077,12,0
036310007,53.2640420133248,2.7134999982081354,0.0007080088835209608,55.97870799829252,15,0,53.83395901299082,0.18795797950588167,0.0006250047590583563,54.023000004235655,15,0
036310021,51.96516599971801,2.0384580129757524,0.0006250047590583563,54.004834004445,10,0,52.928833989426494,0.15700000221841037,0.0005840265657752752,53.086915984749794,10,0
036310035,58.47670798539184,3.137334017083049,0.0007920025382190943,61.61537498701364,15,0,58.65812499541789,0.1919170026667416,0.0007500057108700275,58.85129200760275,15,0
036310036,59.38041600165889,3.158749983413145,0.0007500057108700275,62.540416984120384,16,0,59.42025000695139,0.1980419910978526,0.0007920025382190943,59.619625011691824,16,0
036310041,58.01754101412371,3.215083008399233,0.0007909839041531086,61.23387502157129,16,0,59.05233300291002,0.22641601390205324,0.0010420044418424368,59.280167013639584,16,0
036310047,59.552791994065046,3.385541000170633,0.0007500057108700275,62.93970800470561,17,0,59.34483298915438,0.2032080083154142,0.000667001586407423,59.54920800286345,17,0
036310062,63.44383300165646,4.462624987354502,0.0006660120561718941,67.90791699313559,22,0,63.81312498706393,0.2759580092970282,0.0008330098353326321,64.09037500270642,22,0
036310063,53.94341700593941,2.4187499948311597,0.0009170034900307655,56.36370799038559,12,0,52.94841597788036,0.15683297533541918,0.0007500057108700275,53.10645798454061,12,0
036310080,49.835208017611876,2.1096669952385128,0.0007910130079835653,51.946209016023204,12,0,50.360667024506256,0.15991699183359742,0.0007920025382190943,50.52195899770595,12,0
036310097,70.7960000145249,4.9729159800335765,0.000667001586407423,75.77004199265502,20,0,70.72175000212155,0.24383299751207232,0.0007079797796905041,70.96670800819993,20,0
036310098,54.05816700658761,3.3135830017272383,41.483832988888025,98.85662500164472,18,1,54.2484589968808,0.22566699772141874,60.245165979722515,114.7199579863809,18,1
036310100,52.64441599138081,2.576833008788526,0.0006659829523414373,55.22279202705249,13,0,53.17637501866557,0.19354099640622735,0.0006660120561718941,53.371209010947496,13,0
036310110,53.73287497786805,2.982125006383285,0.0007500057108700275,56.716374994721264,17,0,53.49720799131319,0.19758299458771944,0.0006250047590583563,53.69604198494926,17,0
036310116,68.97866699728183,4.606792004778981,91.8079580005724,165.39474998717196,18,2,69.60537499981001,0.2341250074096024,91.70308298780583,161.5432919934392,18,2
036310120,52.311332983663306,2.2684170107822865,0.0007920025382190943,54.58116700174287,13,0,51.413375011179596,0.17116699018515646,0.0007080088835209608,51.58562501310371,13,0
036310134,59.94529198505916,3.1506250088568777,0.00100000761449337,63.09770798543468,15,0,59.80658400221728,0.19862499902956188,0.000667001586407423,60.006292012985796,15,0
036310148,72.26304098730907,6.118082994362339,0.0005830079317092896,78.38212500791997,24,0,75.81479201326147,0.2807919809129089,0.0007500057108700275,76.0967500100378,24,0
036310159,58.534290990792215,3.4007079957518727,64.7076670138631,126.64349999977276,19,1,58.22970898589119,0.22808299399912357,47.08666700753383,105.54525000043213,19,1
036310170,49.84024999430403,1.801500009605661,0.00045797787606716156,51.64270801469684,12,0,49.541750020580366,0.16254201182164252,0.0006660120561718941,49.705542012816295,12,0
036310171,67.76837501092814,3.274749993579462,0.0007079797796905041,71.04437501402572,15,0,67.22250001621433,0.2078340039588511,0.0007499766070395708,67.43166598607786,15,0
050150021,62.06966700847261,3.7216249911580235,0.000667001586407423,65.79245798639022,19,0,62.01491699903272,0.23733297712169588,0.0009170034900307655,62.25383299170062,19,0
050150024,62.66362499445677,4.654083983041346,85.78324998961762,153.1019579852,24,2,61.92566698882729,0.28233398916199803,89.39091701176949,151.59958298318088,24,2
050150028,50.44620801345445,1.5934580005705357,44.00420800084248,96.04454200598411,10,1,50.25274999206886,0.14345798990689218,51.452624989906326,101.84962500352412,10,1
050150041,79.2759160103742,7.636708993231878,135.90641701011918,222.81979201943614,30,3,77.81833299668506,0.38016599137336016,117.73695901501924,195.936709002126,30,3
050150069,44.979416008573025,1.7306249937973917,0.0007089984137564898,46.71133399824612,13,0,44.27029099315405,0.18175001605413854,0.0005829788278788328,44.45300000952557,13,0
050150070,63.76066702068783,3.937166999094188,40.271167003083974,107.97000001184642,18,1,62.90533399442211,0.22466699010692537,41.56858299393207,104.69966701930389,18,1
050150091,63.746958010597154,3.662541013909504,0.0006250047590583563,67.41079202038236,16,0,63.53545800084248,0.22279200493358076,0.0009160139597952366,63.75966701307334,16,0
050150093,68.55466598062776,5.614374997094274,54.173874988919124,128.34391699288972,24,1,68.12504198751412,0.3121670160908252,54.08362500020303,122.52166599500924,24,1
050150108,56.816833006450906,3.4195840125903487,0.0007080088835209608,60.23762500262819,18,0,58.353583997813985,0.21241698414087296,0.0012080126907676458,58.567750005749986,18,0
050150116,94.85958301229402,9.401374991284683,39.53950002323836,143.8014590239618,28,1,99.06720800790936,0.37870899541303515,40.65704098320566,140.10370799223892,28,1
050150125,53.70983300963417,3.0148749938234687,40.12316602165811,96.84887502226047,19,1,53.165750025073066,0.24700001813471317,41.17816599318758,94.59204200538807,19,1
050150129,42.51833300804719,1.779708982212469,0.0008750066626816988,44.29958399850875,13,0,43.103542004246265,0.15100001473911107,0.0006250047590583563,43.255708005744964,13,0
050150142,45.3235839959234,1.9741250143852085,0.0006250047590583563,47.29883300024085,13,0,45.5559580004774,0.1562919933348894,0.000667001586407423,45.71320800459944,13,0
050150145,51.76887501147576,2.7089159993920475,0.0007079797796905041,54.47920900769532,16,0,52.29462499846704,0.18637499306350946,0.0007920025382190943,52.48250000295229,16,0
050150159,42.172292014583945,1.6019169997889549,0.0008749775588512421,43.77562500303611,13,0,42.40375000517815,0.18304199329577386,0.0008750066626816988,42.588000011164695,13,0
050150163,42.8442079864908,1.4073750062379986,42.45366700342856,86.70620899647474,11,1,43.41762501280755,0.13775000115856528,43.22820800007321,86.78433301975019,11,1
050150165,46.397792000789195,2.2069590049795806,59.87675001961179,108.48224998335354,14,1,45.723917020950466,0.1931249862536788,42.126125015784055,88.04399997461587,14,1
050150170,71.38595802825876,4.998916992917657,40.481916978023946,116.86766700586304,20,1,72.15525000356138,0.2611659874673933,40.680082980543375,113.09720799908973,20,1
050150173,59.76224999176338,4.099417012184858,0.0007079797796905041,63.86291698436253,22,0,59.41549999988638,0.2624169865157455,0.0007500057108700275,59.67916699592024,22,0
050150175,42.114000010769814,1.2045420007780194,0.0006250047590583563,43.31974999513477,8,0,41.54770798049867,0.10391700197942555,0.000667001586407423,41.652790998341516,8,0
050170001,46.242083015386015,2.25329099339433,0.0006250047590583563,48.496541014174,15,0,45.880582998506725,0.17049998859874904,0.0006250047590583563,46.0520839842502,15,0
050170002,80.9644999972079,6.636874983087182,42.25554200820625,129.85770899103954,24,1,78.7590830004774,0.3179580089636147,41.76495797582902,120.84308397606947,24,1
050170005,49.77387498365715,2.5862500187940896,39.73962500458583,92.10062498459592,15,1,49.94654099573381,0.18816700321622193,46.258540998678654,96.39387499191798,15,1
050170051,51.58270799438469,2.5092920113820583,0.0007090275175869465,54.093291983008385,14,0,52.74216699763201,0.1940829970408231,0.0009170034900307655,52.93779101339169,14,0
050170092,42.75645801681094,1.541584002552554,0.000667001586407423,44.29925000295043,12,0,43.89679100131616,0.1515829935669899,0.0007499766070395708,44.049749994883314,12,0
050170099,67.96395799028687,3.9322499942500144,0.000833999365568161,71.89770898548886,16,0,67.3684160283301,0.21583298803307116,0.0005830079317092896,67.58520900621079,16,0
050170100,45.30170900397934,1.3793749967589974,0.0007499766070395708,46.6825419862289,7,0,45.74754199711606,0.09995800792239606,0.0007089984137564898,45.84850001265295,7,0
050170101,62.339458003407344,4.3195830076001585,41.31220898125321,107.97204199479893,21,1,62.182624998968095,0.25504102814011276,42.52724998514168,104.96562501066364,21,1
050170102,61.93520801025443,4.206749988952652,0.0008330098353326321,66.14333298057318,21,0,61.77475000731647,0.2506250166334212,0.0006660120561718941,62.02645899611525,21,0
050170113,58.95287499879487,3.556708979886025,0.0005830079317092896,62.51095799962059,16,0,59.5233750063926,0.21999998716637492,0.0005420006345957518,59.74454199895263,16,0
050170117,50.90383399510756,2.5097499892581254,42.38699999405071,95.80137499142438,16,1,50.520165998023,0.19620900275185704,39.460583007894456,90.1779170089867,16,1
050170123,38.5842919931747,1.2822500139009207,0.0006250047590583563,39.86762501881458,10,0,38.04758298792876,0.13299999409355223,0.0007079797796905041,38.18179198424332,10,0
050170129,43.13616701983847,1.42937499913387,0.000667001586407423,44.56679199938662,10,0,43.533667019801214,0.13820899766869843,0.0007910130079835653,43.67333400296047,10,0
050170131,81.30954200169072,8.94395899376832,78.97258299635723,169.22708399943076,31,2,81.76441700197756,0.3815829986706376,85.27445798972622,167.4210839846637,31,2
050170132,78.56712501961738,7.557582983281463,39.370540995150805,125.49620901700109,31,1,79.02858301531523,0.37724999128840864,45.85095899528824,125.25766700855456,31,1
050170136,52.176041004713625,2.1984580089338124,0.000667001586407423,54.37570798676461,12,0,51.554000005126,0.16649998724460602,0.0005839974619448185,51.7214999999851,12,0
050170145,58.48820798564702,3.840542020043358,0.0005829788278788328,62.33012498705648,17,0,58.95754200173542,0.21120798191986978,0.0007080088835209608,59.169832995394245,17,0
050170151,64.10604098346084,4.062207997776568,86.98541700141504,155.15479200985283,18,2,62.61208301293664,0.21700002253055573,90.84374998928979,153.6734169931151,18,2
050170154,61.117750010453165,3.643916978035122,83.12258301884867,147.88500001304783,20,2,61.0357919940725,0.24912500521168113,82.68558300915174,143.97120801731944,20,2
050170165,73.61254101851955,5.1481249975040555,0.0007079797796905041,78.76216701697558,21,0,74.76129202404991,0.26983299176208675,0.0007080088835209608,75.03254199400544,21,0
050290009,57.05699999816716,3.337583999382332,0.0007080088835209608,60.39595897891559,20,0,56.88137499964796,0.22625000565312803,0.0007079797796905041,57.108874985715374,20,0
050290028,63.03279200801626,5.354875000193715,78.63808301044628,147.0267920230981,26,2,63.61908299732022,0.2885830181185156,78.49237500340678,142.40070900996216,26,2
050290038,54.281209013424814,3.8095829950179905,0.0007500057108700275,58.092208026209846,20,0,53.57566598104313,0.23437500931322575,0.0006660120561718941,53.8111669884529,20,0
050290042,48.67570899659768,2.4298339849337935,38.496708002639934,89.60291699622758,16,1,49.3849579943344,0.17833398305810988,56.411666999338195,105.97574998973869,16,1
050290060,58.305959013523534,4.10529098007828,40.363124979194254,102.77529098675586,22,1,59.20270798378624,0.24850000045262277,40.44933299883269,99.90133298560977,22,1
050290062,52.701709006214514,3.2844169763848186,62.94816601439379,118.93512500682846,16,1,53.64195900619961,0.2040830149780959,34.96295798686333,88.80975001375191,16,1
050290068,59.06624998897314,3.537125012371689,0.000500003807246685,62.60437500895932,17,0,57.98441599472426,0.20458298968151212,0.0005830079317092896,58.190374984405935,17,0
050290079,51.37441700208001,2.2272919886745512,0.0007089984137564898,53.60316700534895,13,0,51.34679100592621,0.15545898349955678,0.0009170034900307655,51.5037500008475,13,0
050290087,79.8451250011567,8.140374993672594,94.52975000021979,182.51625000266358,31,2,79.68579200678505,0.4022920038551092,79.01125002535991,159.10008299397305,31,2
050290120,46.54575002496131,2.7279170171823353,82.01904100133106,131.29379201564007,18,2,45.97025000839494,0.2010409953072667,79.2403329978697,125.41262499871664,18,2
050290126,68.4824159834534,4.231124999932945,0.0006250047590583563,72.71479099290445,17,0,67.16783298179507,0.21416699746623635,0.000833999365568161,67.38337498973124,17,0
050290129,53.18608300876804,2.984958002343774,0.0006660120561718941,56.172459007939324,17,0,53.292333002900705,0.20512499031610787,0.0009579816833138466,53.49912500241771,17,0
050290132,61.283209011889994,4.211457999190316,0.0006250047590583563,65.4958329978399,21,0,62.116833025356755,0.2653749834280461,0.0007080088835209608,62.38345900783315,21,0
050290136,44.74737498094328,2.2610410233028233,38.80479198414832,85.81429198966362,18,1,43.79566598800011,0.19616700592450798,44.86941700452007,88.8619170000311,18,1
050290145,59.455832990352064,4.604749992722645,40.06324999500066,104.12470900337212,25,1,59.40295898471959,0.2914580109063536,49.27204200066626,108.96729098749347,25,1
050290149,49.54370798077434,1.8415000231470913,0.0006250047590583563,51.38620900106616,10,0,49.020249978639185,0.14541600830852985,0.000667001586407423,49.167040997417644,10,0
050290156,42.40183299407363,1.1834169854409993,0.0006250047590583563,43.5862920130603,8,0,43.140499998116866,0.11716599692590535,0.0006660120561718941,43.258874997263774,8,0
050290162,49.11737499060109,1.7047080036718398,0.0007920025382190943,50.82370899617672,9,0,49.88058298476972,0.14445901615545154,0.000667001586407423,50.026291981339455,9,0
050290167,58.77350000082515,4.117749980650842,40.38745802245103,103.27950000646524,22,1,58.63825001870282,0.2577499835751951,43.578167009400204,102.47504099970683,22,1
050290174,45.20166601287201,1.3657499803230166,0.0005839974619448185,46.56854199129157,8,0,43.12066701822914,0.12720798258669674,0.00100000761449337,43.24933301541023,8,0
050390001,79.53891597571783,7.8827079851180315,93.20208299322985,180.62483399990015,27,2,79.58824999514036,0.33841701224446297,84.25358298700303,164.18116699787788,27,2
050390011,68.86341600329615,4.582084016874433,41.2905000266619,114.73666699021123,17,1,68.60133400186896,0.24283298989757895,41.43008301616646,110.27483301586471,17,1
050390020,55.22891698637977,2.4525840126443654,63.8802079774905,121.56241701450199,13,1,55.1953750255052,0.1806250074878335,44.60933301015757,99.98620802070946,13,1
050390021,49.326458014547825,2.0882919779978693,40.98266700748354,92.39820900256746,13,1,50.028500001644716,0.1770000089891255,41.060624993406236,91.26700001070276,13,1
050390038,79.32266700663604,6.165958009660244,0.0007079797796905041,85.48999999766238,22,0,77.93404199765064,0.31129198032431304,0.0007500057108700275,78.24658299796283,22,0
050390040,61.860207992140204,4.117542004678398,61.23829199350439,127.21674999920651,20,1,61.756417009746656,0.2582079905550927,51.77016698871739,113.78620800678618,20,1
050390048,62.874166993424296,4.658124991692603,130.07379198097624,197.60737498290837,22,3,69.39479100401513,0.269292009761557,129.30191698251292,198.96666699787602,22,3
050390049,53.48912501358427,3.0759999935980886,0.000833999365568161,56.56666698632762,18,0,53.975290997186676,0.22024998906999826,0.0007089984137564898,54.196666984353215,18,0
050390057,59.70041701220907,3.4317079989705235,81.98037499096245,145.1134580129292,18,2,60.013834008714184,0.23179198615252972,88.70837499853224,148.95483298460022,18,2
050390059,77.08695801557042,5.058457987615839,0.0007500057108700275,82.14679200318642,20,0,76.65929201175459,0.26808297843672335,0.0006659829523414373,76.92858399241231,20,0
050390081,52.013082982739434,2.0840840006712824,0.0008750066626816988,54.09895800403319,11,0,56.432166980812326,0.15533302212134004,0.0006659829523414373,56.58862501149997,11,0
050390084,51.2683340057265,1.7010419978760183,0.0007089984137564898,52.97079202136956,10,0,52.51416700775735,0.1494169991929084,0.0007080088835209608,52.66474999370985,10,0
050390087,73.94958302029409,5.059249990154058,46.81383399292827,125.82370900781825,20,1,73.19783401908353,0.27512499946169555,44.0797500195913,117.55354201886803,20,1
050390090,54.18737500440329,3.2559579994995147,40.75354101951234,98.19787499145605,16,1,53.598082973621786,0.20587502513080835,39.76279200287536,93.56745798140764,16,1
050390092,46.175875002518296,1.727291994029656,0.0005410111043602228,47.9041250073351,11,0,44.948041992029175,0.14770799316465855,0.0007080088835209608,45.09687499376014,11,0
050390097,51.196041982620955,2.1853749931324273,0.0008749775588512421,53.38279198622331,9,0,52.60104199987836,0.13083298108540475,0.0007079797796905041,52.733165997779,9,0
050390114,51.57074998714961,1.9190000020898879,58.18237498169765,111.67308400035836,11,1,52.530417015077546,0.17300000763498247,43.67995899519883,96.38412500498816,11,1
050390129,70.05391700658947,4.035749996546656,77.94774998910725,152.0386670017615,16,1,69.52041600015946,0.23899998632259667,54.70662500010803,124.46708299103193,16,1
050390130,51.731582992943004,2.144875004887581,0.0006250047590583563,53.87795899878256,13,0,51.60108397831209,0.17587500042282045,0.0006250047590583563,51.77799999364652,13,0
050390175,59.72870800178498,3.514958021696657,48.76987499301322,112.01425001490861,17,1,59.39087501610629,0.19950000569224358,41.583499987609684,101.17458298918791,17,1
050720001,53.37870799121447,2.4891670036595315,40.13008301262744,95.99887498188764,14,1,52.8576249780599,0.1785420172382146,41.07287499937229,94.10966699942946,14,1
050720003,44.035541999619454,2.139916003216058,0.0007500057108700275,46.17691700696014,12,0,45.332334004342556,0.16695799422450364,0.0008749775588512421,45.5007920099888,12,0
050720006,90.04099998855963,8.092875010333955,0.0007080088835209608,98.13516700523905,24,0,91.21787501499057,0.34295901423320174,0.000667001586407423,91.56183298910037,24,0
050720017,63.22804099181667,3.445083013502881,66.47654200787656,133.15037498250604,17,1,62.43933300720528,0.2067500026896596,50.86020799353719,113.50720899645239,17,1
050720025,48.18512502242811,1.3557080237660557,0.0007499766070395708,49.54220799845643,9,0,50.374292011838406,0.13537498307414353,0.0005830079317092896,50.510625005699694,9,0
050720040,57.64941597590223,2.1690000139642507,44.33000000426546,104.1494170203805,13,1,50.44150000321679,0.20237499848008156,55.69458400714211,106.33954202057794,13,1
050720045,59.73516602534801,4.160791984759271,0.0006660120561718941,63.897208019625396,19,0,59.849082987057045,0.24550000671297312,0.0007499766070395708,60.09595902287401,19,0
050720063,60.537499986821786,4.040125000756234,0.000667001586407423,64.57891699392349,20,0,60.760874999687076,0.2408339933026582,0.0008749775588512421,61.003167007584125,20,0
050720072,59.07304197899066,3.7334170192480087,83.20399999502115,146.01129200309515,18,2,60.1129170099739,0.25683300918899477,85.09141599643044,145.46195798902772,18,2
050720076,79.70108301378787,7.90595798753202,106.67258402099833,194.28083300590515,29,2,81.13375000539236,0.37287501618266106,91.73691700561903,173.24437497882172,29,2
050720078,64.80495902360417,5.284874991048127,83.54945798055269,153.6400409822818,24,2,64.05425001867115,0.29712499235756695,89.83174999593757,154.18400001362897,24,2
050720079,62.37162501201965,4.92200002190657,41.1580829822924,108.45241698552854,22,1,62.59341700933874,0.28187502175569534,41.21070800465532,104.08687498420477,22,1
050720102,55.75025000143796,2.9985419823788106,0.0008330098353326321,58.75045899301767,14,0,59.15012501645833,0.18133400590159,0.0005420006345957518,59.332417004043236,14,0
050720124,78.68737500393763,7.674624997889623,99.4062919926364,185.76933300937526,30,2,85.54804199957289,0.36845801514573395,92.1688329835888,178.0862919986248,30,2
050720126,51.738709007622674,2.099915989674628,44.13683302118443,97.97633299604058,13,1,52.216999989468604,0.17204100731760263,49.668457999359816,102.05833398504183,13,1
050720136,46.57083298661746,1.8093750113621354,0.0007500057108700275,48.38154200115241,11,0,45.80987500958145,0.1427080132998526,0.000667001586407423,45.95370899187401,11,0
050720138,52.238291973480955,2.7822090196423233,100.31554201850668,155.33687500283122,17,2,53.174750006292015,0.21470797946676612,82.83520801342092,136.22558399219997,17,2
050720150,58.79437498515472,3.1667500152252614,0.0008329807315021753,61.962790990946814,16,0,58.60454199137166,0.19820898887701333,0.0008330098353326321,58.80429199896753,16,0
050720158,69.54816699726507,5.3783750045113266,0.0007500057108700275,74.92791701224633,23,0,69.71770801465027,0.2720000047702342,0.0006250047590583563,69.99079199158587,23,0
050720175,79.04433397925459,6.355042016366497,0.000667001586407423,85.40058298967779,24,0,79.15520801907405,0.3160419873893261,0.0005839974619448185,79.47241701185703,24,0
052200004,67.63875001342967,4.511250008363277,0.0007920025382190943,72.1513330063317,21,0,68.1698749831412,0.24391702027060091,0.00037500285543501377,68.4146249841433,21,0
052200008,62.742667010752484,3.0404580174945295,0.0006250047590583563,65.78425000770949,13,0,63.42758401297033,0.2027080045081675,0.0004580069798976183,63.63120800233446,13,0
052200020,76.95916699594818,4.671999980928376,43.022166995797306,124.65441698441282,17,1,72.62250001076609,0.23716699797660112,44.90066698053852,117.76112500228919,17,1
052200044,79.68966697808355,5.617250018985942,43.02929199184291,128.33683399367146,18,1,79.2009590077214,0.2615420089568943,42.71824998431839,122.1815409953706,18,1
052200050,100.86899998714216,9.806292015127838,103.06879098061472,213.7451669841539,26,2,101.1897079879418,0.4287920019123703,109.75995799526572,211.37933299178258,26,2
052200064,45.647667022421956,1.5070830122567713,0.0007080088835209608,47.15587498503737,8,0,45.49808302544989,0.12937502469867468,0.0005409820005297661,45.62841702136211,8,0
052200066,43.03216701373458,1.8650839920155704,42.26920800283551,87.16712502064183,14,1,44.06770798959769,0.16799999866634607,40.27754199341871,84.51379198231734,14,1
052200076,61.1075840133708,2.7242499927524477,57.26425000466406,121.09716597478837,11,1,61.550832993816584,0.15383301069959998,41.728499985765666,103.43408299377188,11,1
052200089,43.41199999907985,1.4023749972693622,0.000833999365568161,44.816042005550116,9,0,43.59974997350946,0.11779199121519923,0.0007909839041531086,43.71908400207758,9,0
052200092,59.775292000267655,2.8630000015255064,50.54587501217611,113.18499999470077,13,1,58.52287498419173,0.20133299403823912,45.993082982022315,104.71808398142457,13,1
052200094,47.47279200819321,1.7930000030901283,0.0004580069798976183,49.266874993918464,12,0,47.13379198801704,0.16412499826401472,0.0007089984137564898,47.29916699579917,12,0
052200095,53.77224998665042,2.749583014519885,0.0007499766070395708,56.5232919761911,13,0,56.54562500421889,0.16783399041742086,0.0007499766070395708,56.71475001145154,13,0
052200101,63.660999992862344,2.9482079844456166,0.0005839974619448185,66.61050001275726,13,0,65.05137498606928,0.18395797815173864,0.0006660120561718941,65.23633300093934,13,0
052200110,61.48095801472664,3.3805839775595814,55.5660420213826,120.42858399217948,17,1,61.13541600643657,0.2115420065820217,47.10674998932518,108.45458300900646,17,1
052200142,91.82554201106541,7.907999999588355,135.0667089864146,234.8012499860488,22,3,88.05195798049681,0.33141698804683983,122.45445797452703,210.8385830069892,22,3
052200150,83.80995801417157,5.9288329794071615,30.765875009819865,120.50570899737068,21,1,81.8286249996163,0.28462501359172165,49.140040995553136,131.2539589998778,21,1
052200152,83.55662497342564,5.85245800903067,42.75125000276603,132.161375018768,18,1,82.2424580110237,0.25941699277609587,46.61754201515578,129.12020800285973,18,1
052200155,71.25450001331046,4.9794169899541885,0.0009580107871443033,76.23595799668692,22,0,70.77183297951706,0.2732499851845205,0.0007500057108700275,71.04641699697822,22,0
052200162,59.0668749937322,2.931875002104789,0.0007089984137564898,62.00029200408608,15,0,54.966791998595,0.17812501755543053,0.0005839974619448185,55.14612499973737,15,0
052200168,70.97212498774752,4.621583997504786,0.000667001586407423,75.59504199889489,18,0,71.15416598389857,0.2862499968614429,0.0006250047590583563,71.44150001113303,18,0
054060017,55.62866700347513,2.5633330224081874,67.8943750099279,126.0874169820454,13,1,53.80908300867304,0.17370798741467297,49.77387501276098,103.75737500726245,13,1
054060036,84.22962500480935,8.999082987429574,43.21575001813471,136.44549998571165,29,1,84.99104200745933,0.38204199518077075,39.258165983483195,124.63216698961332,29,1
054060044,72.70766701549292,5.160332977538928,0.0007499766070395708,77.86950000445358,20,0,72.19183299457654,0.28829099028371274,0.0007909839041531086,72.48141698073596,20,0
054060049,52.622207993408665,1.9495830056257546,0.0007500057108700275,54.57320899586193,11,0,50.03495799610391,0.15479198191314936,0.0007080088835209608,50.19112498848699,11,0
054060064,81.13137501641177,6.227749981917441,0.000667001586407423,87.36054098699242,22,0,81.78462498472072,0.299000006634742,0.000833999365568161,82.08508402458392,22,0
054060076,78.40270802262239,6.711207999614999,46.831624989863485,131.94641601876356,25,1,79.52020899392664,0.3093330014962703,44.7105829953216,124.5409160037525,25,1
054060077,55.615541990846395,2.1330000017769635,0.0007089984137564898,57.74999997811392,12,0,55.355874996166676,0.2105839957948774,0.0008750066626816988,55.56808301480487,12,0
054060091,56.589209008961916,2.6656659902073443,0.0007089984137564898,59.25625000963919,14,0,56.04345799656585,0.17458401271142066,0.0008749775588512421,56.21945799794048,14,0
054060099,82.20708300359547,8.092167001450434,0.000667001586407423,90.30058298958465,29,0,82.74500002153218,0.3795000084210187,0.0007080088835209608,83.12558298348449,29,0
054060104,64.90429199766368,3.243874991312623,0.0009590003173798323,68.14962500357069,14,0,65.30570800532587,0.22033401182852685,0.001208973117172718,65.52779200137593,14,0
054060113,47.88291599834338,1.6296670073643327,0.0007910130079835653,49.51404200983234,10,0,46.74345799139701,0.14812499284744263,0.0008750066626816988,46.892916987417266,10,0
054060116,55.53308399976231,2.241374982986599,74.9376250023488,132.71308300318196,13,1,52.32258400064893,0.15645800158381462,44.915667007444426,97.39545799675398,13,1
054060119,51.22587500954978,1.6909170080907643,0.000667001586407423,52.91816600947641,9,0,51.78883398184553,0.14899999951012433,0.0007920025382190943,51.93929100641981,9,0
054060126,71.80562501889654,5.227040994213894,42.81770798843354,119.85116600408219,21,1,74.15749999927357,0.27995900018140674,42.44420799659565,116.88262497773394,21,1
054060139,81.99829098884948,7.320000004256144,0.0005420006345957518,89.31937499437481,25,0,83.30941598978825,0.3617919865064323,0.00100000761449337,83.67279099184088,25,0
054060147,75.54945797892287,6.955500022741035,41.23125001206063,123.73699998715892,29,1,76.69495898880996,0.34141598735004663,41.320666001411155,118.35804200381972,29,1
054060149,82.14312500786036,7.382792013231665,112.92158300057054,202.44833300239407,27,2,82.88266698946245,0.36758300848305225,91.84275000006892,175.09366699960083,27,2
054060153,52.95558299985714,2.2484170040115714,39.38183299032971,94.5867919945158,12,1,52.64070798875764,0.15920799341984093,39.00012499070726,91.80087500135414,12,1
054060172,58.24066698551178,2.631500014103949,0.0007500057108700275,60.87358298827894,13,0,57.46712500695139,0.17720801406539977,0.0007499766070395708,57.645458000479266,13,0
054060173,79.74870799807832,6.201291980687529,71.74300000770018,157.6938749931287,23,1,78.80833302624524,0.3049170190934092,45.43820899561979,124.55216702073812,23,1
054280012,61.88974998076446,3.321041993331164,40.347375004785135,105.55933299474418,17,1,60.822583007393405,0.21779199596494436,38.66620798362419,99.70737498952076,17,1
054280018,45.81912502180785,1.5396250237245113,0.0006659829523414373,47.36016699462198,9,0,46.11866598133929,0.1365420175716281,0.000667001586407423,46.25637497520074,9,0
054280021,46.634792000986636,1.336790999630466,0.0005830079317092896,47.972959000617266,8,0,46.308290999149904,0.13070899876765907,0.0007080088835209608,46.44049998023547,8,0
054280023,62.37266698735766,3.940916998544708,40.21025000838563,106.52470801142044,20,1,62.207458016928285,0.24500000290572643,39.73512499942444,102.18829201767221,20,1
054280024,52.2417499742005,2.912290976382792,0.0007089984137564898,55.15520798508078,18,0,52.923584007658064,0.22191600874066353,0.0008750066626816988,53.14704100601375,18,0
054280030,57.83100001281127,2.3846249969210476,42.9815000097733,103.19804100436158,12,1,54.27337498986162,0.16604200936853886,43.2561670022551,97.69654099363834,12,1
054280040,87.40729099372402,7.180624990724027,0.0007920025382190943,94.5895409968216,24,0,79.67620799900033,0.3207499976269901,0.0007500057108700275,79.99812500202097,24,0
054280042,68.58291602111422,4.194584005745128,65.82941699889489,138.60816700616851,18,1,68.58870800351724,0.2415830094832927,44.43766697659157,113.26866698800586,18,1
054280049,59.743499994510785,2.696041017770767,49.13316699094139,111.57404101686552,14,1,59.59962500492111,0.19620900275185704,47.648041014326736,107.44466699543409,14,1
054280053,54.3530420109164,2.3188339837361127,0.0007080088835209608,56.67308400734328,12,0,53.44679197878577,0.1687500043772161,0.0007920025382190943,53.616958000930026,12,0
054280057,82.71666601649486,6.852582999272272,0.0006660120561718941,89.57058400847018,21,0,84.78641702095047,0.2847500145435333,0.000667001586407423,85.07220901083201,21,0
054280062,96.06183299911208,10.50733300508,0.000667001586407423,106.57029200228862,31,0,95.72099999058992,0.42195801506750286,0.0007910130079835653,96.14416700787842,31,0
054280078,59.19333401834592,3.795750002609566,0.0007080088835209608,62.99033298273571,16,0,58.9469579863362,0.2093750226777047,0.0007920025382190943,59.157665993552655,16,0
054280109,59.19908301439136,3.556875017238781,0.0007910130079835653,62.7575000107754,18,0,59.230207989457995,0.2132499939762056,0.0005410111043602228,59.44433400873095,18,0
054280118,63.78670799313113,4.801083006896079,42.66433301381767,111.25279200496152,23,1,64.95416598045267,0.293583027087152,41.4805409964174,106.7289580241777,23,1
054280125,44.454916001996025,1.270458014914766,0.0006250047590583563,45.726582990027964,9,0,44.72562498995103,0.14291700790636241,0.000667001586407423,44.86987501149997,9,0
054280128,53.27691600541584,2.5960000057239085,41.04804201051593,96.92233300302178,15,1,53.527125011896715,0.19291698117740452,40.52658300497569,94.24725000280887,15,1
054280146,52.87633399711922,1.6217910160776228,0.0005829788278788328,54.499292018590495,9,0,51.30487499991432,0.18616599845699966,0.0009579816833138466,51.49258402525447,9,0
054280148,54.712959012249485,3.065750002861023,40.61024999828078,98.38983402005397,17,1,54.56679197959602,0.21495900000445545,39.91658298764378,94.69908298342489,17,1
054280175,52.58329102071002,2.0820419886149466,0.0006250047590583563,54.66645900742151,12,0,53.257708001183346,0.18208299297839403,0.0007920025382190943,53.44124999828637,12,0
054320015,51.40900000697002,1.8523750186432153,67.24604198825546,120.50841699237935,11,1,52.1180419891607,0.15779098612256348,42.07812499953434,94.35470899916254,11,1
054320019,53.652375005185604,2.248041972052306,0.0005830079317092896,55.90170799405314,9,0,58.49349999334663,0.14120899140834808,0.0007500057108700275,58.63591699744575,9,0
054320020,58.8036670233123,3.385292016901076,42.55537499557249,104.74520799471065,17,1,62.76120900292881,0.211750011658296,42.406166990986094,105.37987499265,17,1
054320024,81.06708401464857,8.565791009459645,42.291499994462356,131.92524999612942,30,1,81.43300001393072,0.375000003259629,44.50741698383354,126.31620900356211,30,1
054320037,72.83745898166671,4.59670799318701,0.0007499766070395708,77.43570799357258,15,0,70.39983299910091,0.21224998636171222,0.0005420006345957518,70.61320799402893,15,0
054320041,53.92925001797266,3.502583975205198,0.000667001586407423,57.43287500808947,21,0,54.00662502506748,0.24700001813471317,0.0009170034900307655,54.25512499641627,21,0
054320058,62.119417008943856,4.659415979404002,0.000459025613963604,66.77991698961705,21,0,61.103915999410674,0.2314580196980387,0.0006249756552278996,61.33633299032226,21,0
054320061,77.5188330153469,4.704833001596853,49.43429201375693,131.6586670000106,19,1,77.09441700717434,0.2381670055910945,41.95183399133384,119.2852079984732,19,1
054320067,52.508332999423146,2.048041991656646,41.63504100870341,96.1926250020042,12,1,52.849166007945314,0.17283399938605726,40.20141699584201,93.22420798707753,12,1
054320073,52.51316598150879,1.7759580223355442,0.0006250047590583563,54.290292027872056,10,0,51.8362500006333,0.15291600720956922,0.0005409820005297661,51.99037501006387,10,0
054320076,58.80745901959017,2.9235420224722475,0.0007499766070395708,61.73245797981508,15,0,59.12416698993184,0.203792005777359,0.0006250047590583563,59.32904200744815,15,0
054320080,62.425042007816955,4.332707991125062,41.24158399645239,108.00033298437484,23,1,61.02774999453686,0.2593330282252282,38.31033402821049,99.5982919994276,23,1
054320092,54.59087499184534,2.6358749892096967,0.0007500057108700275,57.22829099977389,15,0,53.60133299836889,0.18266699044033885,0.0007500057108700275,53.785374999279156,15,0
054320099,83.09412500238977,8.863249997375533,88.08566600782797,180.04366700188257,31,2,82.58629200281575,0.39566701161675155,87.69570800359361,170.67862499970943,31,2
054320100,70.97224998869933,4.985458013834432,0.0006659829523414373,75.95966599183157,22,0,69.05483300215565,0.2821669913828373,0.0011659867595881224,69.33891700464301,22,0
054320118,77.79991699499078,7.184166985098273,121.6943750041537,206.67929199407808,29,3,84.70962499268353,0.35379198379814625,114.75712500396185,199.82141599757597,29,3
054320129,98.26025000074878,9.5891670207493,0.000667001586407423,107.85099997883663,24,0,97.58637499180622,0.3343749849591404,0.0006659829523414373,97.92200001538731,24,0
054320136,61.59725002362393,3.5917919885832816,0.0009170034900307655,65.19062499864958,17,0,61.60641700262204,0.21674999152310193,0.0007910130079835653,61.824666016036645,17,0
054320140,69.16099999216385,4.32141701458022,41.87441698741168,115.35750000621192,16,1,69.7850419965107,0.22045799414627254,44.456583011196926,114.46279101073742,16,1
054320149,78.07004201458767,7.328499981667846,82.3104580049403,167.7100000088103,29,2,77.48079200973734,0.3520839964039624,81.7955419770442,159.6293750044424,29,2
055470005,70.32400000025518,3.9012919878587127,0.0007500057108700275,74.22662500175647,17,0,68.87737498618662,0.2307920076418668,0.0008750066626816988,69.10962500842288,17,0
055470009,44.658124999841675,1.5162089839577675,0.0007080088835209608,46.175750001566485,10,0,45.079250005073845,0.12924999464303255,0.0006660120561718941,45.209583011455834,10,0
055470040,184.8871669790242,15.71920799324289,56.707332987571135,257.31458398513496,25,1,158.28879200853407,0.5087089957669377,61.460541997803375,220.25879099965096,25,1
055470046,99.7228340129368,7.557916978839785,125.52370800403878,232.8054170066025,21,2,98.99454098194838,0.3391250211279839,118.70274998364039,218.03708298830315,21,2
055470047,78.47512498847209,5.2502090111374855,0.0008750066626816988,83.7269589828793,20,0,77.35049998154864,0.2716250019147992,0.0007500057108700275,77.62337499298155,20,0
055470080,89.65033301501535,7.873958005802706,0.0005830079317092896,97.52525002113543,24,0,88.03854099824093,0.3512919938657433,0.0008330098353326321,88.39124999940395,24,0
055470082,115.03366701072082,8.390000002691522,44.093042000895366,167.5174169940874,19,1,110.06724997423589,0.33812501351349056,53.51895801140927,163.92508300486952,19,1
055470088,130.91387500753626,9.347582992631942,49.78216701420024,190.04450002103113,15,1,134.1647910012398,0.3177920007146895,60.72045798646286,195.20399998873472,15,1
055470104,144.51008298783563,13.363957987166941,0.0005840265657752752,157.8754999791272,18,0,144.35225000488572,0.3688329888973385,0.0007920025382190943,144.72241699695587,18,0
055470105,61.560875008581206,3.1270000035874546,82.60170798166655,147.2905830014497,15,2,62.12570800562389,0.22412501857616007,93.13224998186342,155.48283298267052,15,2
055470120,107.6256659871433,7.865042018238455,43.11320901615545,158.6054170038551,17,1,106.42345799715258,0.33370801247656345,50.55391599307768,157.31195799889974,17,1
055470122,115.34525000024587,8.35062499390915,0.0007499766070395708,123.69745800970122,17,0,115.3078329807613,0.32225000904873013,0.000667001586407423,115.63149999710731,17,0
055470126,81.53304201550782,5.364500015275553,0.0005830079317092896,86.8986250134185,18,0,82.98837501206435,0.2775000175461173,0.0009590003173798323,83.2674169796519,18,0
055470129,62.64258298324421,2.647916990099475,0.0008330098353326321,65.29208301799372,13,0,63.22070799069479,0.1926660188473761,0.0006659829523414373,63.41479200636968,13,0
055470131,58.47512499894947,2.2282499994616956,0.0007500057108700275,60.705000010784715,11,0,56.167000002460554,0.170832994626835,0.000500003807246685,56.33875000057742,11,0
055470141,115.08566699922085,8.408166992012411,39.67150000971742,163.16612501395866,19,1,114.28475001594052,0.3318339877296239,48.47124998923391,163.0888330109883,19,1
055470152,186.15887500345707,11.944708006922156,0.0007920025382190943,198.105209012283,14,0,175.71895799483173,0.32608298351988196,0.0006249756552278996,176.04637498152442,14,0
055470170,79.03616700787097,4.001541994512081,67.03766598366201,150.07637499365956,14,1,80.65200000419281,0.21425000159069896,47.98145798849873,128.84845898952335,14,1
055470172,82.20850001089275,4.073749994859099,0.0007500057108700275,86.28374998806976,14,0,80.93687499058433,0.2127910265699029,0.0008329807315021753,81.1508749902714,14,0
055470175,49.89341599866748,2.1305420086719096,46.07991699595004,98.10450000804849,13,1,50.37920898757875,0.17329200636595488,45.47954199369997,96.03262500604615,13,1
060670002,62.684667005669326,5.065125005785376,40.12733398121782,107.87812501075678,25,1,62.6355410204269,0.33816599170677364,39.517083001555875,102.49170800670981,25,1
060670003,64.88720799097791,4.978167009539902,55.22345801000483,125.08958301623352,23,1,64.92754200007766,0.3044579934794456,56.67583300964907,121.90870800986886,23,1
060670017,77.99066699226387,7.262958999490365,123.64758297917433,208.90224998584017,29,3,77.47395802289248,0.3797499812208116,124.1918750165496,202.0464590168558,29,3
060670029,62.5208750134334,3.7103749928064644,0.0006250047590583563,66.23250001575798,14,0,62.963625008706,0.19787499331869185,0.0009579816833138466,63.16308400710113,14,0
060670035,77.31695802067406,6.532291998155415,62.59133300045505,146.4415829977952,22,1,77.90720800403506,0.32158399699255824,39.13079199264757,117.36020800890401,22,1
060670036,53.19054197752848,2.8012910042889416,0.0008330098353326321,55.993500020122156,15,0,53.21108299540356,0.18775000353343785,0.0006659829523414373,53.39987500337884,15,0
060670038,68.34258398157544,4.931750008836389,100.72820901405066,174.00358300074004,23,2,68.1826249929145,0.27983300969935954,82.98033301252872,151.44354201038368,23,2
060670041,51.78212499595247,2.249124983791262,58.5872920055408,112.61949999607168,15,1,51.59529100637883,0.20854201284237206,53.65954097942449,105.4644170217216,15,1
060670044,71.17224999819882,6.104125001002103,97.1869999775663,174.4643339770846,24,2,72.23479199456051,0.2907919988501817,84.15258300374262,156.67887500603683,24,2
060670049,63.399417005712166,3.7945829972159117,45.38645801949315,112.58154100505635,17,1,62.907624989748,0.21866700262762606,43.31375000765547,106.44116697949357,17,1
060670060,63.54000000283122,5.087458004709333,80.99745801882818,149.6258749975823,22,2,63.30816599074751,0.26170798810198903,82.46545799192972,146.03574998909608,22,2
060670062,52.982249995693564,2.471083018463105,109.65816699899733,165.11216602521017,15,2,54.1344579833094,0.19500000053085387,86.7636670009233,141.09412499237806,15,2
060670072,63.17008301266469,4.11000000895001,90.42795799905434,157.70895898458548,20,2,63.361625012476,0.2548749907873571,95.78912501456216,159.40649999538437,20,2
060670075,59.847791999345645,4.015957994852215,42.413834016770124,106.27908297465183,20,1,60.672499996144325,0.23991597117856145,41.317124996567145,102.23041701829061,20,1
060670080,73.84795800317079,6.636540987528861,40.57662500417791,121.06208299519494,27,1,72.16662500286475,0.3384999872650951,40.170708001824096,112.67641599988565,27,1
060670094,77.96512497588992,6.82837501517497,42.51366699463688,127.30791702051647,29,1,76.89291701535694,0.37325001903809607,46.347708004759625,123.6147090094164,29,1
060670111,71.41416598460637,4.642875021090731,0.0012080126907676458,76.05895801680163,19,0,71.13204200868495,0.2607500064186752,0.0011250085663050413,71.39458300662227,19,0
060670140,53.142082993872464,2.758458023890853,0.0007079797796905041,55.901915999129415,16,0,52.89391698897816,0.20320899784564972,0.0005839974619448185,53.09841700363904,16,0
060670144,64.58783298148774,4.657625016989186,0.000500003807246685,69.24645800609142,22,0,63.188458007061854,0.2642920007929206,0.0007080088835209608,63.45395799144171,22,0
060670149,44.3684580095578,1.5094999980647117,0.0005840265657752752,45.879124983912334,10,0,45.157625019783154,0.12866599718108773,0.0005420006345957518,45.28716701315716,10,0
060990011,45.58012500638142,1.7661669990047812,0.0007089984137564898,47.34745802124962,11,0,45.04941598861478,0.1265419996343553,0.000500003807246685,45.176791987614706,11,0
060990014,71.53495799866505,3.7287909945007414,0.00045797787606716156,75.26470799348317,14,0,71.04383400292136,0.17920800019055605,0.0005410111043602228,71.22412498574704,14,0
060990023,52.728959009982646,2.3566249874420464,0.0007080088835209608,55.086958018364385,14,0,52.76566700194962,0.171209016116336,0.0006250047590583563,52.93787500704639,14,0
060990029,83.34541699150577,7.545250002294779,83.38429100695066,174.27608399884775,27,2,82.09920799708925,0.3442910092417151,95.5066249880474,177.9509159969166,27,2
060990030,59.85849999706261,3.4542499925009906,0.0008750066626816988,63.31425000098534,18,0,59.090000024298206,0.2309159899596125,0.000667001586407423,59.32220901013352,18,0
060990034,78.57729098759592,5.907583021325991,0.0007079797796905041,84.48645798489451,20,0,79.39329199143685,0.2621669846121222,0.0007500057108700275,79.65670901467092,20,0
060990035,51.521416986361146,2.412125002592802,0.0007910130079835653,53.934958996251225,14,0,51.89000000245869,0.20287500228732824,0.0010420044418424368,52.09437498706393,14,0
060990039,53.272916993591934,2.281916997162625,39.706415991531685,95.26212498894893,13,1,52.55904101068154,0.167582998983562,41.57454101368785,94.30191700812429,13,1
060990059,79.6784579870291,8.03420800366439,82.7186249953229,170.4322909936309,27,2,79.39833297859877,0.3582920180633664,88.36570798303,168.12287498032674,27,2
060990078,63.87529199128039,4.601499997079372,0.0007500057108700275,68.47820899565704,17,0,63.87137499405071,0.2304170047864318,0.0007920025382190943,64.10312498337589,17,0
060990083,62.70199999562465,3.7815420073457062,49.661625002045184,116.14600001485087,19,1,61.923750006826594,0.2423339756205678,43.29908301588148,105.46620900277048,19,1
060990089,51.759583002422005,2.5605830014683306,0.0007080088835209608,54.32158301118761,15,0,52.251042012358084,0.1924170064739883,0.0006659829523414373,52.44462497648783,15,0
060990093,61.71633300255053,3.218541998649016,0.0007089984137564898,64.93625001166947,16,0,61.99799999012612,0.2010420139413327,0.005207984941080213,62.204624991863966,16,0
060990117,72.29312500567175,5.343791010091081,0.0007500057108700275,77.63824998983182,21,0,71.29875000100583,0.2681660116650164,0.0006250047590583563,71.56804201076739,21,0
060990121,70.99491599365138,5.084792006528005,0.0007920025382190943,76.08095899922773,17,0,70.67641598405316,0.2346250112168491,0.0004580069798976183,70.91204199241474,17,0
060990124,58.66529201739468,3.0518340063281357,0.000500003807246685,61.71816700953059,16,0,58.84020801750012,0.18874998204410076,0.0006250047590583563,59.03004200081341,16,0
060990129,67.38525000400841,4.471374995773658,39.554791001137346,111.41208399203606,21,1,68.150582985254,0.29258301947265863,38.34579198155552,106.7897499888204,21,1
060990155,81.80858299601823,5.4985420138109475,0.0006659829523414373,87.30845799436793,16,0,82.61604199651629,0.23400000645779073,0.0008750066626816988,82.85149998846464,16,0
060990168,63.33895798888989,4.018000006908551,0.0007500057108700275,67.3583339957986,18,0,63.00541598466225,0.2341250074096024,0.0007500057108700275,63.24083299841732,18,0
060990175,72.12216701009311,5.590415996266529,85.73058299953118,163.44391700113192,23,2,72.08212499972433,0.31470798421651125,96.46566701121628,168.8633750018198,23,2
069020020,97.50437497859821,6.9017909991089255,66.45466599729843,170.86187499808148,16,1,100.09600000921637,0.2785830001812428,44.377417012583464,144.75270797265694,16,1
069020024,90.61849999125116,5.5557079904247075,0.0007089984137564898,96.17554099531844,17,0,90.14491600100882,0.2547499898355454,0.000833999365568161,90.40129199274816,17,0
069020037,80.7245000032708,4.230374994222075,0.0005830079317092896,84.956125007011,11,0,77.91137500316836,0.17666598432697356,0.0007500057108700275,78.08929198654369,11,0
069020044,121.4851249824278,12.567375000799075,42.06029200577177,176.11358399153687,23,1,121.3355420040898,0.43575000017881393,43.17170797730796,164.94383398094214,23,1
069020048,73.07858398417011,3.5857500042766333,0.0006660120561718941,76.66570800938644,12,0,71.49016699986532,0.19270798657089472,0.000500003807246685,71.68399999500252,12,0
069020059,71.88841700553894,3.767666989006102,29.53612498822622,105.1931669935584,17,1,67.31345801381394,0.2233749837614596,32.580833008978516,100.11845800909214,17,1
069020065,83.70829201885499,6.218541995622218,87.83883301657625,177.76670900639147,20,2,83.44495799974538,0.2901249972637743,65.7417080074083,149.4773750018794,20,2
069020075,63.49970799055882,3.547958011040464,0.0008329807315021753,67.0492089993786,16,0,64.6449160121847,0.22395799169316888,0.0007910130079835653,64.87041700165719,16,0
069020090,106.3715000054799,11.395125009585172,0.0005420006345957518,117.76766699040309,26,0,107.78900000150315,0.43254200136289,0.0007500057108700275,108.22304099565372,26,0
069020091,115.07933400571346,9.114832995692268,109.94575000950135,234.14058299385943,18,2,116.50566701428033,0.3325830039102584,110.6075829884503,227.4467499810271,18,2
069020096,106.24275001464412,11.411083018174395,106.09399998793378,223.7488749960903,26,2,107.10895800730214,0.4208750033285469,95.44320797431283,202.97370798652992,26,2
069020103,91.51762499823235,7.303624995984137,53.756666980916634,152.578666980844,19,1,91.9110830000136,0.29837500187568367,32.66779097612016,124.8781250033062,19,1
069020114,101.03195800911635,8.158040989656001,0.000667001586407423,109.19145800289698,22,0,101.05579200899228,0.3487089998088777,0.0007500057108700275,101.40574999968521,22,0
069020123,78.06233299197629,2.8839170117862523,0.0006249756552278996,80.94762501423247,10,0,75.57812501909211,0.1686659816186875,0.0007500057108700275,75.74816700071096,10,0
069020143,82.19791599549353,4.713624977739528,0.0007920025382190943,86.91300000646152,13,0,82.08620798541233,0.20570799824781716,0.0007080088835209608,82.29316701181233,13,0
069020155,105.68162499112077,6.449250009609386,79.72641699598171,191.85854200622998,16,1,96.86925000278279,0.282000022707507,42.64649999095127,139.79866600129753,16,1
069020163,86.28562500234693,4.621791013050824,0.0006660120561718941,90.90874998946674,13,0,86.77108300616965,0.19758299458771944,0.0007500057108700275,86.97004200075753,13,0
069020168,89.04024999355897,5.13637499534525,41.473541990853846,135.6508749886416,16,1,93.41358399251476,0.25441599427722394,49.621834012214094,143.2907079870347,16,1
069020175,100.83262500120327,4.976542026270181,0.0007919734343886375,105.81062498386018,13,0,102.19475001213141,0.23291699471883476,0.0005829788278788328,102.42870799265802,13,0
080630011,58.908707986120135,3.57858301140368,44.60420898976736,107.09220898570493,18,1,58.297709008911625,0.22799998987466097,47.66312500578351,106.18950001662597,18,1
080630014,50.835417001508176,2.6971249899361283,40.32979201292619,93.86320799239911,16,1,51.249749987619,0.18570799147710204,45.75045799720101,97.18691700254567,16,1
080630019,49.033708026399836,1.8780420068651438,41.908665996743366,92.82154199900106,13,1,45.71733300690539,0.17124999430961907,43.606291990727186,89.4960000005085,13,1
080630030,56.00749998120591,2.3700830060988665,0.0007080088835209608,58.37908398825675,14,0,55.693707981845364,0.18154102144762874,0.0006660120561718941,55.87641699821688,14,0
080630038,56.47329200292006,3.153333003865555,0.0007089984137564898,59.62787501630373,19,0,58.71691700303927,0.24087500059977174,0.0007909839041531086,58.95908299135044,19,0
080630044,54.09487499855459,2.6022919919341803,0.0007080088835209608,56.69854101142846,17,0,54.43337501492351,0.20933299674652517,0.000459025613963604,54.64374998700805,17,0
080630053,78.40745899011381,6.830416998127475,41.82433299138211,127.0631660008803,28,1,77.44858300429769,0.3562920028343797,41.47441699751653,119.28016602178104,28,1
080630062,60.28420801158063,3.68791600340046,0.000667001586407423,63.97341701085679,18,0,60.46366601367481,0.2230420068372041,0.0006249756552278996,60.687792021781206,18,0
080630086,71.01470799534582,5.796041019493714,42.48350000125356,119.29512501228601,25,1,76.81204201071523,0.30429099570028484,42.4107080034446,119.52770900097676,25,1
080630090,83.01087500876747,9.372457978315651,0.0007920025382190943,92.38508300040849,32,0,86.31262500421144,0.4313749959692359,0.0009170034900307655,86.74562501255423,32,0
080630091,70.37908298661932,5.172167002456263,0.0006250047590583563,75.55241702357307,22,0,70.65566699020565,0.2665419888217002,0.0006660120561718941,70.9232919907663,22,0
080630093,63.01241699839011,3.5812919959425926,42.08870802540332,108.68358300649561,17,1,62.89479200495407,0.23479099036194384,44.147124979645014,107.27745899930596,17,1
080630094,58.68845898658037,3.4565000096336007,101.25449998304248,163.40041600051336,17,2,59.29712500073947,0.2124170132447034,86.47899999050424,145.98899998236448,17,2
080630123,53.51954099023715,2.4476250109728426,44.46929201367311,100.43733398197219,14,1,53.873708995524794,0.18683300004340708,42.07533301087096,96.13695801817812,14,1
080630125,67.95500000589527,4.701082973042503,0.0007079797796905041,72.65754099353217,20,0,68.11749999178573,0.27325001428835094,0.00191599247045815,68.3933749969583,20,0
080630140,54.97454199939966,2.9019579815212637,42.39091699128039,100.26825001114048,16,1,55.825666000600904,0.21683398517780006,42.40658300113864,98.45004198723473,16,1
080630147,69.29804099490866,5.237917008344084,85.88733299984597,160.42445800849237,23,2,69.16675000684336,0.28104198281653225,89.77229101583362,159.22083301120438,23,2
080630152,54.46920800022781,2.8922500205226243,0.0007500057108700275,57.36299999989569,13,0,53.55541702010669,0.1576670038048178,0.000667001586407423,53.71416700654663,13,0
080630155,63.380208011949435,4.061708983499557,70.14437500038184,137.58725000661798,19,1,63.51266600540839,0.23358399630524218,45.64187498181127,109.38887498923577,19,1
080630170,68.96358300582506,4.96737498906441,39.4905419962015,113.42224999680184,22,1,68.74637500732206,0.2690000110305846,40.812249993905425,109.82820900972001,22,1
080680011,77.02895798138343,5.014708993257955,0.000667001586407423,82.04508299240842,17,0,77.73225000710227,0.27533297543413937,0.0010829826351255178,78.00954199046828,17,0
080680020,52.975500002503395,2.4883330042939633,44.47333299322054,99.93799999938346,14,1,53.15374999190681,0.19120899378322065,44.626374990912154,97.971957991831,14,1
080680029,79.70454101450741,6.971249997150153,88.65187497576699,175.32887498964556,26,2,79.53520899172872,0.33733301097527146,84.18941698619165,164.06275000190362,26,2
080680031,79.28733297740109,7.2449580184184015,145.89070898364298,232.4238329892978,27,3,78.21808298467658,0.3580409975256771,136.30733397440054,214.88420898094773,27,3
080680056,52.402000001166016,2.8914170106872916,49.608832981903106,104.90350000327453,18,1,51.80279101477936,0.2234579878859222,51.013208023505285,103.04029201506637,18,1
080680060,54.05870798858814,3.3231250126846135,0.00100000761449337,57.38345900317654,19,0,54.29220900987275,0.23495900677517056,0.0007920025382190943,54.528583015780896,19,0
080680066,58.3800419990439,3.6808330041822046,0.0009170034900307655,62.06233301782049,20,0,57.775916007813066,0.2375839976593852,0.0008329807315021753,58.01495799096301,20,0
080680069,91.10862499801442,8.211417007260025,42.56779100978747,141.88866701442748,28,1,90.81137500470504,0.3776669909711927,42.47750001377426,133.66758299525827,28,1
080680084,54.79150000610389,3.1938749889377505,42.69625002052635,100.68266600137576,17,1,56.37270899023861,0.2169579965993762,44.68500000075437,101.27537499647588,17,1
080680090,49.86283299513161,2.384666004218161,0.0008330098353326321,52.24891600664705,13,0,49.89424999803305,0.17174999811686575,0.0007080088835209608,50.06716700154357,13,0
080680095,68.1399579916615,5.3189999889582396,42.60587500175461,116.0657090076711,23,1,68.5217079881113,0.26441700174473226,41.94466699846089,110.73162499815226,23,1
080680106,53.02250001113862,2.7190409891773015,0.0007499766070395708,55.743042001267895,13,0,52.31070800800808,0.18091598758473992,0.0008750066626816988,52.49320899019949,13,0
080680108,90.14895799919032,9.806959016714245,0.0008749775588512421,99.95733300456777,26,0,91.07245798804797,0.3690000157803297,0.0007920025382190943,91.44279197789729,26,0
080680129,69.8844580037985,6.148999993456528,0.000667001586407423,76.0347500036005,26,0,70.47700000111945,0.30524999601766467,0.0007500057108700275,70.78362500760704,26,0
080680133,77.39108399255201,7.256457989569753,0.0007499766070395708,84.648832998937,25,0,77.25608299369924,0.3000840079039335,0.0007079797796905041,77.55749998614192,25,0
080680151,53.087250009411946,3.232708986615762,40.70262500317767,97.0232080144342,17,1,54.680958011886105,0.23662499734200537,39.29416599567048,94.21287500299513,17,1
080680153,69.41225001355633,5.335458001354709,93.46812500734814,168.21670799981803,24,2,69.93741702171974,0.28662499971687794,91.62025002297014,161.84508299920708,24,2
080680170,68.9559169986751,5.69191700196825,81.29270901554264,155.94154098653235,26,2,69.0062920039054,0.37112500285729766,83.2407500129193,152.61912500136532,26,2
080680173,52.85483400803059,2.5363339809700847,0.0006250047590583563,55.39233298623003,15,0,53.05445802514441,0.19429202075116336,0.0006659829523414373,53.24995800037868,15,0
080680174,50.85450000478886,1.9181249954272062,41.94154200376943,94.71516701159999,11,1,50.71499999030493,0.16362499445676804,43.41333301272243,94.29320800700225,11,1
081530002,48.630874982336536,2.4055000103544444,78.58437500544824,129.6216250048019,15,2,46.068458002991974,0.20787498215213418,78.74629201251082,125.02341697108932,15,2
081530014,79.34616701095365,8.604583999840543,41.4258330129087,129.37779200728983,32,1,79.15320800384507,0.3805830201599747,39.22170799341984,118.75641701044515,32,1
081530016,58.73287498252466,3.5035409964621067,81.54254200053401,143.77991599030793,16,1,59.50383300660178,0.203417002921924,65.14225000864826,124.85037499573082,16,1
081530018,44.48054201202467,1.8736250058282167,39.63691700482741,85.99208301166072,12,1,44.16220900020562,0.14758302131667733,39.08729099202901,83.39770798920654,12,1
081530023,55.154208006570116,3.9241670165210962,39.287874998990446,98.36716699646786,22,1,54.82933300663717,0.26245799381285906,38.80812498391606,93.90079099102877,22,1
081530038,54.81262499233708,4.809209000086412,39.692040998488665,99.31487499852665,28,1,55.18479199963622,0.30016701202839613,47.6703749736771,103.15616600564681,28,1
081530065,59.361624997109175,3.733082994585857,0.0006250047590583563,63.095916993916035,18,0,59.614750003675,0.2266670053359121,0.0005829788278788328,59.84249999164604,18,0
081530073,61.861124995630234,4.72045800415799,82.31320799677633,148.8957920228131,25,2,61.72325002262369,0.3068339719902724,81.1581670132,143.18904202082194,25,2
081530085,52.42695799097419,2.9751659894827753,0.0009170034900307655,55.4037079855334,15,0,52.249500004108995,0.18245799583382905,0.0007500057108700275,52.43333399994299,15,0
081530088,49.344625003868714,2.503708004951477,0.000833999365568161,51.84979201294482,16,0,49.61329200887121,0.18595799338072538,0.0007500057108700275,49.800333013990894,16,0
081530096,54.45262498687953,3.5402500070631504,0.0006250047590583563,57.99404199933633,18,0,54.173249984160066,0.2166659978684038,0.0005410111043602228,54.390834004152566,18,0
081530100,67.45758399483748,5.681583017576486,40.15587500180118,113.29562502214685,27,1,67.39362500957213,0.3157920145895332,42.108166991965845,109.81858399463817,27,1
081530107,54.25637500593439,3.278499993029982,0.0006250047590583563,57.53604200435802,17,0,54.24212498473935,0.23004200193099678,0.0007500057108700275,54.47375000221655,17,0
081530109,60.9737079939805,4.321125015849248,40.561000001616776,105.8573340123985,25,1,63.452749978750944,0.28729200130328536,51.90220900112763,115.6429999973625,25,1
081530125,45.600791985634714,1.9511669815983623,0.0007920025382190943,47.5534170109313,13,0,49.32399999233894,0.18620898481458426,0.0009170034900307655,49.51191699365154,13,0
081530139,49.44387500290759,2.2472919954452664,39.852832996984944,91.54508300707676,14,1,45.29658300452866,0.1790839887689799,39.64425000594929,85.12095801415853,14,1
081530146,58.84208300267346,3.590749984141439,0.0007089984137564898,62.433999992208555,17,0,58.58445799094625,0.22020802134647965,0.0008750066626816988,58.80620901007205,17,0
081530165,45.09912501089275,2.4536660057492554,0.0005420006345957518,47.55379099515267,14,0,45.420208014547825,0.1581659889779985,0.0006659829523414373,45.57945899432525,14,0
081530167,54.400332999648526,4.491750005399808,40.82266701152548,99.71550002228469,25,1,54.199500009417534,0.28516698512248695,30.809042014880106,85.29445799649693,25,1
081530170,55.179082992253825,3.7662090035155416,0.0009580107871443033,58.94679200719111,20,0,54.669750010361895,0.2328749978914857,0.0006250047590583563,54.903624986764044,20,0
085810002,63.39795800158754,4.202165990136564,0.0008750066626816988,67.60166698950343,18,0,64.51224998454563,0.22483299835585058,0.000667001586407423,64.73829198512249,18,0
085810012,51.3971250038594,2.378042001510039,0.0006250047590583563,53.776291984831914,15,0,52.271250024205074,0.18141698092222214,0.0007080088835209608,52.45408299379051,15,0
085810018,69.92016700678505,5.061874981038272,53.58895901008509,128.57187501504086,22,1,69.61654202314094,0.3034579858649522,60.77870799344964,130.69987497874536,22,1
085810038,84.80670899734832,9.065625024959445,0.0006660120561718941,93.87404099106789,29,0,83.7235830258578,0.4111250163987279,0.0006250047590583563,84.13625002140179,29,0
085810040,73.93654200132005,6.542959017679095,126.82900001527742,207.3095419909805,24,2,74.18720802525058,0.30016599339433014,108.24820800917223,182.73616701480933,24,2
085810043,54.9012080009561,3.213125019101426,0.0007499766070395708,58.115749998250976,17,0,54.672708007274196,0.22229200112633407,0.0009159848559647799,54.89654201664962,17,0
085810048,73.33929199376144,5.919584014918655,0.0007089984137564898,79.26008300273679,21,0,72.52991601126269,0.298250000923872,0.0005829788278788328,72.83008401282132,21,0
085810056,45.72629198082723,1.9624170090537518,0.0005829788278788328,47.69008298171684,13,0,45.22195900790393,0.15499998698942363,0.0006660120561718941,45.37808400345966,13,0
085810078,78.36991600925103,6.382458988809958,71.63250001030974,156.38558301725425,23,1,77.63191699632443,0.2803750103339553,54.785957996500656,132.69899997976609,23,1
085810084,69.32500001857989,4.774792003445327,44.867999997222796,118.96862499997951,21,1,69.22133400803432,0.2737500180955976,46.91816700506024,116.4140829932876,21,1
085810086,53.89145799563266,2.1238749905023724,0.0006659829523414373,56.0166249924805,11,0,53.466874989680946,0.15520802116952837,0.0007919734343886375,53.62366698682308,11,0
085810112,74.32070802315138,7.447374984622002,42.86020799190737,124.62954098009504,29,1,75.33366701682098,0.36025000736117363,42.673832998843864,118.36833399138413,29,1
085810116,63.899458007654175,5.16608398174867,0.0007089984137564898,69.06704200082459,21,0,64.20929200248793,0.27020901325158775,0.0006660120561718941,64.48104098672047,21,0
085810119,61.9010420050472,4.684917017584667,41.24795799725689,107.83445800188929,22,1,63.81466699531302,0.2702500205487013,42.26491699228063,106.35041599744,22,1
085810120,62.920791999204084,4.912708012852818,84.72620800603181,152.56029201555066,25,2,62.90779198752716,0.29349999385885894,93.36354199331254,156.56595799373463,25,2
085810121,72.38966698059812,5.608875013422221,55.36050000227988,133.35987500613555,22,1,71.287791011855,0.2928329922724515,56.01816700072959,127.5995000032708,22,1
085810152,54.16691699065268,3.2523330010008067,103.5137080179993,160.9339580172673,17,2,55.21204200340435,0.21254198509268463,87.53204101230949,142.9575000074692,17,2
085810159,69.89954100572504,5.3453750151675195,0.0005420006345957518,75.2462079981342,24,0,67.95258302008733,0.2799999783746898,0.0006250047590583563,68.23387500480749,24,0
085810163,49.95829099789262,2.541791007388383,39.99200000544079,92.4929580069147,14,1,50.576416979311034,0.18724999972619116,38.04429099545814,88.80866697290912,14,1
085810167,52.690082986373454,3.3454170043114573,39.57454100600444,95.61083299922757,19,1,56.536124990088865,0.22637497750110924,40.566334006143734,97.32954201172106,19,1
085840013,71.48958297329955,5.308416002662852,80.59608400799334,157.39529201528057,23,2,74.06870799604803,0.3023750032298267,82.73470800486393,157.1065419993829,23,2
085840020,69.1644579928834,5.788124981336296,82.74516600067727,157.69879199797288,27,2,68.55358299799263,0.31274999491870403,85.1517090050038,154.01895801187493,27,2
085840022,64.72633400699124,3.7488329980988055,55.91858399566263,124.3945000169333,15,1,64.04599998495542,0.2363750245422125,39.640957984374836,103.924458991969,15,1
085840036,53.451916988706216,3.2649170025251806,39.49974998249672,96.21770799276419,18,1,54.39954201574437,0.22775001707486808,39.72683398751542,94.35500000836328,18,1
085840040,52.987500006565824,2.311416988959536,0.0007080088835209608,55.30025000916794,12,0,54.33825001819059,0.16391597455367446,0.0006250047590583563,54.50337499496527,12,0
085840059,68.86837500496767,5.870207998668775,0.0004999747034162283,74.73958400078118,24,0,69.6765840111766,0.2848329895641655,0.000667001586407423,69.96262501343153,24,0
085840072,53.78491699229926,3.5747500078286976,39.92558299796656,97.28629101300612,22,1,52.8738749853801,0.22600000374950469,45.35299999406561,98.45341698382981,22,1
085840075,59.088500012876466,4.069417016580701,76.71220900374465,139.87108401488513,24,2,59.24520798726007,0.2682920021470636,87.83391700126231,147.34829199733213,24,2
085840077,69.42075002007186,4.28641599137336,53.53054101578891,127.23833302152343,17,1,69.92729200283065,0.22958297631703317,45.07575000752695,115.23341698921286,17,1
085840086,45.439417008310556,2.358040976105258,0.0005409820005297661,47.79858299298212,13,0,45.856667013140395,0.17279197345487773,0.0005839974619448185,46.03058300563134,13,0
085840089,59.54591601039283,3.9468750183004886,42.34295798232779,105.83683298318647,21,1,58.844583021709695,0.25695801014080644,49.03204200672917,108.13450001296587,21,1
085840092,58.67600001511164,3.0698750051669776,0.0007500057108700275,61.747250001644716,14,0,58.141541987424716,0.2278330211993307,0.0006250047590583563,58.3705420140177,14,0
085840099,64.64458300615661,4.00137499673292,0.0006250047590583563,68.6473750101868,17,0,64.46408299962059,0.2092079957947135,0.0005410111043602228,64.67474999953993,17,0
085840115,67.23474999307655,4.787125013535842,41.17954202229157,113.20250001153909,23,1,62.80087502091192,0.28091701096855104,40.4337499930989,103.51658301078714,23,1
085840117,52.61875002179295,2.1614159923046827,0.0005830079317092896,54.78145900997333,11,0,53.31970800762065,0.1611660118214786,0.0007500057108700275,53.48212501849048,11,0
085840123,71.79949997225776,6.922625005245209,127.32820899691433,206.0513749893289,31,3,73.00962498993613,0.6850000063423067,140.1327079802286,213.8284590037074,31,3
085840141,54.877999995369464,3.248624998377636,0.0007080088835209608,58.127791999140754,17,0,56.671790982363746,0.25933299912139773,0.0008749775588512421,56.93262498243712,17,0
085840147,70.35741698928177,5.2188340050634,108.40604201075621,183.98316699313,22,2,70.93387498753145,0.29275001725181937,94.91595800500363,166.14341601962224,22,2
085840157,71.4619169884827,5.655124987242743,94.05220800545067,171.17004198371433,27,2,71.58012498985045,0.31145798857323825,97.54820802481845,169.44066699943505,27,2
085840167,89.64891600771807,10.893625003518537,129.0357079997193,229.57916700397618,33,3,90.1077919988893,0.4386249929666519,128.5042500239797,219.05124999466352,33,3
090880018,48.4082080074586,2.116749994456768,52.835875016171485,103.36183401523158,14,1,47.15229198336601,0.17383400700055063,52.37558300723322,99.70262498245575,14,1
090880060,48.09791699517518,2.029499999480322,0.0007920025382190943,50.12895798427053,12,0,46.85924999648705,0.16295898240059614,0.0007500057108700275,47.02349999570288,12,0
090880064,60.893457994097844,3.6328329879324883,0.0007500057108700275,64.52770900796168,21,0,61.22174998745322,0.2989170025102794,0.0007500057108700275,61.52191699948162,21,0
090880065,85.0956249923911,6.594125006813556,43.15350000979379,134.84466599766165,27,1,81.19291701586917,0.3343749849591404,39.50170800089836,121.02966700331308,27,1
090880086,51.83087498880923,2.907541987951845,40.893749974202365,95.63320898450911,19,1,51.45674999221228,0.22733400692231953,42.63195800012909,94.31704098824412,19,1
090880090,71.92758400924504,6.557124987011775,43.235207995167,121.72091699903831,28,1,73.68262502131984,0.345667009241879,47.44029100402258,121.46937500801869,28,1
090880093,54.89212498650886,3.506625012960285,39.850166998803616,98.24995801318437,20,1,58.29312501009554,0.26037500356324017,41.25479201320559,99.8090420034714,20,1
090880095,91.21441698516719,13.651625020429492,120.40145799983293,225.26908398140222,43,3,90.56937499553896,0.6018749845679849,123.91412499709986,215.0862499838695,43,3
090880100,69.24837498809211,6.067208014428616,42.84166599973105,118.15837500034831,25,1,69.0106249821838,0.3070840029977262,41.809874994214624,111.12879100255668,25,1
090880120,62.44758400134742,4.677416989579797,61.683000007178634,128.8090000161901,23,1,65.57158299256116,0.3029999788850546,41.75916698295623,107.6349999930244,23,1
090880126,45.10000001755543,2.3925830028019845,0.000667001586407423,47.4938330007717,14,0,46.802083001239225,0.17916600336320698,0.0006659829523414373,46.982667001429945,14,0
090880130,53.316792007535696,3.5820829798467457,38.598750019446015,95.49862501444295,19,1,55.27133401483297,0.23079098900780082,39.10441600601189,94.60720801143907,19,1
090880132,45.73783400701359,2.070624992484227,40.49237500294112,88.30129099078476,13,1,46.114041993860155,0.15387500752694905,41.18975001620129,87.45845800149255,13,1
090880140,45.641165983397514,2.5537080073263496,60.48379201092757,108.6795839946717,17,1,45.76233398984186,0.19099999917671084,52.5516250054352,98.50575000746176,17,1
090880142,70.99183299578726,7.043041987344623,119.48758299695328,197.5235420104582,31,2,71.01766701089218,0.374625000404194,117.76041600387543,189.15995801216923,31,2
090880145,52.823959005763754,2.628541988087818,0.0006250047590583563,55.4539579898119,16,0,62.542833999032155,0.24979200679808855,0.0007910130079835653,62.79412499861792,16,0
090880147,47.30558302253485,2.2620829986408353,0.0006659829523414373,49.568917020224035,13,0,48.928917007287964,0.17470901366323233,0.0007089984137564898,49.104917008662596,13,0
090880154,62.49379098881036,3.784500004258007,0.0007920025382190943,66.27962499624118,17,0,60.384125012205914,0.2047500165645033,0.000667001586407423,60.59004200506024,17,0
090880157,127.73579198983498,6.566708005266264,117.57208398194052,251.87562499195337,30,2,72.82000000122935,0.35545797436498106,158.4719170059543,231.64829198503867,30,2
090880163,87.6794169889763,7.467999996151775,156.8852920026984,252.0363339863252,26,3,84.08104200498201,0.35512499744072556,131.08212500810623,215.51920802448876,26,3
091010017,91.64937501191162,7.866166008170694,45.980416995007545,145.49687498947605,22,1,94.5909999718424,0.32666701008565724,49.921791011001915,144.84025002457201,22,1
091010032,67.81604202114977,4.275540995877236,45.68712497712113,117.77991597773507,19,1,63.513875007629395,0.23595799575559795,45.472915982827544,109.22379099065438,19,1
091010049,66.03083299705759,4.925249988446012,64.44612500490621,135.40283299516886,22,1,65.37612498505041,0.3068750083912164,44.71212500357069,110.39620800875127,22,1
091010050,85.23100000456907,7.006833009654656,42.06400000839494,134.30283300112933,25,1,82.80937498784624,0.3211250004824251,44.65020800125785,127.78199999593198,25,1
091010055,61.408500012476,3.386417025467381,42.62716701487079,107.42295801173896,16,1,63.27562499791384,0.22779201390221715,41.786332993069664,105.29070801567286,16,1
091010063,69.0563749813009,4.653000010875985,45.75820901663974,119.4686249946244,20,1,67.72262501181103,0.2509159967303276,45.30462500406429,113.27891601831652,20,1
091010070,50.097375002224,2.2084589872974902,44.15445800987072,96.46112500922754,14,1,50.54154200479388,0.17495901556685567,48.6726249800995,99.38966698246077,14,1
091010072,65.6315420055762,4.285292001441121,41.222750005545095,111.14054100471549,19,1,64.36650000978261,0.2442499971948564,42.8480000118725,107.45933299767785,19,1
091010082,46.876999986125156,1.5538340085186064,0.0006249756552278996,48.43195900321007,10,0,47.008333989651874,0.14387498958967626,0.000667001586407423,47.15329100145027,10,0
091010100,77.69183299387805,6.707708991598338,41.48425001767464,125.88483301806264,27,1,77.76725001167506,0.35354201099835336,43.47266600234434,121.59416699432768,27,1
091010107,70.29462500941008,5.813875002786517,0.0007500057108700275,76.10983299673535,25,0,71.38841599225998,0.308749993564561,0.0006250047590583563,71.69829201302491,25,0
091010109,83.96358400932513,9.04879198060371,41.31495801266283,134.32812501559965,30,1,85.3491669986397,0.39383297553285956,39.001791999908164,124.74545897566713,30,1
091010123,62.4081669957377,3.7198330101091415,56.30279201432131,122.43154100724496,18,1,61.71620899112895,0.23120801779441535,56.84854098944925,118.79716700059362,18,1
091010127,64.39137499546632,4.851500008953735,0.0007499766070395708,69.24424998578615,23,0,63.84412499028258,0.2934579970315099,0.0007920025382190943,64.1389169904869,23,0
091010133,53.66633299854584,2.806000004056841,41.920875024516135,98.39404199738055,15,1,55.041749990778044,0.1981249952223152,51.784582989057526,107.02541697537526,15,1
091010138,72.90112497867085,5.848417000379413,42.575333995046094,121.3257499912288,22,1,72.69283299683593,0.27541699819266796,44.91916700499132,117.8882920066826,22,1
091010139,61.74366601044312,3.7819999852217734,126.38562498614192,191.91233298624866,18,2,62.14679198455997,0.23075001081451774,105.05829201429151,167.43662499357015,18,2
091010142,64.00762501289137,3.3867500023916364,0.0007089984137564898,67.39587499760091,16,0,61.800208990462124,0.1939999929163605,0.0006660120561718941,61.995500000193715,16,0
091010149,83.1862920022104,7.214124983875081,64.88854202325456,155.28987502329983,25,1,82.50829202006571,0.34262501867488027,48.98337498889305,131.8352080124896,25,1
091010151,67.96395900892094,4.899499996099621,62.0872919971589,134.9516659975052,23,1,68.04920799913816,0.2784999960567802,49.858084006700665,118.18637498072349,23,1
091070001,44.0008330042474,2.2033749846741557,0.0006250047590583563,46.20520898606628,16,0,44.56545799621381,0.18874998204410076,0.000667001586407423,44.755375012755394,16,0
091070033,51.56541697215289,2.8934160072822124,0.000667001586407423,54.4601250148844,17,0,51.61066597793251,0.18158298917114735,0.0007080088835209608,51.793457998428494,17,0
091070038,64.79937498806976,5.5459170253016055,77.9949999996461,148.3410829969216,27,2,65.17229200107977,0.3127089876215905,83.81175002432428,149.29779199883342,27,2
091070040,69.00262500857934,6.46066598710604,111.06012499658391,186.5242079948075,31,2,69.9980829958804,0.34749999758787453,97.57458299282007,167.92091701063327,31,2
091070049,55.46466601663269,3.4270419855602086,84.99045800999738,143.883167009335,18,2,54.87245897529647,0.22945899399928749,86.56429199618287,141.66704198578373,18,2
091070056,55.6617499969434,3.4630000009201467,45.009666006080806,104.13512500235811,20,1,58.9669169858098,0.23508400772698224,46.34570801863447,105.54854100337252,20,1
091070061,53.990415995940566,2.7859169931616634,0.0007080088835209608,56.777666992275044,17,0,55.4959170112852,0.2151249791495502,0.0007089984137564898,55.71241700090468,17,0
091070065,52.771791990380734,3.2719169976189733,0.0008330098353326321,56.04512500576675,19,0,51.661625009728596,0.20895898342132568,0.0005420006345957518,51.87150000710972,19,0
091070074,71.65387499844655,6.954125012271106,42.676915996707976,121.28587500774302,28,1,70.6861249927897,0.331917020957917,48.06437500519678,119.08329199650325,28,1
091070089,54.10308300633915,3.508374997181818,38.41770900180563,96.02995900786482,20,1,54.425999987870455,0.2492500061634928,39.04875001171604,93.72475001146086,20,1
091070108,58.63304197555408,4.876541992416605,41.01758301840164,104.52808300033212,29,1,58.71866599773057,0.30449999030679464,42.3710829927586,101.39483297825791,29,1
091070135,45.466708979802206,2.093250019242987,0.0006249756552278996,47.561207989929244,15,0,45.83970800740644,0.25924999499693513,0.0011250085663050413,46.10075001255609,15,0
091070138,53.34233399480581,2.4042919976636767,43.75795798841864,99.50541699072346,13,1,51.9292080134619,0.16466600936837494,44.0471250039991,96.14145901286975,13,1
091070140,61.11587499617599,4.882999986875802,0.0009160139597952366,66.00066600367427,27,0,59.83241699868813,0.298625003779307,0.0007089984137564898,60.13245802023448,27,0
091070142,72.38016699557193,8.053541998378932,80.45025001047179,160.88483299245127,36,2,70.59137499891222,0.3913340042345226,82.57929197861813,153.56283300206997,36,2
091070143,46.26999999163672,2.54154100548476,40.55125001468696,89.36345801339485,16,1,46.04258300969377,0.18991599790751934,39.239499979885295,85.47270900453441,16,1
091070162,55.58725001174025,3.84512500022538,0.0006659829523414373,59.43358299555257,22,0,53.43745899153873,0.24954098626039922,0.0005839974619448185,53.68808298953809,22,0
091070163,45.29174999333918,2.3249160149134696,0.0007920025382190943,47.618000011425465,15,0,44.44758401950821,0.18687499687075615,0.0007089984137564898,44.63583300821483,15,0
091070174,63.200000004144385,5.3019580082036555,81.86416697571985,150.3677919972688,28,2,61.39266598620452,0.305875000776723,85.09245797176845,146.7920419818256,28,2
091070175,53.59687499003485,3.0487919866573066,0.0007080088835209608,56.64720799541101,17,0,55.04045801353641,0.22375001572072506,0.000667001586407423,55.265250004595146,17,0
091180015,63.271749997511506,4.69708300079219,40.72112499852665,108.69083399302326,22,1,63.31649998901412,0.2582079905550927,44.71908399136737,108.29441601526923,22,1
091180025,59.89608299569227,4.370291979284957,80.03112502046861,144.29912500781938,21,2,59.5421250036452,0.24754100013524294,82.50558300642297,142.29608298046514,21,2
091180035,78.29391700215638,7.383541000308469,0.0007909839041531086,85.67887498065829,21,0,79.10812500631437,0.30691700521856546,0.0007500057108700275,79.41654199385084,21,0
091180042,53.57658301363699,3.6557079874910414,40.70866701658815,97.94179201708175,21,1,54.40600001020357,0.25283399736508727,40.53191700950265,95.19150000414811,21,1
091180044,64.44054201710969,5.3688749903813004,49.317625002004206,119.12787501933053,25,1,64.14025000412948,0.2944589941762388,62.857374985469505,127.29291699361056,25,1
091180050,58.97266700048931,3.9939580019563437,40.65341700334102,103.62100001657382,18,1,60.04887502058409,0.21858399850316346,40.742917015450075,101.01133299758658,18,1
091180056,59.844458010047674,4.787499987287447,90.51887498935685,155.15166698605753,24,2,60.0657089962624,0.2947080065496266,93.76074999454431,154.1220410144888,24,2
091180064,43.98737501469441,1.677749998634681,43.37783300434239,89.04400002211332,11,1,44.311041972832754,0.15008400077931583,39.85995799303055,84.32179200462997,11,1
091180075,70.21804200485349,5.889125022804365,0.0010409858077764511,76.10912498785183,24,0,70.06374999764375,0.30233297729864717,0.000833999365568161,70.36762498319149,24,0
091180078,77.63091701781377,6.898750027175993,83.7501659989357,168.28087501926348,27,2,77.7827079873532,0.3497919824440032,80.85333299823105,158.98666600696743,27,2
091180088,70.03924998571165,6.183999998029321,0.0008750066626816988,76.22474999516271,27,0,69.6065409865696,0.3199159982614219,0.000833999365568161,69.92800001171418,27,0
091180091,68.11774999368936,5.8173750003334135,116.69566700584255,190.6315830128733,30,2,67.5458749756217,0.3539580211509019,116.59433299791999,184.49483401491307,30,2
091180101,52.87004099227488,2.8943340003024787,0.0008330098353326321,55.76579199987464,16,0,54.00525001459755,0.20924999262206256,0.0006660120561718941,54.21562501578592,16,0
091180110,44.14016698137857,2.0691250101663172,0.00045797787606716156,46.21025000233203,14,0,43.88866701629013,0.15729101141914725,0.0006660120561718941,44.047083996701986,14,0
091180133,61.39162500039674,4.73112499457784,81.72870799899101,147.8524580015801,22,2,61.030207987641916,0.2563330053817481,79.51441599288955,140.80154200200923,22,2
091180151,54.071958002168685,2.771540981484577,0.0006250047590583563,56.844749982701614,15,0,54.301124997437,0.19041600171476603,0.0013750104699283838,54.49345801025629,15,0
091180157,59.99341601273045,4.226457996992394,43.80829201545566,108.0290419922676,21,1,61.34475002181716,0.2503340074326843,42.879417014773935,104.4752080051694,21,1
091180159,52.8635420196224,3.2485839910805225,0.000833999365568161,56.11370797851123,19,0,52.878167014569044,0.21129200467839837,0.0006250047590583563,53.09070899966173,19,0
091180161,71.0986670164857,6.124874984379858,40.87658299249597,118.10116699780338,26,1,71.8486660043709,0.3130839904770255,38.748124992707744,110.91074999421835,26,1
091180163,58.93191698123701,4.294457990908995,40.21741700125858,103.44462498323992,24,1,59.6381250070408,0.27179098105989397,38.47241701441817,98.38304200093262,24,1
095530005,72.59541700477712,5.774666991783306,0.0007500057108700275,78.37154201115482,23,0,72.42379101808183,0.30104100005701184,0.0007080088835209608,72.72608400671743,23,0
095530010,63.943040993763134,3.679790999740362,47.06049998640083,114.68412500107661,17,1,64.89591699209996,0.23070801398716867,44.78991698124446,109.9173339898698,17,1
095530011,53.98533400148153,2.5871250254567713,0.0007499766070395708,56.57379099284299,14,0,55.44895800994709,0.19212497863918543,0.000667001586407423,55.64241699175909,14,0
095530016,52.05600001499988,2.191999985370785,0.0005410111043602228,54.24908400163986,12,0,51.610958005767316,0.16241599223576486,0.000500003807246685,51.77437499514781,12,0
095530028,77.48341700062156,7.349416002398357,0.0009590003173798323,84.83450001222081,28,0,77.27233300101943,0.3228750138077885,0.0004159810487180948,77.5961670151446,28,0
095530041,68.03108300664462,5.0464159867260605,0.0007080088835209608,73.0788329965435,21,0,69.3959999771323,0.25525002274662256,0.000667001586407423,69.65245798346587,21,0
095530049,71.83433300815523,6.155333016067743,42.77879200526513,120.76925000292249,25,1,74.79845799389295,0.2952089998871088,44.82745798304677,119.92179197841324,25,1
095530059,59.88679200527258,3.0537910060957074,42.096416000276804,105.03787500783801,14,1,60.075457993661985,0.21041600848548114,46.834042004775256,107.12091697496362,14,1
095530066,92.1887079894077,9.92654199944809,189.82408399460837,291.9403330015484,30,3,92.73641600157134,0.40758398245088756,137.70312501583248,230.84787497646175,30,3
095530082,76.82395799201913,6.977624987484887,83.29383298405446,167.0964999939315,30,2,77.8813750075642,0.5098329856991768,82.67275002435781,161.06462499010377,30,2
095530083,60.64775001141243,3.2717499998398125,0.0007089984137564898,63.92099999357015,15,0,62.2177500044927,0.2226659853477031,0.000667001586407423,62.44166599935852,15,0
095530085,64.57833398599178,4.560000001220033,59.331541997380555,128.47100000362843,20,1,64.78625000454485,0.268208998022601,59.76737500168383,124.82254201313481,20,1
095530116,71.23458400019445,5.340917006833479,80.95012497506104,157.52645800239407,22,2,71.10404199920595,0.298625003779307,83.57491699280217,154.97829098603688,22,2
095530118,59.85741599579342,3.353209001943469,0.0007080088835209608,63.212166976882145,18,0,58.94175000139512,0.22274997900240123,0.0007079797796905041,59.165915998164564,18,0
095530129,71.35620899498463,5.766291986219585,85.84466698812321,162.96824999153614,25,2,69.00262500857934,0.2822499955072999,82.42191700264812,151.70754201244563,25,2
095530144,75.16620800015517,5.169000010937452,48.19941701134667,128.53529199492186,22,1,70.25866600451991,0.2673339913599193,47.67587501555681,118.20262501714751,22,1
095530152,53.85795800248161,2.5719160039443523,68.78758300445043,125.21854098304175,15,1,53.861499996855855,0.19187500583939254,56.64045797311701,110.69499998120591,15,1
095530154,53.78874999587424,2.8897910087835044,41.18420899612829,97.86375000840053,16,1,54.28737500915304,0.19666599109768867,42.167458013864234,96.65204101474956,16,1
095530161,54.912124993279576,3.593208995880559,61.65895899175666,120.16520800534636,19,1,54.549750027945265,0.23454197798855603,63.65845800610259,118.44387499149889,19,1
095530173,52.87949999910779,2.831749996403232,0.0007080088835209608,55.712583009153605,17,0,51.13124998752028,0.18783297855407,0.000667001586407423,51.32004199549556,17,0
095550027,72.81199999852106,4.700707999290898,81.0580000106711,158.57154101831838,18,1,69.9987499974668,0.24445800227113068,56.67516600806266,126.920250011608,18,1
095550043,61.831749975681305,3.2327499939128757,41.06208402663469,106.12716598552652,17,1,60.27508300030604,0.22995800827629864,46.008957986487076,106.51470799348317,17,1
095550044,83.22379199671559,6.52349999290891,45.68795801606029,135.43608400505036,21,1,81.96070801932365,0.2883340057451278,42.052125005284324,124.30212501203641,21,1
095550046,62.94695899123326,3.98604100337252,0.0007079797796905041,66.93450000602752,16,0,63.82141599897295,0.22070901468396187,0.0007499766070395708,64.04345799819566,16,0
095550051,80.20345901604742,6.228832993656397,0.0007080088835209608,86.43358299741521,22,0,82.58495898917317,0.2857910003513098,0.0006250047590583563,82.87183300126344,22,0
095550053,103.03791600745171,10.299041983671486,127.97416601097211,241.31183300050907,27,2,103.16558301565237,0.4105839761905372,100.6246659962926,204.2017919884529,27,2
095550073,90.91141700628214,7.731250021606684,103.11537500820123,201.75899998866953,24,2,90.86004202254117,0.3535419818945229,92.68591701402329,183.9003750064876,24,2
095550075,80.23575000697747,5.767374997958541,0.0007500057108700275,86.00454201223329,21,0,78.61700002104044,0.2565419999882579,0.0007080088835209608,78.87466700049117,21,0
095550081,59.69612501212396,2.166457998100668,0.0006660120561718941,61.86374998651445,10,0,59.9046669958625,0.15320899547077715,0.0007500057108700275,60.059167008148506,10,0
095550082,79.94916700408794,6.273625011090189,41.525375010678545,127.748957980657,23,1,80.79337500385009,0.3039589792024344,46.63570801494643,127.73383301100694,23,1
095550092,79.80591701925732,7.515999983297661,94.30104200146161,181.62445799680427,25,2,80.01170799252577,0.3217080084141344,105.35612498642877,185.69037498673424,25,2
095550100,84.21633299440145,7.768208015477285,0.0007080088835209608,91.98570900480263,27,0,83.14795800833963,0.37024999619461596,0.0006250047590583563,83.5193750099279,27,0
095550107,44.813499989686534,1.8395420047454536,0.0009579816833138466,46.6544579830952,12,0,44.81754102744162,0.15174999134615064,0.0007920025382190943,44.97079201973975,12,0
095550116,58.42354201013222,3.674874984426424,0.0006250047590583563,62.09949997719377,21,0,60.27662500855513,0.2400419907644391,0.0006660120561718941,60.517917008837685,21,0
095550126,54.102249996503815,2.9382499924395233,0.0007080088835209608,57.041749998461455,16,0,54.79449999984354,0.18500001169741154,0.000667001586407423,54.980625020107254,16,0
095550134,54.56254200544208,2.998334006406367,0.0006250047590583563,57.56225000368431,16,0,54.50641599600203,0.20266699721105397,0.000500003807246685,54.71004100400023,16,0
095550143,77.87025001016445,6.253584026126191,0.0007500057108700275,84.12554100505076,20,0,78.21370800957084,0.2648750087246299,0.000667001586407423,78.47974999458529,20,0
095550146,60.77237499994226,3.631458996096626,0.0006250047590583563,64.4050000119023,18,0,60.840707999886945,0.21604099310934544,0.0005839974619448185,61.05787502019666,18,0
095550148,53.39279098552652,2.6982080016750842,0.0006669724825769663,56.0922919830773,15,0,53.454958979273215,0.18812500638887286,0.0006250047590583563,53.644125000573695,15,0
095550173,104.25737500190735,9.295416006352752,88.5551669925917,202.1085000014864,27,2,100.4700000048615,0.3954590065404773,84.81145798577927,185.6778750079684,27,2
095580008,69.95454197749496,5.5202500079758465,43.94387500360608,119.41933300113305,24,1,69.50995800434612,0.3085420175921172,48.37720899377018,118.19683402427472,24,1
095580012,78.33879100508057,7.406332995742559,0.0008750066626816988,85.74666699860245,24,0,78.93337501445785,0.29379199258983135,0.0005830079317092896,79.22825001878664,24,0
095580016,77.43720902362838,6.3418750069104135,0.0005420006345957518,83.78049999009818,22,0,76.85654101078399,0.28991600265726447,0.0007500057108700275,77.14754200424068,22,0
095580039,63.41466601588763,4.752625012770295,74.51229199068621,142.680457996903,23,1,63.640000007580966,0.2837089996319264,52.725166984600946,116.64958301116712,23,1
095580045,81.02820799103938,8.280415990157053,191.4513329975307,280.7607920258306,30,4,80.41562500875443,0.5571250221692026,170.5939999956172,251.5675829781685,30,4
095580056,69.75516700185835,4.144625010667369,66.45774998469278,140.3584170038812,19,1,69.56012497539632,0.2499590045772493,40.428125008475035,110.23891600780189,19,1
095580067,60.58258400298655,3.590916021494195,0.0008329807315021753,64.17504098499194,17,0,61.852209008065984,0.2297080063726753,0.0007080088835209608,62.083166994852945,17,0
095580071,85.85629099979997,10.642417008057237,41.50712498812936,138.00679199630395,33,1,88.48237499478273,0.4353749973233789,40.36354200798087,129.28216700674966,33,1
095580078,68.08941697818227,3.667415992822498,0.0007090275175869465,71.75816700328141,17,0,68.6366250156425,0.22387501667253673,0.000500003807246685,68.86154200765304,17,0
095580088,86.96445799432695,10.213667002972215,41.119374975096434,138.29866598825902,31,1,86.12666701083072,0.43604199890978634,42.25783399306238,128.82158398861066,31,1
095580097,87.01954100979492,7.559708988992497,83.40741699794307,177.98766700434498,22,1,86.11337500042282,0.32629098859615624,44.80845798389055,131.24891600455157,22,1
095580099,78.370208007982,4.804374999366701,46.91008399822749,130.08554102270864,18,1,77.9919580090791,0.25762501172721386,44.98591599985957,123.23620801907964,18,1
095580101,80.13812499120831,8.35212497622706,40.79891700530425,129.29004200850613,31,1,80.31504100654274,0.3739160019904375,51.995874993735924,132.6855419902131,31,1
095580102,69.38695901772007,5.035791982663795,0.0009580107871443033,74.42445799824782,20,0,70.10116698802449,0.29162500868551433,0.0007080088835209608,70.39412501035258,20,0
095580116,87.49208299559541,7.0831670018378645,0.0008750066626816988,94.57666700473055,19,0,87.57058301125653,0.342042010743171,0.0008329807315021753,87.91429200209677,19,0
095580128,59.54516600468196,3.3652500133030117,42.12441699928604,105.03554201568477,16,1,59.18529198970646,0.21966698113828897,42.10375002003275,101.50954098207876,16,1
095580133,71.89262498286553,6.334459001664072,0.0008749775588512421,78.22849997319281,25,0,71.28129099146463,0.31999999191612005,0.000667001586407423,71.60245801787823,25,0
095580157,71.85620800009929,5.69191700196825,42.53391700331122,120.08295799023472,21,1,71.04883299325593,0.3310000174678862,41.50933297933079,112.89012499037199,21,1
095580166,85.21820799796842,9.72320800065063,0.0005830079317092896,94.94254199671559,28,0,85.90937498956919,0.4021250060759485,0.0010829826351255178,86.31324997986667,28,0
095580173,53.55791698093526,3.1414999975822866,40.27954101911746,96.9797920261044,17,1,53.45366700203158,0.21070899674668908,40.12970798066817,93.79462501965463,17,1
096010001,119.82749999151565,8.732791990041733,0.0005830079317092896,128.56162499519996,19,0,116.6371250001248,0.3279999946244061,0.0004580069798976183,116.96629200014286,19,0
096010002,95.57716699782759,8.354416990187019,48.863250005524606,152.7956250065472,25,1,91.1171670013573,0.36541701410897076,44.969042006414384,136.45237500895746,25,1
096010004,119.56441699294373,10.701792023610324,84.59383400622755,214.86133302096277,22,2,119.36029201024212,0.38200002745725214,83.45329199801199,203.1964999914635,22,2
096010005,78.56475000153296,5.555792013183236,0.0006250047590583563,84.12158300052397,18,0,78.9550410117954,0.25087498943321407,0.0007910130079835653,79.20716700027697,18,0
096010006,120.46041700523347,10.606084018945694,61.474874994019046,192.54233301035129,21,1,120.14862499199808,0.47195798833854496,47.80154101899825,168.42337499838322,21,1
096010007,62.4396670027636,3.402290982194245,0.0009590003173798323,65.84358398686163,14,0,62.668083992321044,0.1854579895734787,0.0007079797796905041,62.85479199141264,14,0
096010008,119.74958301289007,11.53837499441579,0.0007500057108700275,131.2897910247557,21,0,120.64529198687524,0.374625000404194,0.000833999365568161,121.02150000282563,21,0
096010009,146.6056669887621,17.84520799992606,84.2747499991674,248.72654202044941,30,2,146.3631670048926,0.5764999950770289,91.26950000063516,238.21000001044013,30,2
096010010,111.6599170200061,11.556625016964972,141.34495897451416,264.56241600681096,27,2,115.53341700346209,0.43212497257627547,105.97358300583437,221.94049999234267,27,2
096010011,71.91516700549982,5.348415987100452,0.0007089984137564898,77.2650419967249,22,0,71.86516598449089,0.2930000191554427,0.0007500057108700275,72.15954197454266,22,0
096010012,112.31804202543572,11.807667004177347,133.75104201259091,257.87754097837023,28,2,114.37091600964777,0.46312500489875674,88.72866697493009,203.56349999201484,28,2
096010013,123.40308399870992,12.790625012712553,53.84979100199416,190.04458401468582,24,1,124.08941600006074,0.4293750098440796,45.136625005397946,169.65629201149568,24,1
096010015,83.5739579924848,6.761958997230977,70.05170799675398,160.38841698900796,21,1,82.8023329959251,0.3172910073772073,52.96516601811163,136.08562501030974,21,1
096010016,74.93220799369738,5.534041993087158,0.0009580107871443033,80.46783399186097,22,0,73.67912502377294,0.28529102564789355,0.0006250047590583563,73.96570799755864,22,0
096010018,96.63383298902772,6.184666999615729,77.01091701164842,179.8300419759471,16,1,97.22170798340812,0.27554098051041365,56.64541601436213,154.1434160026256,16,1
096010019,109.9316670151893,9.879958000965416,0.0004999747034162283,119.81279202154838,26,0,109.43545898771845,0.524875009432435,0.0011250085663050413,109.96204099501483,26,0
096010020,153.1762499944307,16.436750011052936,122.4356250022538,292.04929200932384,31,2,148.84237499791197,0.5929580074734986,88.36466702632606,237.80087498016655,31,2
096010021,103.5817920055706,8.548707992304116,42.16454201377928,154.29616600158624,20,1,104.45495799649507,0.33737500780262053,55.379791010636836,160.17304101842456,20,1
096010022,96.3880000053905,7.04254099400714,0.000667001586407423,103.43170800479129,18,0,95.2974579995498,0.29966700822114944,0.0007920025382190943,95.59858398279175,18,0
096010023,96.09483400708996,8.237750007538125,0.000500003807246685,104.33395797736011,20,0,97.6008329889737,0.33591597457416356,0.0007500057108700275,97.93787499074824,20,0
096080003,112.55595801048912,10.319041990442201,0.0006250047590583563,122.87612500949763,21,0,112.49645799398422,0.3531250113155693,0.0008329807315021753,112.8510829876177,21,0
096080005,98.84833300020546,9.255417011445388,0.0007500057108700275,108.10504201799631,21,0,98.27487499569543,0.34758399124257267,0.000667001586407423,98.62375000375323,21,0
096080006,129.8186249914579,15.203791990643367,113.72766699059866,258.75099998665974,31,2,128.65974998567253,0.5318330076988786,98.10070801177062,227.29295800672844,31,2
096080007,106.30291601410136,11.483833979582414,67.00174999423325,184.79012500029057,27,1,106.38720900169574,0.4351660027168691,113.31062501994893,220.13391598011367,27,1
096080008,105.55812498205341,7.967333018314093,0.000667001586407423,113.52662497665733,19,0,116.14833300700411,0.33229199470952153,0.0008330098353326321,116.48216599132866,19,0
096080009,72.69212498795241,4.9447079945821315,0.0007080088835209608,77.63824998983182,16,0,71.50666697998531,0.3027500060852617,0.0010420044418424368,71.81095800478943,16,0
096080010,80.23779100039974,4.946625005686656,0.0007089984137564898,85.1856250083074,14,0,80.45312500325963,0.21150000975467265,0.0007089984137564898,80.66587499342859,14,0
096080012,101.65566700743511,7.360915973549709,76.51045799138956,185.5280410090927,21,1,88.43491700827144,0.3282079997006804,40.557125001214445,129.32104201172478,21,1
096080013,117.51404200913385,12.775707989931107,0.0007500057108700275,130.2912500104867,25,0,118.40674999984913,0.4623749991878867,0.000500003807246685,118.87008300982416,25,0
096080014,80.23716599564068,5.608292005490512,49.99070800840855,135.836916975677,15,1,74.06766701024026,0.22566699772141874,54.42995799239725,128.72412501019426,15,1
096080015,96.40787498210557,8.51887499447912,0.0009170034900307655,104.9284579930827,19,0,97.14087500469759,0.3198329941369593,0.0007080088835209608,97.46175000327639,19,0
096080017,104.70274998806417,6.518167007016018,0.0007499766070395708,111.22237500967458,20,0,85.25016700150445,0.3110419784206897,0.0007500057108700275,85.56249999674037,20,0
096080018,92.83033301471733,10.081040993100032,99.25295799621381,202.1654169948306,26,2,89.53291698708199,0.3820839920081198,69.78350001736544,159.69895900343545,26,2
096080021,131.09354200423695,14.100583997787908,0.0007920025382190943,145.19562499481253,24,0,122.92174997855909,0.460083014331758,0.000667001586407423,123.38295902009122,24,0
096080022,148.92437498201616,14.49450000654906,0.0007500057108700275,163.42045800411142,25,0,139.90916701732203,0.4938329802826047,0.0008750066626816988,140.40466700680554,25,0
096080023,99.87445798469707,9.150041005341336,88.83970801252872,197.86499999463558,27,2,88.15312499064021,0.419542018789798,92.74050002568401,181.31404201267287,27,2
096080024,101.70362499775365,12.609583005541936,100.11741699418053,214.43133399588987,30,2,103.44550001900643,0.48916699597612023,89.92258299258538,193.8578329863958,30,2
096080025,89.38637498067692,7.369708007900044,44.57825000281446,141.335042018909,20,1,89.45391600718722,0.3218750061932951,53.83491702377796,143.61179200932384,20,1
096080026,108.62287500640377,11.125207995064557,68.04645800730214,187.79533400083892,23,1,110.14204198727384,0.4232909996062517,53.33054199581966,163.89674998936243,23,1
096080027,108.63437500665896,13.74495797790587,68.37512500351295,190.75641699600965,30,1,108.42116599087603,0.5099159898236394,50.05704201175831,158.98866599309258,30,1
096100001,145.82004200201482,17.295957979513332,0.0007910130079835653,163.1172919878736,25,0,145.022999990033,0.5087500030640513,0.0005420006345957518,145.53287500166334,25,0
096100002,107.44633301510476,10.208458988927305,0.0007500057108700275,117.65600001672283,19,0,106.07266699662432,0.3173750010319054,0.0006250047590583563,106.39099997933954,19,0
096100003,113.0259589990601,13.028457993641496,134.50458401348442,260.5595840141177,28,2,112.65291599556804,0.475249980809167,122.2950000083074,235.42362501029857,28,2
096100004,101.42970801098272,8.738417003769428,0.0007500057108700275,110.16958300024271,19,0,102.20087500056252,0.3370420017745346,0.0007079797796905041,102.53904198179953,19,0
096100005,101.40408299048431,8.16879200283438,50.78787499223836,160.3613749903161,18,1,100.9602079866454,0.30370798776857555,44.9371249997057,146.20154202566482,18,1
096100006,91.66716699837707,7.056708011077717,44.185415987158194,142.9100829991512,18,1,85.98316699499264,0.28770900098606944,37.223166989861056,123.4947080083657,18,1
096100007,107.48200002126396,10.80416701734066,0.0006249756552278996,118.28725002123974,23,0,107.35350000322796,0.4134159826207906,0.0006249756552278996,107.76812501717359,23,0
096100008,81.29441700293683,5.5444999889004976,0.0007089984137564898,86.84000000357628,15,0,81.3479170028586,0.21591701079159975,0.0007079797796905041,81.56487499945797,15,0
096100009,71.18524998077191,2.725208003539592,0.000667001586407423,73.91170901246369,11,0,74.66304101399146,0.16324999160133302,0.0009580107871443033,74.82779200654477,11,0
096100010,117.60158400284126,15.308041009120643,99.01095798704773,231.9212919974234,30,2,116.38350001885556,0.5261670157779008,73.66779100266285,190.57795801199973,30,2
096100011,101.93008399801329,9.36333299614489,0.0008750066626816988,111.29504200653173,21,0,102.22637499100529,0.36291699507273734,0.000500003807246685,102.59054199559614,21,0
096100012,132.45754200033844,13.316041993675753,42.01158302021213,187.78583299717866,27,1,137.07154098665342,0.456833018688485,38.43149999738671,175.96066699479707,27,1
096100013,73.90316698001698,3.3530420041643083,0.0005839974619448185,77.25741702597588,11,0,75.86741601699032,0.17845898400992155,0.0007920025382190943,76.04691700544208,11,0
096100014,73.69766698684543,3.594290988985449,0.0006250047590583563,77.29295798344538,12,0,73.51066698902287,0.1855420123320073,0.0005830079317092896,73.69716599350795,12,0
096100015,98.82079099770635,8.41474998742342,59.75158399087377,166.98795798583888,18,1,97.60141698643565,0.2830000012181699,30.630749999545515,128.51591600337997,18,1
096100016,145.41666701552458,17.205291980644688,83.85724999243394,246.4800410089083,27,1,147.41420798236504,0.5444580165203661,69.15520899929106,217.11466697161086,27,1
096100017,88.77633299562149,6.9264589983504266,42.80699999071658,138.51037502172403,17,1,90.75912498519756,0.27645801310427487,50.80562498187646,141.84249998652376,17,1
096100018,125.81404199590907,12.743875005980954,0.0006250047590583563,138.55920900823548,24,0,125.63733299612068,0.45508300536312163,0.0007089984137564898,126.09354199958034,24,0
096100019,91.71516701462679,7.8284159826580435,71.67908400879242,171.2235410232097,18,1,88.19424998364411,0.2718330069910735,54.255166003713384,142.72174998768605,18,1
096100020,73.74575000721961,2.965749998111278,0.0006659829523414373,76.71270897844806,8,0,74.71775001613423,0.17991699860431254,0.0008750066626816988,74.8992089938838,8,0
096120001,81.42616701661609,4.571958997985348,42.08366700913757,128.0829590104986,17,1,81.82979200500995,0.2328749978914857,59.73620800068602,141.79958298336715,17,1
096120002,69.15129101253115,4.024875001050532,46.95274998084642,120.12962499284185,18,1,68.37191700469702,0.23833298473618925,42.837749992031604,111.4488749881275,18,1
096120003,168.06912500760518,12.670416996115819,62.91254100506194,243.6532079882454,27,1,119.1232499841135,0.43879199074581265,47.93729100492783,167.4999579845462,27,1
096120004,99.02512500411831,8.92245801514946,44.83129098662175,152.77983399573714,25,1,99.91391698713414,0.35583399585448205,50.21749998559244,150.48804198158905,25,1
096120005,88.29454198712483,7.220458006486297,44.27337500965223,139.78912500897422,22,1,88.07249998790212,0.304749992210418,45.23991598398425,133.618124993518,22,1
096120006,89.02954100631177,7.255959004396573,0.0005830079317092896,96.28708299715072,21,0,86.96391698322259,0.29712499235756695,0.0008750066626816988,87.2624579933472,21,0
096120007,72.00700000976212,4.872041987255216,39.89070901297964,116.77100000088103,19,1,71.9360829971265,0.2483749995008111,46.687583992024884,118.8727089902386,19,1
096120008,53.691209002863616,2.5508749822620302,54.71370799932629,110.95662499428727,13,1,53.17391600692645,0.17695801216177642,52.49112498131581,105.84266699152067,13,1
096120009,83.52875002310611,7.756249979138374,42.896208993624896,134.18204200570472,27,1,78.76408300944604,0.33583398908376694,39.963416988030076,119.06466601067223,27,1
096120010,55.795708001824096,2.3564159928355366,0.0006250047590583563,58.15383300068788,12,0,54.95533300563693,0.17929202294908464,0.0006660120561718941,55.1358750090003,12,0
096120011,91.45258300122805,8.201624994399026,70.82412499585189,170.4793749959208,28,1,84.50754199293442,0.4116669879294932,49.09229199984111,134.01249999878928,28,1
096120012,105.17879098188132,10.417334007797763,85.01262500067241,200.60979097615927,28,2,94.74833298008889,0.5225829954724759,100.41283399914391,195.68483298644423,28,2
096120013,95.2805409906432,7.4389590008649975,0.000667001586407423,102.72091699880548,22,0,87.87158300401643,0.3059169976040721,0.0006250047590583563,88.17879200796597,22,0
096120014,65.47954201232642,3.5882919910363853,0.000833999365568161,69.06933302525431,17,0,62.03724999795668,0.21683401428163052,0.0007920025382190943,62.25545800407417,17,0
096120015,81.79979198030196,5.999167013214901,0.0007499766070395708,87.80045798630454,19,0,79.52145801391453,0.23883298854343593,0.0008330098353326321,79.76145800785162,19,0
096120016,54.476333025377244,2.506959019228816,0.0006659829523414373,56.98466699686833,13,0,56.12579101580195,0.17391599249094725,0.0007500057108700275,56.30108300829306,13,0
096120017,63.319416978629306,2.6378750044386834,0.0007500057108700275,65.95866699353792,11,0,64.98999998439103,0.17300000763498247,0.000667001586407423,65.16416699741967,11,0
096120018,84.0435829886701,6.541417009430006,93.81520902388729,184.40108298091218,21,2,80.0207499996759,0.2777080226223916,85.86208298220299,166.1612080060877,21,2
096120019,88.21991700096987,6.433999980799854,0.0010409858077764511,94.65591699699871,21,0,85.98487501149066,0.3200420178472996,0.0009999785106629133,86.3063340075314,21,0
096120020,56.68149999110028,2.9037909989710897,0.0007500057108700275,59.586749994196,13,0,56.8884169915691,0.1758339931257069,0.000667001586407423,57.06533300690353,13,0
096170001,56.75016701570712,2.9932920006103814,0.0007080088835209608,59.7447500040289,15,0,54.07000001287088,0.17712500994093716,0.0007909839041531086,54.24825000227429,15,0
096170002,77.33708299929276,5.2831659850198776,0.0007080088835209608,82.62150001246482,20,0,75.815332995262,0.3169169940520078,0.0006659829523414373,76.13366699661128,20,0
096170003,56.38158301007934,2.559749991632998,0.0006250047590583563,58.94254200393334,13,0,57.80616600532085,0.1827079977374524,0.0006250047590583563,57.99025000305846,13,0
096170004,103.29249998903833,7.723500020802021,0.000833999365568161,111.01770898676477,18,0,106.37391699128784,0.3028750070370734,0.0008750066626816988,106.67845897842199,18,0
096170006,91.3743749842979,9.884916013106704,42.98837500391528,144.24858399434015,29,1,93.65424999850802,0.6162920035421848,44.67129101976752,138.9430419949349,29,1
096170007,91.15858300356194,6.788458005758002,0.0008750066626816988,97.9487500153482,20,0,99.16262500337325,0.3030420048162341,0.0007500057108700275,99.46691698860377,20,0
096170008,64.92437497945502,4.743500001495704,139.07358300639316,208.74245901359245,23,3,66.10862500383519,0.2825419942382723,130.14212501002476,196.53404201380908,23,3
096170009,74.56750000710599,3.6937500117346644,0.0007089984137564898,78.2628340239171,13,0,73.31279199570417,0.19500000053085387,0.0009170034900307655,73.50916700670496,13,0
096170010,88.76133299781941,6.17170799523592,67.17012499575503,162.10420901188627,17,1,84.97908301069401,0.2611659874673933,29.384249995928258,114.62524998933077,17,1
096170011,100.87954098707996,11.373040993930772,56.742916989605874,168.99637499591336,27,1,100.76237499015406,0.41904099634848535,43.77449999446981,144.95666697621346,27,1
096170012,63.043041998753324,4.504667012952268,124.76358297863044,192.3119580023922,21,3,63.80350000108592,0.2646660141181201,130.39849998313002,194.46754199452698,21,3
096170013,79.12820798810571,6.770667008822784,40.6841250078287,126.58395801554434,25,1,78.54633399983868,0.3614579909481108,46.26750000170432,125.17629101057537,25,1
096170014,83.92787497723475,5.413083010353148,0.0006250047590583563,89.3422500230372,18,0,78.19654099876061,0.2698750176932663,0.000667001586407423,78.4678750205785,18,0
096170015,73.90774998930283,3.8289999938569963,0.0006250047590583563,77.73804198950529,14,0,74.33333297376521,0.20175002282485366,0.0005420006345957518,74.53625000198372,14,0
096170018,79.77124999160878,7.379999995464459,49.81804100680165,136.97012499324046,26,1,84.24749999539927,0.32491699676029384,49.807208008132875,134.38075000885874,26,1
096170020,81.20383397908881,8.189583022613078,83.63104099407792,173.02529199514538,24,2,80.70975000737235,0.34808399504981935,80.48704100656323,161.5455420105718,24,2
096170021,71.86083399574272,5.560874997172505,0.000667001586407423,77.422917005606,23,0,70.48245900659822,0.41308399522677064,0.0010420044418424368,70.89745797566138,23,0
096170022,78.78291700035334,7.320582983084023,117.50154200126417,203.6058329977095,26,2,78.09170900145546,0.35325001226738095,97.04466699622571,175.49045800114982,26,2
096170023,78.98250001017004,6.062667001970112,40.74404199491255,125.78995799412951,21,1,76.92545800819062,0.30366700957529247,42.29308298090473,119.52300000120886,21,1
096170024,63.72245799866505,3.7588750128634274,0.0006250047590583563,67.4824999878183,15,0,63.93691600533202,0.22104202071204782,0.0008330098353326321,64.15995801216923,15,0
096180001,109.4688749872148,12.076834012987092,0.000500003807246685,121.54666698188521,26,0,108.77191700274125,0.44866700773127377,0.0007079797796905041,109.22187499818392,26,0
096180002,64.51958400430158,3.8585409929510206,92.90687501197681,161.2860000168439,15,2,63.79799998831004,0.24487500195391476,112.98745800741017,177.0316250040196,15,2
096180004,81.80779099348001,6.012958008795977,0.0008750066626816988,87.8221669991035,21,0,81.15366700803861,0.29166601598262787,0.0007500057108700275,81.44675000221469,21,0
096180005,97.74950001155958,5.998667009407654,45.7392499956768,149.4883330015,16,1,91.15387499332428,0.2651250106282532,56.12070800270885,147.54037497914396,16,1
096180007,89.21804098645225,7.801416999427602,0.0007920025382190943,97.02087499317713,24,0,88.33654198679142,0.3429169883020222,0.0010420044418424368,88.6811249947641,24,0
096180008,64.58995799766853,4.683292005211115,0.0009999785106629133,69.27474998519756,21,0,64.60037498618476,0.26841601356863976,0.0009160139597952366,64.87008300609887,21,0
096180009,59.67854100163095,3.736500017112121,39.88645799108781,103.3023750060238,18,1,59.74379202234559,0.2272500132676214,48.4055409906432,108.37712502689101,18,1
096180010,60.22508299793117,3.720000007888302,0.000667001586407423,63.946332986233756,17,0,60.23629198898561,0.23770800908096135,0.0005830079317092896,60.47512500663288,17,0
096180011,51.33508300059475,2.3991249909158796,0.0005830079317092896,53.73520898865536,14,0,50.089791999198496,0.1911659783218056,0.0007080088835209608,50.28208400472067,14,0
096180012,78.3574579982087,6.8764580064453185,40.268000011565164,125.50250001368113,21,1,89.90887500112876,0.31945898081175983,39.21183300553821,129.44108300143853,21,1
096180013,79.99349999590777,7.074583001667634,52.665541996248066,139.73424999858253,22,1,81.28412501537241,0.3411670040804893,32.591499999398366,114.21770800370723,22,1
096180014,106.2216249993071,9.915125003317371,60.42095899465494,176.5584579843562,20,1,105.94158299500123,0.3696249914355576,50.316916982410476,156.62900000461377,20,1
096180015,78.7374589999672,6.761875003576279,0.000667001586407423,85.50062499125488,22,0,79.05483400099911,0.31274999491870403,0.0007090275175869465,79.36891698045656,22,0
096180016,82.23583301878534,9.062749973963946,40.08274999796413,131.38183299452066,24,1,82.95495799393393,0.33712497679516673,41.49333300301805,124.78645797818899,24,1
096180017,89.75725001073442,9.348000021418557,0.000833999365568161,99.10691701225005,27,0,87.12870901217684,0.41649999911896884,0.0007920025382190943,87.54679199773818,27,0
096180018,86.97937498800457,8.276082982774824,0.0005830079317092896,95.25658300844952,25,0,86.52974999858998,0.312374992063269,0.00037500285543501377,86.84287502546795,25,0
096180019,107.29208300472237,12.298332992941141,74.92150002508424,194.51241701608524,28,1,114.75304199848324,0.4846669908147305,69.74879201152362,184.98749998980202,28,1
096180020,104.32924999622628,8.807583013549447,0.0007089984137564898,113.13808301929384,21,0,103.57545799342915,0.36849998286925256,0.0007089984137564898,103.94516697851941,21,0
096180021,77.36954200663604,6.8286659952718765,38.43887499533594,122.63766600517556,20,1,77.0305420155637,0.28600002406165004,61.73729198053479,139.05445800628513,20,1
096180022,90.27445799438283,10.477999981958419,43.76870801206678,144.5218340086285,28,1,90.04899999126792,0.42795800254680216,56.85112500214018,147.32883300166577,28,1
096220001,115.42379198363051,12.2598749876488,58.73687501298264,186.42124999314547,23,1,115.71799998637289,0.4083749954588711,48.49604199989699,164.62316599790938,23,1
096220002,80.19187499303371,4.381332983030006,0.0005830079317092896,84.57425000960939,13,0,79.40912499907427,0.2064580039586872,0.000500003807246685,79.61650000652298,13,0
096220003,66.71358301537111,3.818333992967382,50.94658301095478,121.47920901770703,13,1,66.68791701667942,0.21758401999250054,43.160000001080334,110.06612499477342,13,1
096220004,140.48833298147656,17.4106250051409,0.0006250047590583563,157.900083984714,26,0,146.3128330069594,0.5330000130925328,0.0007500057108700275,146.84716699412093,26,0
096220005,154.1020419972483,16.48845901945606,69.62258301791735,240.21429201820865,23,1,153.88383300160058,0.49087501247413456,59.14816600852646,213.52374998969026,23,1
096220006,136.1085419775918,12.440208025509492,88.55616700020619,237.10604099323973,19,2,133.1603750004433,0.40283400448970497,92.82541600987315,226.38941599871032,19,2
096220007,113.43229102203622,8.244249998824671,0.0006249756552278996,121.67758299619891,13,0,113.55920799542218,0.26854200405068696,0.0005420006345957518,113.82887497893535,13,0
096220008,181.9781249796506,22.886874998221174,77.99579200218432,282.8612909943331,29,1,186.6242499963846,0.6462089950218797,32.883624982787296,220.1551249891054,29,1
096220009,105.68645902094431,5.893708002986386,0.0008749775588512421,111.58170798444189,12,0,106.92762502003461,0.24612501147203147,0.0007080088835209608,107.17520900652744,12,0
096220010,122.79266599216498,11.961541982600465,0.000667001586407423,134.75537500926293,20,0,122.93387498357333,0.35029201535508037,0.0005420006345957518,123.28516598790884,20,0
096220011,123.24804099625908,11.428124998928979,60.75645799865015,195.4333749890793,20,1,123.70854199980386,0.35633399966172874,35.660749999806285,159.72641698317602,20,1
096220012,147.80254199285991,12.174500006949529,0.000667001586407423,159.97816700837575,20,0,157.82237498206086,0.38220800342969596,0.0007500057108700275,158.20566698675975,20,0
096220013,149.35974997933954,10.3534999943804,41.484624991426244,201.19883402367122,20,1,117.68112500431016,0.36895801895298064,266.26350000151433,384.3147079751361,20,1
096220014,156.29195800283924,17.310666997218505,43.757916981121525,217.3614999919664,24,1,155.45979200396687,0.5242500046733767,45.50491602276452,201.48974997573532,24,1
096220015,118.75791702186689,13.37245901231654,0.0005420006345957518,132.1314170199912,22,0,119.72033299389295,0.40904199704527855,0.0008330098353326321,120.13095899601467,22,0
096220016,132.21591597539373,15.450915991095826,54.01691701263189,201.68450000346638,27,1,133.631458011223,0.5127909826114774,39.98608299298212,174.13100000703707,27,1
096220017,77.60920899454504,5.004459002520889,58.18091699620709,140.79524998669513,16,1,82.30912499129772,0.26158298715017736,47.47279200819321,130.04450002335943,16,1
096220018,113.91808299231343,12.358292005956173,69.96275001438335,196.2398340110667,27,1,113.3511669759173,0.48558300477452576,38.14316701027565,151.98054199572653,27,1
096220019,57.3508329980541,2.5739579868968576,0.0005410111043602228,59.92583397892304,11,0,59.32579099317081,0.17574999947100878,0.0007910130079835653,59.50283398851752,11,0
096220020,76.89929200569168,5.347958009224385,0.0007080088835209608,82.24829097162001,16,0,76.72137499321252,0.23187499027699232,0.000667001586407423,76.95437502115965,16,0
096230001,166.7031249962747,20.179250015644357,0.0007090275175869465,186.8837919901125,29,0,168.47249999409541,0.6295000202953815,0.0007079797796905041,169.10329199163243,29,0
096230002,92.40550000686198,5.634625005768612,0.0006659829523414373,98.0413340148516,13,0,89.82375002233312,0.21516697597689927,0.000500003807246685,90.03970900084823,13,0
096230004,75.52850001957268,3.8806670054327697,0.000667001586407423,79.41075001144782,13,0,74.24129100400023,0.18970802193507552,0.0007080088835209608,74.4321670208592,13,0
096230005,99.76104201632552,8.605249982792884,0.000833999365568161,108.36754099000245,20,0,97.89983398513868,0.3271249879617244,0.0005839974619448185,98.2278749870602,20,0
096230006,91.53279199381359,6.504333025077358,0.0006249756552278996,98.03829199518077,15,0,90.49108400358818,0.2409169974271208,0.0009169743862003088,90.73341600014828,15,0
096230007,76.69762498699129,4.900333005934954,0.0007080088835209608,81.5992499992717,15,0,76.20833299006335,0.21262498921714723,0.0006660120561718941,76.42191697959788,15,0
096230008,71.85370801016688,3.1575000029988587,0.000667001586407423,75.01233398215845,11,0,72.32262499746867,0.165749981533736,0.0005420006345957518,72.48933301889338,11,0
096230009,105.29470900655724,8.14687498495914,0.000500003807246685,113.44254200230353,17,0,105.24075001012534,0.27987497742287815,0.0007079797796905041,105.52179199294187,17,0
096230010,73.2435839890968,4.517458990449086,0.0005410111043602228,77.76183300302364,13,0,72.99112499458715,0.18779101083055139,0.0004580069798976183,73.17962500383146,13,0
096230011,85.23033300298266,6.964666012208909,0.00045899651013314724,92.19579200726002,17,0,85.46649999334477,0.26324999635107815,0.0005420006345957518,85.73054199223407,17,0
096230012,86.6674580029212,7.957832975080237,0.00045899651013314724,94.6264170052018,22,0,86.59875000012107,0.32204200397245586,0.0006250047590583563,86.92162501392886,22,0
096230013,93.78141700290143,7.607707986608148,44.39525000634603,145.78520899522118,17,1,106.10204198746942,0.2798750065267086,43.59745798865333,149.9802079924848,17,1
096230014,142.3967499868013,16.492583992658183,41.547375003574416,200.43754202197306,24,1,147.04725000774488,0.5126670002937317,46.352791017852724,193.91345800249837,24,1
096230015,97.25141699891537,7.364374992903322,0.0006250047590583563,104.61758301244117,16,0,97.46529097901657,0.28591701993718743,0.0005409820005297661,97.75245797936805,16,0
096230016,141.61129199783318,16.20074998936616,76.38820802094415,234.20079200877808,22,1,141.67879201704636,0.43000001460313797,47.499709005933255,189.6093329996802,22,1
096230017,133.46108299447224,16.79549997788854,57.90733400499448,208.16437501343898,23,1,134.45824998780154,0.4825000069104135,79.30116698844358,214.2425419879146,23,1
096230018,152.84650001558475,18.493957992177457,0.0006250047590583563,171.34158400585875,25,0,152.32408299925737,0.5099580157548189,0.0004159810487180948,152.83508400898427,25,0
096230019,64.18604200007394,2.6479999942239374,0.0006250047590583563,66.83495800825767,10,0,62.829291011439636,0.16191598842851818,0.0007080088835209608,62.992332997964695,10,0
096230020,177.48937499709427,20.460707979509607,64.02504199650139,261.9758329819888,25,1,184.25062502501532,0.571875018067658,56.29645800217986,241.1196659959387,25,1
096230021,125.38366700755432,11.248333001276478,0.0007499766070395708,136.63337501930073,19,0,125.83016601274721,0.36141599412076175,0.0006659829523414373,126.1925830040127,19,0
096260002,66.17287499830127,3.4309590118937194,61.67199998162687,131.2767080089543,11,1,67.12362499092706,0.1612920023035258,47.68354201223701,114.96916599571705,11,1
096260003,99.45587499532849,7.722250011283904,0.0009590003173798323,107.17970901168883,16,0,99.60466701886617,0.2878330124076456,0.0007089984137564898,99.89358400343917,16,0
096260004,96.73700001440011,8.19066699477844,0.0006249756552278996,104.92866701679304,19,0,96.77929201279767,0.31379199936054647,0.0005409820005297661,97.09404199384153,19,0
096260005,98.84091597632505,7.590416993480176,63.685999979497865,170.11804197682068,16,1,98.87970899580978,0.2896249934565276,60.80124998698011,159.97112498735078,16,1
096260006,113.28295900602825,11.674708977807313,0.0005420006345957518,124.95841601048596,22,0,113.28241598675959,0.4029159899801016,0.0007920025382190943,113.68670899537392,22,0
096260007,114.90895799943246,12.033749982947484,39.57324998918921,166.51666699908674,22,1,115.54320901632309,0.3953329869545996,42.88749999250285,158.82654098095372,22,1
096260008,107.42962500080466,11.7693749780301,59.43824999849312,178.63829201087356,23,1,106.90895898733288,0.3878330171573907,54.91004200302996,162.20758299459703,23,1
096260009,150.36554200924002,16.75066599273123,0.0007500057108700275,167.11758301244117,24,0,162.92483400320634,0.49429101636633277,0.0007500057108700275,163.42037499998696,24,0
096260011,96.78091699606739,7.657291018404067,43.65649999817833,148.09554201201536,19,1,107.22354199970141,0.2827080024871975,50.227541010826826,157.73466601967812,19,1
096260012,99.45837501436472,8.234500011894852,45.36070898757316,153.05429199361242,19,1,100.26400000788271,0.3180829808115959,79.34312502038665,179.92583301384002,19,1
096260013,79.34720898629166,4.050499992445111,0.0006250047590583563,83.39866698952392,9,0,79.53454100061208,0.17091698828153312,0.0007910130079835653,79.70679199206643,9,0
096260014,54.076708998763934,2.2305839811451733,0.0005830079317092896,56.30837500211783,9,0,54.208625020692125,0.12795900693163276,0.000500003807246685,54.33733301470056,9,0
096260015,104.35995800071396,8.736540999962017,0.0006250047590583563,113.09770899242721,21,0,103.66204200545326,0.34070899710059166,0.0005830079317092896,104.00354201556183,21,0
096260016,127.67737498506904,11.527458002092317,45.72833399288356,184.93408302310854,22,1,116.54216700117104,0.4015830054413527,43.0617920064833,160.00683399033733,22,1
096260017,124.51925000641495,12.326083000516519,0.0006660120561718941,136.84666701010428,22,0,124.42979199113324,0.42158301221206784,0.0007500057108700275,124.85266700969078,22,0
096260018,92.1480410033837,5.744208989199251,0.000667001586407423,97.89329199702479,12,0,91.07937500812113,0.21670799469575286,0.0007080088835209608,91.29712500725873,12,0
096260019,123.24933297350071,11.751042009564117,0.000667001586407423,135.00150002073497,20,0,122.13729199720547,0.38187499740161,0.0007920025382190943,122.52037500729784,20,0
096260020,80.02541601308621,4.675416013924405,50.42079099803232,135.12229200568981,14,1,78.58329202281311,0.21720799850299954,51.07008299091831,129.87141599296592,14,1
096260021,103.21283401572146,7.872041984228417,0.0009170034900307655,111.08641600003466,16,0,103.98541699396446,0.2837080101016909,0.0007500057108700275,104.27029200945981,16,0
096260022,116.53383300290443,9.884541010251269,0.0004580069798976183,126.41920801252127,18,0,116.61604198161513,0.3330830077175051,0.000500003807246685,116.95008300011978,18,0
096290001,78.20704201003537,5.870249995496124,43.16400000243448,127.24204201367684,17,1,78.46616700408049,0.24420898989774287,40.923124994151294,119.63420899701305,17,1
096290002,78.91700000618584,4.450042004464194,0.0005840265657752752,83.36812499328516,12,0,78.30370802548714,0.20395900355651975,0.0005830079317092896,78.50879200850613,12,0
096290004,80.25600001565181,4.876999999396503,0.0006659829523414373,85.13395901536569,13,0,80.94162502675317,0.21295802434906363,0.0007500057108700275,81.15579199511558,13,0
096290005,85.0962919939775,5.5557090090587735,0.000500003807246685,90.65320799709298,12,0,85.47645801445469,0.19820898887701333,0.0005839974619448185,85.6761250179261,12,0
096290006,111.66879200027324,9.33479200466536,58.43050000839867,179.43479100358672,18,1,111.37491700355895,0.3293330082669854,48.82404100499116,160.5292079912033,18,1
096290007,126.62349999300204,12.924208014737815,0.0006250047590583563,139.54879099037498,21,0,127.80641601420939,0.3918339789379388,0.000667001586407423,128.19920800393447,21,0
096290008,125.88104198221117,11.148499994305894,0.000667001586407423,137.03079198603518,19,0,126.40449998434633,0.3633330052252859,0.000667001586407423,126.76899999496527,19,0
096290009,122.61641601799056,11.871666996739805,47.508290997939184,181.99725000886247,19,1,124.35283299419098,0.35054198815487325,45.74016699916683,170.44433299452066,19,1
096290010,83.45183299388736,3.8672089867759496,0.0005420006345957518,87.31995799462311,12,0,83.41087499866262,0.18674999591894448,0.0005420006345957518,83.59862500219606,12,0
096290011,73.51658400148153,3.418250009417534,0.0007080088835209608,76.93599999765866,12,0,72.1437500033062,0.17212500097230077,0.0005410111043602228,72.31683400459588,12,0
096290012,103.07654101052321,8.811332983896136,0.0005830079317092896,111.88891698839143,21,0,103.27262501232326,0.3410420031286776,0.0007089984137564898,103.61487499903888,21,0
096290014,120.41758297709748,12.192624999443069,43.67749998345971,176.2882499897387,23,1,120.79320801422,0.4189999890513718,43.51129199494608,164.72441700170748,23,1
096290015,96.11354197841138,6.738750002114102,42.10566700203344,144.9587499955669,15,1,96.10241701011546,0.26745800278149545,44.10999998799525,140.4805829806719,15,1
096290016,66.64624999393709,3.4659999946597964,0.0006250047590583563,70.11333300033584,12,0,66.4655419823248,0.16820899327285588,0.0006250047590583563,66.6346249927301,12,0
096290017,79.55733299604617,5.592166009591892,40.27549998136237,125.42599998414516,14,1,79.35229199938476,0.20124998991377652,40.60974999447353,120.16379198757932,14,1
096290018,97.20829100115225,8.591124991653487,54.95729198446497,160.75758400256746,21,1,95.6320830155164,0.34091598354279995,37.5364160281606,133.51004201103933,21,1
096290020,122.39804098499008,13.84162501199171,0.0009170034900307655,136.24129199888557,24,0,122.47945799026638,0.43662500684149563,0.0007500057108700275,122.917333006626,24,0
096290021,95.15516701503657,8.42370800091885,0.0006250047590583563,103.57987499446608,20,0,94.92995802429505,0.3201249928679317,0.00041601015254855156,95.2509590133559,20,0
096290022,115.59729202417657,12.323958013439551,47.99454199383035,175.9168750140816,25,1,121.63145799422637,0.41029101703315973,33.62420800840482,155.66679098992608,25,1
096290023,74.97979101026431,4.273333004675806,0.0007909839041531086,79.25437501398847,12,0,74.3574170046486,0.18608299433253706,0.000667001586407423,74.54470900120214,12,0
096310001,75.07875000010245,5.452792014693841,0.0004169996827840805,80.53220799774863,17,0,75.10654101497494,0.2470840117894113,0.0007079797796905041,75.35508301225491,17,0
096310002,73.22274998296052,6.748916988726705,0.0005830079317092896,79.9726250115782,23,0,73.15216699498706,0.2952909853775054,0.0004580069798976183,73.4482090047095,23,0
096310003,66.76645801053382,5.55299999541603,51.42674999660812,123.74712500604801,21,1,66.55812499229796,0.2504170115571469,63.60925000626594,130.41820799116977,21,1
096310004,63.08845800231211,4.093791998457164,81.33816698682494,148.52104199235328,17,2,63.15858301240951,0.2343749802093953,83.4329159988556,146.8265830189921,17,2
096310005,74.24004102358595,5.464874993776903,40.64212500816211,120.34799999673851,18,1,74.2064579972066,0.2633749973028898,44.377375015756115,118.84787498274818,18,1
096310006,48.98350001894869,2.421250013867393,0.000500003807246685,51.40566601767205,12,0,48.07949997484684,0.16412499826401472,0.0007499766070395708,48.24474998167716,12,0
096310007,50.1424579997547,2.4168749805539846,0.0006250047590583563,52.560417010681704,12,0,50.21579100866802,0.16058297478593886,0.0005829788278788328,50.37758298567496,12,0
096310008,81.74454199615866,7.684584008529782,0.0005409820005297661,89.4301250227727,22,0,81.36741700582206,0.3009999927598983,0.0006250047590583563,81.6694590030238,22,0
096310009,57.67104198457673,3.9101669972296804,0.00037500285543501377,61.581874993862584,15,0,57.81645799288526,0.23154198424890637,0.0007080088835209608,58.04950001765974,15,0
096310010,67.24000000394881,4.710915993200615,0.000667001586407423,71.95199999841861,15,0,67.13354200473987,0.19979200442321599,0.0005420006345957518,67.33412499306723,15,0
096310011,95.56945899385028,10.780457989312708,0.000667001586407423,106.35091600124724,22,0,95.42454199981876,0.3234999894630164,0.00045899651013314724,95.74900000006892,22,0
096310012,74.99033299973235,6.317708001006395,42.575125000439584,123.88345898943953,19,1,78.02691700635478,0.26220898143947124,39.76637500454672,118.05629200534895,19,1
096310013,81.04391698725522,5.563707993132994,0.000667001586407423,86.60904201678932,20,0,80.99945797584951,0.25775001267902553,0.0004580069798976183,81.25800002017058,20,0
096310014,65.17512499704026,4.3101669871248305,40.72891699615866,110.21491599967703,18,1,63.3089590119198,0.2425829879939556,39.663625007960945,103.21595901041292,18,1
096310015,59.262124996166676,4.308959003537893,0.0006250047590583563,63.572166982339695,18,0,59.206708014244214,0.22516699391417205,0.0006250047590583563,59.43291701260023,18,0
096310016,94.67912500258535,8.869291981682181,0.0005830079317092896,103.54937499505468,20,0,95.11695898254402,0.2970420173369348,0.000667001586407423,95.41499998886138,20,0
096310017,65.79170800978318,4.181917000096291,50.55666697444394,120.53116600145586,17,1,65.9603749809321,0.23191701620817184,44.40287497709505,110.59574998216704,17,1
096310018,80.12962501379661,6.824790994869545,0.00037500285543501377,86.95529200485907,21,0,79.46470900787972,0.30979199800640345,0.0005420006345957518,79.77554100216366,21,0
096310019,67.18650000402704,6.012625002767891,0.000667001586407423,73.20012501440942,24,0,67.36499999533407,0.29349999385885894,0.0008340284693986177,67.6597919955384,24,0
096310020,59.73454099148512,4.097958008060232,0.000500003807246685,63.8334590184968,17,0,59.19274999178015,0.20337500609457493,0.000500003807246685,59.39695899724029,17,0
096330003,88.68895799969323,7.280291989445686,70.95583298359998,166.92554199835286,19,1,88.77591698546894,0.3075840068049729,34.41816699341871,123.5024589987006,19,1
096330005,73.04529199609533,4.671000002417713,0.0006249756552278996,77.71754197892733,12,0,72.60462499107234,0.16841597971506417,0.0004580069798976183,72.77391600655392,12,0
096330006,85.43741598259658,6.677833007415757,0.0006250047590583563,92.11654201499186,18,0,85.33154099131934,0.27933300589211285,0.0006250047590583563,85.61204199213535,18,0
096330007,67.1063750050962,3.891041997121647,0.0004580069798976183,70.99845801712945,14,0,67.08874998730607,0.18137501319870353,0.00045899651013314724,67.27083399891853,14,0
096330008,81.73845798592083,4.750416002934799,0.000500003807246685,86.4897079882212,13,0,77.80141700641252,0.1943749957717955,0.0006660120561718941,77.99700001487508,13,0
096330009,79.06612500664778,4.714999988209456,45.16791700734757,128.94966601743363,15,1,78.71008300571702,0.20787501125596464,40.53879200364463,119.45720901712775,15,1
096330010,67.47020801412873,4.558624990750104,0.0004580069798976183,72.0295830105897,17,0,67.91716700536199,0.2262920024804771,0.0005839974619448185,68.14454199047759,17,0
096330011,74.04712500283495,5.148583994014189,0.0005830079317092896,79.19658400351182,16,0,74.11333298659883,0.24070797371678054,0.0006249756552278996,74.35512499068864,16,0
096330012,76.64429201395251,5.384541989769787,41.96633299579844,123.9957080106251,18,1,76.79633298539557,0.24300001678057015,44.98295797384344,122.02283402439207,18,1
096330013,89.62970800348558,7.2583750006742775,0.0005420006345957518,96.88920801272616,20,0,88.96704198559746,0.3226249828003347,0.0006249756552278996,89.29079098743387,20,0
096330014,72.05270900158212,4.020665975986049,0.0006250047590583563,76.07458299025893,13,0,72.34274997608736,0.2065410080831498,0.0006250047590583563,72.5505420123227,13,0
096330015,79.28854200872593,6.17116698413156,0.0007080088835209608,85.46137501252815,20,0,82.53570899250917,0.2763330121524632,0.000667001586407423,82.81333302147686,20,0
096330016,86.62787501816638,6.980584003031254,40.4677499900572,134.07683299737982,18,1,87.76054199552163,0.27254200540483,45.89695899630897,133.93095901119523,18,1
096330017,86.02666697697714,7.637500006239861,59.296958992490545,152.96183299506083,19,1,86.18391599156894,0.3051670209970325,42.988749977666885,129.47841701679863,19,1
096330018,96.16866600117646,9.394167020218447,0.000667001586407423,105.5640830018092,22,0,96.4006669819355,0.3609580162446946,0.000667001586407423,96.76270798081532,22,0
096330019,103.54762501083314,9.849416004726663,45.24279199540615,158.64066701033153,20,1,103.38824999053031,0.32383299549110234,65.9867910144385,169.69933299697004,20,1
096330020,89.6441669901833,7.725417002802715,49.49920799117535,146.86933398479596,21,1,89.65149999130517,0.3421249857638031,33.21149997645989,123.20587498834357,21,1
096330021,125.10133301839232,12.326750002102926,0.00045797787606716156,137.42924999678507,22,0,122.02445801813155,0.41829198016785085,0.0006250047590583563,122.44379200274125,22,0
096330022,113.34391700802371,11.821250023785979,0.0006669724825769663,125.16654099454172,23,0,113.6532910168171,0.396332994569093,0.0005420006345957518,114.0505000075791,23,0
096330023,108.22366701904684,12.327624979661778,46.975792007287964,167.5280419876799,27,1,108.58562498469837,0.4539579967968166,42.001500027254224,151.0418749821838,27,1
096350006,125.28220799867995,11.249833012698218,0.0007910130079835653,136.53329201042652,20,0,124.56050000037067,0.3792080096900463,0.0007909839041531086,124.94108401006088,20,0
096350007,91.1107909923885,7.842708990210667,45.875165989855304,144.82924999902025,19,1,90.03845902043395,0.30566699570044875,43.30512500018813,133.6497500014957,19,1
096350008,97.04454202437773,8.996207994641736,0.0007080088835209608,106.04208300355822,18,0,96.99291698052548,0.3052079991903156,0.0006250047590583563,97.29941599653102,18,0
096350009,95.47979099443182,8.702624996658415,74.14237500051968,178.32541599636897,19,1,95.66774999257177,0.29537497903220356,46.741917001781985,142.7055000094697,19,1
096350010,151.0908339987509,13.712292013224214,62.39674999960698,227.20062502776273,20,1,154.9275419965852,0.42383300024084747,61.31808299687691,216.67054199497215,20,1
096350011,134.39266599016264,13.087458006339148,0.0006250047590583563,147.48116699047387,19,0,135.40879197535105,0.37645801785402,0.000500003807246685,135.78599999891594,19,0
096350012,156.1439170036465,15.91079100035131,65.67495901254006,237.7304169931449,22,1,156.65079100290313,0.46125001972541213,40.28004201245494,197.39262500661425,22,1
096350013,124.98875000164844,11.638417025096714,57.30829099775292,193.93679199856706,23,1,119.83133299509063,0.40199997602030635,29.133332980563864,149.36758400290273,23,1
096350014,78.97408297867514,4.304667003452778,37.76279100566171,121.04258299223147,15,1,77.97379099065438,0.22958399495109916,60.98700000438839,139.19158399221487,15,1
096350015,97.47199999401346,7.132124999770895,52.01329101691954,156.6180830122903,18,1,95.81420800532214,0.32891699811443686,52.18337499536574,148.32708399626426,18,1
096350016,103.1496670038905,9.40879201516509,0.0006250047590583563,112.55966601311229,21,0,103.34400000283495,0.3647079865913838,0.0009580107871443033,103.71041699545458,21,0
096350018,81.29758399445564,5.732666002586484,47.9653749789577,134.9964999826625,13,1,81.17770799435675,0.2010420139413327,57.55283302278258,138.93233399721794,13,1
096350019,78.93233301001601,5.3374170092865825,0.0007080088835209608,84.27116699749604,16,0,79.82583297416568,0.24966700584627688,0.0007080088835209608,80.07666701450944,16,0
096350020,72.93558298260905,3.703624999616295,42.617333005182445,119.257500016829,14,1,65.2602499758359,0.2011250180657953,37.48195798834786,102.9440000129398,14,1
096350021,110.67845800425857,9.212291013682261,0.000667001586407423,119.89187501603737,22,0,102.21554199233651,0.3640000068116933,0.000667001586407423,102.5809160200879,22,0
096350023,95.31333300401457,6.171790999360383,0.0004580069798976183,101.48633399512619,16,0,87.75233299820684,0.26699999580159783,0.0005420006345957518,88.02029199432582,16,0
096350024,81.70624999911524,7.745667011477053,54.513499984750524,143.96625000517815,22,1,81.27808399149217,0.33387498115189373,53.57037502108142,135.18325000768527,22,1
096350025,91.88420799910091,7.589584012748674,70.68854200770147,170.16320800757967,19,1,91.63729200372472,0.3144590009469539,44.466499995905906,136.41900001675822,19,1
096350026,66.0232910013292,3.9357499917969108,52.66349998419173,122.62279199785553,14,1,66.4630829996895,0.20333300926722586,28.817709011491388,95.48495800117962,14,1
096350027,72.91174997226335,4.673999996157363,0.0007080088835209608,77.5869170029182,15,0,72.67812499776483,0.22399998852051795,0.0006250047590583563,72.90316699072719,15,0
096400001,123.76583300647326,19.843374990159646,151.89929198822938,295.5092919874005,37,3,123.40100001893006,0.6344169960357249,154.9075829971116,278.94358299090527,37,3
096400002,97.44575002696365,9.109625010751188,129.52524999855086,236.08166599296965,20,2,100.01112500322051,0.3187500115018338,86.12750002066605,186.45800001104362,20,2
096400004,77.54020902211778,6.700333004118875,46.36350000509992,130.60474998201244,21,1,81.64916699752212,0.3013749956153333,54.38108299858868,136.3324999983888,21,1
096400006,72.59291701484472,6.393457995727658,0.0006250047590583563,78.98754201596603,19,0,72.47795900912024,0.26120798429474235,0.000667001586407423,72.74020797922276,19,0
096400007,97.57608300424181,10.674582998035476,102.0410829805769,210.29229200212285,26,2,99.90587501670234,0.4015000013168901,84.07587499823421,184.3838750210125,26,2
096400008,133.47754199639894,17.152416985481977,0.000667001586407423,150.6312080018688,29,0,131.4598750032019,0.5318329785950482,0.0005420006345957518,131.99258298845962,29,0
096400010,79.02270901831798,6.196917005581781,64.22829101211391,149.4484170107171,17,1,80.02987501095049,0.2605420013424009,43.51908297394402,123.81029198877513,17,1
096400012,57.199500006390736,3.815708012552932,60.11141597991809,121.12712499219924,17,1,57.01858300017193,0.21754199406132102,51.098833995638415,108.3357080060523,17,1
096400013,77.23637501476333,6.183457997394726,42.70508300396614,126.1255830177106,19,1,76.29216701025143,0.2807079872582108,42.10474999854341,118.67820797488093,19,1
096400014,58.92433298868127,3.548375010723248,50.17529198084958,112.6486669818405,14,1,58.854333008639514,0.19441699259914458,41.926665988285094,100.9759999869857,14,1
096400016,89.18049998464994,9.425541997188702,51.063291990431026,149.67020798940212,24,1,91.95095798349939,0.3531660186126828,42.88604098837823,135.19100000848994,24,1
096400018,62.93283301056363,4.212542000459507,0.0006669724825769663,67.14662499143742,17,0,62.59587500244379,0.2109999768435955,0.0005829788278788328,62.80779201188125,17,0
096400019,67.74266698630527,4.667917004553601,0.0006250047590583563,72.41170800989494,17,0,70.00462498399429,0.24133300757966936,0.0005839974619448185,70.2469999960158,17,0
096400020,66.51108400546946,5.310709006153047,156.02812499855645,227.85075000138022,20,3,74.23416600795463,0.25887502124533057,129.1839999903459,203.67770898155868,20,3
096400021,73.33720798487775,6.356249999953434,0.0007089984137564898,79.69445799244568,16,0,73.22133402340114,0.23908400908112526,0.000667001586407423,73.46162499743514,16,0
096400022,56.786791974445805,3.1731660128571093,0.0005830079317092896,59.96091599809006,15,0,56.999666994670406,0.21220798953436315,0.0007500057108700275,57.21295898547396,15,0
096400024,65.56820898549631,5.480207997607067,111.90816698945127,182.95737498556264,24,2,62.97133301268332,0.2757500042207539,121.88724998850375,185.13500000699423,24,2
096400025,73.53079199674539,7.491500000469387,146.0192919766996,227.04249998787418,28,4,72.86554097663611,0.36275002639740705,147.79954199912027,221.02854200056754,28,4
096400026,57.695958006661385,4.511582985287532,88.17070798249915,150.378999998793,21,2,57.70937501802109,0.2682499762158841,91.24637499917299,149.22474999912083,21,2
096400028,65.02529099816456,5.254374991636723,47.6676250109449,117.94787499820814,19,1,65.22291697910987,0.2550420176703483,46.75204199156724,112.23104101372883,19,1
096470002,134.62012499803677,16.82504199561663,0.000833999365568161,151.4467090019025,26,0,135.30312501825392,0.5033749912399799,0.0007500057108700275,135.8077909972053,26,0
096470003,88.88987501268275,8.131415990646929,57.662875013193116,154.68479102128185,23,1,88.67720799753442,0.35854100133292377,51.72587500419468,140.76245899195783,23,1
096470004,80.39841699064709,7.593665999593213,47.43800000869669,135.4313330084551,22,1,80.4661670117639,0.3205419925507158,49.76854199776426,130.55591599550098,22,1
096470005,91.67254201020114,10.028666001744568,0.0006250047590583563,101.70224998728372,25,0,91.41475000069477,0.39508301415480673,0.0007080088835209608,91.81095799431205,25,0
096470007,67.05408400739543,4.388957982882857,0.0005409820005297661,71.44379199598916,15,0,67.3207090003416,0.22262500715442002,0.0007080088835209608,67.54454202018678,15,0
096470008,68.25233300332911,3.740500018466264,0.0005839974619448185,71.99424999998882,14,0,68.0613330041524,0.20070900791324675,0.0007919734343886375,68.26329199247994,14,0
096470010,76.58870800514705,5.635166016872972,42.32516698539257,124.54970899852924,16,1,77.23445797455497,0.2380829828325659,39.832625014241785,117.30583300231956,16,1
096470011,76.10462501179427,5.097957997350022,97.25404198979959,178.45737500465475,17,2,75.70966699859127,0.2560419961810112,82.07274999585934,158.03895800490864,17,2
096470012,89.28216702770442,10.747666994575411,88.22704199701548,188.25779200415127,28,2,89.06900000874884,0.41054197936318815,91.8740410124883,181.35445800726302,28,2
096470013,56.886832986492664,3.09408301836811,38.07249999954365,98.05425000377,15,1,56.8532079923898,0.2026250003837049,44.60104199824855,101.65745799895376,15,1
096470014,63.03000001935288,4.622000007657334,0.0005839974619448185,67.65295899822377,18,0,63.27362498268485,0.22054201690480113,0.000667001586407423,63.49520798539743,18,0
096470015,63.14220902277157,4.83375001931563,78.45970898051746,146.43637498375028,21,1,62.64799999189563,0.24812499759718776,39.37604199745692,102.2727919917088,21,1
096470016,71.66691700695083,4.379209014587104,80.66404200508259,156.71074998681433,18,2,64.47366697830148,0.22979200002737343,95.85858401260339,160.56283400394022,18,2
096470017,99.55566702410579,9.7618329746183,115.74458301765844,225.06316701765172,24,2,95.93204199336469,0.3603750083129853,103.0418330046814,199.3350420088973,24,2
096470018,66.56216701958328,4.440249991603196,80.54112500394695,151.54433299903758,16,1,67.78558299993165,0.23458400391973555,64.29916599881835,132.3200830083806,16,1
096470019,65.68491700454615,4.646541987312958,0.00100000761449337,70.33295900328085,17,0,64.7070000122767,0.24179098545573652,0.000667001586407423,64.94983300217427,17,0
096470020,78.10116600012407,5.485333007527515,52.51179198967293,136.09912499669008,18,1,79.41937498981133,0.25954199372790754,62.701333983568475,142.380957986461,18,1
096470021,80.80770901869982,5.722832982428372,107.5055830006022,194.03699997928925,18,2,75.11908299056813,0.27362501714378595,79.7222499968484,155.11575000709854,18,2
096470022,66.27191699226387,6.217249989276752,159.451125015039,231.94074997445568,25,3,66.44612498348579,0.31566599500365555,157.63704100390896,224.39970800769515,25,3
096470023,59.411374997580424,3.279249998740852,0.0007089984137564898,62.6920840004459,15,0,58.80920801428147,0.19654101924970746,0.000667001586407423,59.00670902337879,15,0
