split,utterance,canonical_phones,mfa_phones,matched_phones
train,000010011,10,10,10
train,000010035,13,13,13
train,000010053,11,12,11
train,000010063,13,13,12
train,000010069,15,15,15
train,000010075,11,11,11
train,000010089,15,15,14
train,000010095,13,13,13
train,000010106,12,13,12
train,000010113,18,18,18
train,000010121,16,16,16
train,000010122,19,19,16
train,000010133,14,14,13
train,000010135,15,15,15
train,000010140,15,15,15
train,000010145,15,17,15
train,000010149,15,15,15
train,000010168,2,2,2
train,000010173,4,4,4
train,000050003,15,15,15
train,000050010,10,10,10
train,000050024,15,15,14
train,000050028,10,11,10
train,000050038,13,14,13
train,000050040,13,13,12
train,000050047,10,10,10
train,000050049,7,7,7
train,000050055,8,8,8
train,000050078,18,18,18
train,000050079,19,19,17
train,000050083,14,13,11
train,000050095,14,14,14
train,000050099,17,18,16
train,000050100,15,16,14
train,000050114,19,19,17
train,000050122,20,20,19
train,000050174,8,8,8
train,000050175,6,6,6
train,000060015,17,17,17
train,000060020,18,18,18
train,000060029,15,16,15
train,000060031,12,13,12
train,000060049,10,10,10
train,000060056,14,14,13
train,000060077,12,13,12
train,000060082,10,10,9
train,000060083,15,16,15
train,000060094,17,17,17
train,000060102,13,14,13
train,000060106,18,19,18
train,000060111,17,17,17
train,000060113,13,13,13
train,000060116,19,20,19
train,000060124,19,19,18
train,000060130,12,12,12
train,000060136,10,10,10
train,000060153,15,16,15
train,000260011,14,14,13
train,000260015,15,15,14
train,000260032,12,13,11
train,000260033,13,14,13
train,000260039,12,12,11
train,000260048,13,14,12
train,000260050,12,12,11
train,000260052,14,15,14
train,000260069,15,15,15
train,000260075,11,11,11
train,000260091,18,18,16
train,000260095,16,16,14
train,000260096,15,15,14
train,000260112,22,22,21
train,000260115,19,19,19
train,000260126,12,12,11
train,000260133,15,15,12
train,000260166,12,12,12
train,000360013,20,20,20
train,000360034,27,27,26
train,000360036,14,14,12
train,000360132,20,20,18
train,000360133,25,26,25
train,000360161,18,19,18
train,000360190,23,24,23
train,000360210,25,25,24
train,000360223,30,29,28
train,000360241,18,18,15
train,000360264,30,31,28
train,000360283,11,11,10
train,000360313,21,21,19
train,000360314,14,14,14
train,000360332,27,27,24
train,000360334,18,19,17
train,000360339,24,24,24
train,000360343,30,30,27
train,000360360,22,23,21
train,000360378,13,13,12
train,000480010,9,9,8
train,000480014,13,13,12
train,000480016,13,13,13
train,000480019,16,16,16
train,000480023,13,12,11
train,000480033,12,12,11
train,000480045,13,13,13
train,000480068,10,10,10
train,000480081,15,14,14
train,000480089,14,14,14
train,000480090,8,8,8
train,000480108,14,14,14
train,000480119,16,16,14
train,000480125,22,22,20
train,000480134,14,14,14
train,000480136,17,17,14
train,000480151,11,12,10
train,000480158,13,13,12
train,000480159,13,13,12
train,000530003,17,17,15
train,000530006,15,15,15
train,000530019,16,16,15
train,000530027,9,9,9
train,000530030,14,14,14
train,000530037,9,11,9
train,000530054,9,10,9
train,000530055,15,15,14
train,000530060,16,16,15
train,000530063,12,13,12
train,000530077,13,14,13
train,000530109,14,14,14
train,000530112,18,18,18
train,000530115,17,18,16
train,000530145,25,25,25
train,000530154,11,11,11
train,000530163,16,17,16
train,000530174,12,13,12
train,000540001,10,12,10
train,000540004,10,12,9
train,000540014,14,14,14
train,000540018,18,18,17
train,000540031,12,13,12
train,000540054,12,13,12
train,000540055,12,12,11
train,000540058,23,23,21
train,000540062,14,13,12
train,000540072,15,15,14
train,000540077,14,15,13
train,000540088,13,13,12
train,000540106,17,17,17
train,000540111,14,14,12
train,000540117,16,17,15
train,000540123,20,21,20
train,000540127,16,16,15
train,000540130,12,12,12
train,000540156,10,10,10
train,000540163,11,12,9
train,000560016,19,19,16
train,000560017,17,18,16
train,000560026,12,15,12
train,000560030,10,10,10
train,000560033,13,14,13
train,000560038,9,11,8
train,000560058,14,15,12
train,000560068,11,11,9
train,000560074,11,12,11
train,000560075,15,16,14
train,000560084,14,14,12
train,000560086,14,14,14
train,000560088,8,8,8
train,000560116,19,19,17
train,000560117,25,26,23
train,000560134,22,22,22
train,000560154,13,13,11
train,000560159,7,8,6
train,000560162,14,14,14
train,000560172,12,12,11
train,000700008,16,16,15
train,000700010,13,13,12
train,000700012,12,12,10
train,000700015,17,17,17
train,000700019,17,17,16
train,000700034,12,14,12
train,000700037,12,14,12
train,000700046,12,14,12
train,000700048,10,11,10
train,000700053,12,13,12
train,000700063,14,13,10
train,000700065,15,15,15
train,000700082,10,10,9
train,000700109,14,14,14
train,000700120,18,18,16
train,000700123,23,23,21
train,000700130,13,13,12
train,000700151,13,14,12
train,000700156,7,7,6
train,000700174,9,10,9
train,000750005,11,12,11
train,000750015,15,15,14
train,000750020,24,24,21
train,000750024,13,13,12
train,000750026,14,14,13
train,000750029,15,16,15
train,000750045,12,13,11
train,000750068,13,13,10
train,000750080,13,14,12
train,000750082,14,14,13
train,000750085,12,12,10
train,000750091,18,21,17
train,000750101,12,12,10
train,000750108,11,11,10
train,000750123,17,18,17
train,000750134,9,9,9
train,000750140,13,13,9
train,000750149,18,17,16
train,001030008,17,17,16
train,001030013,15,15,14
train,001030032,13,13,12
train,001030048,10,10,9
train,001030053,9,10,9
train,001030054,9,10,9
train,001030060,15,15,15
train,001030061,12,12,11
train,001030065,11,11,11
train,001030077,16,17,15
train,001030078,16,16,14
train,001030090,11,11,9
train,001030099,18,19,17
train,001030102,16,16,16
train,001030103,17,17,16
train,001030121,16,16,16
train,001030136,17,17,16
train,001030143,16,16,15
train,001030144,20,20,19
train,001030155,10,10,10
train,001040022,14,14,14
train,001040026,14,14,14
train,001040038,12,12,11
train,001040050,12,13,12
train,001040062,11,12,10
train,001040069,14,14,13
train,001040071,13,13,11
train,001040073,16,17,16
train,001040100,18,18,16
train,001040104,12,12,10
train,001040106,14,14,14
train,001040108,15,15,15
train,001040115,18,18,18
train,001040120,18,18,16
train,001040122,17,17,16
train,001040134,16,16,16
train,001040136,15,15,14
train,001040149,27,27,26
train,001040173,8,8,6
train,001310022,14,14,13
train,001310023,14,14,14
train,001310061,14,14,14
train,001310062,11,11,10
train,001310076,18,19,17
train,001310078,16,17,15
train,001310081,13,13,12
train,001310096,17,17,17
train,001310122,19,19,16
train,001310123,25,25,24
train,001310129,13,13,11
train,001310144,9,9,9
train,001310148,2,3,2
train,001310152,12,12,11
train,001310154,11,12,8
train,001310155,6,6,5
train,001310162,6,6,6
train,001310165,14,15,14
train,001310168,9,9,6
train,001350002,16,17,16
train,001350091,31,31,30
train,001350119,21,22,20
train,001350124,27,28,27
train,001350134,9,10,9
train,001350163,18,18,16
train,001350174,22,21,18
train,001350180,27,27,26
train,001350194,25,25,24
train,001350216,15,16,14
train,001350219,24,24,21
train,001350243,15,15,15
train,001350285,23,24,21
train,001350312,20,20,19
train,001350317,26,26,24
train,001350318,21,21,21
train,001350343,19,20,18
train,001350350,12,13,10
train,001350356,16,16,14
train,001350375,19,20,18
train,001450037,10,11,10
train,001450043,11,12,11
train,001450049,20,19,18
train,001450051,18,19,17
train,001450063,11,12,11
train,001450070,13,14,13
train,001450083,19,19,17
train,001450090,19,19,18
train,001450094,17,18,16
train,001450098,19,20,18
train,001450109,12,12,12
train,001450116,19,20,18
train,001450140,9,9,9
train,001450142,4,4,4
train,001450146,9,9,9
train,001450159,13,13,12
train,001450170,14,15,13
train,001450171,18,18,14
train,001450172,15,15,15
train,001450173,4,4,4
train,004820005,22,23,20
train,004820015,24,24,22
train,004820041,32,32,31
train,004820045,13,13,13
train,004820055,19,19,18
train,004820114,29,31,27
train,004820119,24,24,23
train,004820144,22,22,22
train,004820201,25,27,25
train,004820214,19,19,16
train,004820220,14,14,13
train,004820239,17,18,16
train,004820258,20,21,19
train,004820265,25,25,25
train,004820268,16,17,15
train,004820329,22,21,21
train,004820353,23,23,22
train,004820370,17,18,17
train,004820371,22,22,20
train,004820378,31,32,27
train,005600015,22,22,21
train,005600060,17,16,15
train,005600065,18,18,17
train,005600129,24,24,22
train,005600145,15,16,15
train,005600146,12,12,12
train,005600153,12,12,11
train,005600154,32,33,31
train,005600180,12,14,12
train,005600199,14,14,13
train,005600205,26,27,25
train,005600212,22,23,22
train,005600214,16,16,16
train,005600268,18,19,16
train,005600294,11,11,10
train,005600296,22,22,22
train,005600298,11,12,11
train,005600318,23,23,22
train,005600365,18,18,18
train,005600370,21,21,21
train,005750059,30,31,30
train,005750067,23,22,22
train,005750089,32,33,31
train,005750099,30,32,29
train,005750150,22,23,20
train,005750168,18,19,15
train,005750178,13,15,13
train,005750179,17,18,16
train,005750237,23,24,21
train,005750249,19,20,19
train,005750268,19,20,18
train,005750270,23,23,23
train,005750290,16,16,15
train,005750297,24,24,22
train,005750298,12,12,11
train,005750300,16,16,16
train,005750303,15,15,14
train,005750321,16,16,14
train,005750330,30,30,28
train,005750347,28,30,27
train,005940019,20,21,20
train,005940025,22,22,21
train,005940141,18,20,18
train,005940142,16,16,16
train,005940164,19,19,17
train,005940174,24,24,23
train,005940193,17,17,16
train,005940195,13,13,12
train,005940234,16,16,14
train,005940237,19,19,19
train,005940238,20,20,18
train,005940252,17,17,16
train,005940263,26,27,24
train,005940267,21,21,19
train,005940271,19,19,19
train,005940283,17,17,17
train,005940304,18,18,16
train,005940318,21,21,21
train,005940373,22,22,19
train,005940380,25,26,23
train,007390013,19,21,18
train,007390019,21,21,20
train,007390062,21,22,20
train,007390070,38,39,37
train,007390072,16,16,16
train,007390092,16,15,14
train,007390119,22,22,20
train,007390120,16,17,16
train,007390139,23,23,23
train,007390160,24,25,24
train,007390195,28,29,25
train,007390197,17,17,17
train,007390208,20,21,20
train,007390211,14,14,12
train,007390220,29,29,29
train,007390228,18,18,17
train,007390238,21,21,20
train,007390281,19,19,19
train,007390294,13,13,12
train,007390355,28,28,28
train,008130061,27,26,26
train,008130081,27,29,24
train,008130091,38,38,34
train,008130100,25,23,21
train,008130153,15,15,15
train,008130196,16,16,14
train,008130222,19,19,19
train,008130233,17,19,16
train,008130257,14,14,14
train,008130271,23,23,20
train,008130281,20,21,16
train,008130282,30,31,28
train,008130283,27,25,23
train,008130288,29,28,25
train,008130301,19,19,18
train,008130339,18,18,18
train,008130340,20,20,17
train,008130346,17,18,15
train,008130356,16,16,16
train,008130380,21,21,20
train,009600062,17,17,17
train,009600113,35,34,30
train,009600118,25,27,23
train,009600120,14,14,14
train,009600127,22,22,22
train,009600129,21,21,20
train,009600133,32,34,31
train,009600140,18,18,17
train,009600186,19,19,18
train,009600190,23,24,23
train,009600205,28,28,26
train,009600215,12,12,12
train,009600262,13,14,13
train,009600267,19,20,17
train,009600270,26,24,23
train,009600287,16,15,13
train,009600335,31,32,30
train,009600337,19,19,17
train,009600338,25,24,23
train,009600343,12,14,12
train,010120008,16,17,15
train,010120059,33,33,31
train,010120071,25,24,23
train,010120128,18,18,18
train,010120148,28,28,28
train,010120166,22,22,20
train,010120180,12,12,11
train,010120193,16,16,15
train,010120200,17,17,16
train,010120208,24,24,24
train,010120212,20,20,18
train,010120219,22,22,21
train,010120243,31,32,31
train,010120255,22,22,22
train,010120265,19,19,19
train,010120269,21,21,20
train,010120303,31,32,31
train,010120334,23,24,22
train,010120335,29,29,27
train,010120374,18,18,15
train,010270117,15,15,15
train,010270124,19,19,19
train,010270131,14,14,13
train,010270140,23,23,22
train,010270170,18,19,18
train,010270198,22,23,19
train,010270226,17,18,15
train,010270238,16,16,16
train,010270265,23,22,19
train,010270268,30,32,26
train,010270294,16,16,16
train,010270301,19,19,18
train,010270306,34,36,31
train,010270314,18,18,15
train,010270349,24,25,24
train,010270354,17,17,15
train,010270356,24,25,22
train,010270366,23,23,22
train,010270368,21,23,18
train,010270377,31,33,28
train,010290003,18,18,16
train,010290066,26,26,25
train,010290094,15,14,13
train,010290096,25,25,24
train,010290123,24,25,24
train,010290152,29,30,28
train,010290179,15,17,15
train,010290189,17,17,17
train,010290229,16,17,14
train,010290236,21,21,20
train,010290252,28,28,24
train,010290260,15,15,15
train,010290276,15,16,14
train,010290287,19,20,18
train,010290294,17,16,14
train,010290320,26,26,25
train,010290330,24,24,24
train,010290341,33,34,33
train,010290361,24,25,22
train,010290362,17,17,17
train,010330026,25,27,25
train,010330033,15,15,15
train,010330035,23,25,23
train,010330052,28,30,26
train,010330053,24,25,23
train,010330085,24,24,24
train,010330103,25,25,22
train,010330129,24,26,24
train,010330139,34,36,32
train,010330147,16,16,15
train,010330197,33,32,31
train,010330235,15,15,14
train,010330241,16,16,16
train,010330257,24,24,20
train,010330268,21,21,21
train,010330277,25,24,23
train,010330325,26,26,26
train,010330345,17,17,15
train,010330346,28,28,28
train,010420022,14,14,14
train,010420023,17,17,17
train,010420034,13,14,13
train,010420040,12,14,12
train,010420047,7,7,7
train,010420059,15,15,15
train,010420060,14,14,13
train,010420064,14,14,12
train,010420105,16,16,15
train,010420129,15,15,14
train,010420133,14,14,12
train,010420134,16,16,15
train,010420143,25,25,21
train,010420151,10,11,9
train,010420157,14,15,13
train,010420167,14,15,14
train,010420175,11,11,11
train,010440006,18,19,18
train,010440008,19,19,17
train,010440012,21,21,20
train,010440017,15,15,14
train,010440038,12,14,12
train,010440039,14,15,14
train,010440053,31,31,30
train,010440064,16,17,16
train,010440077,13,14,13
train,010440099,10,11,10
train,010440106,18,18,17
train,010440107,19,20,19
train,010440117,17,18,16
train,010440119,19,19,18
train,010440120,14,14,14
train,010440149,10,11,10
train,010440150,13,13,13
train,010440154,10,11,9
train,010640005,24,25,20
train,010640017,26,28,24
train,010640028,28,27,26
train,010640034,21,22,20
train,010640036,27,28,26
train,010640056,30,32,28
train,010640082,15,16,14
train,010640098,14,15,13
train,010640166,26,28,25
train,010640210,22,23,20
train,010640212,19,19,17
train,010640242,14,14,14
train,010640250,17,17,16
train,010640277,15,15,15
train,010640280,28,28,27
train,010640284,15,15,15
train,010640286,18,18,18
train,010640297,21,22,20
train,010640314,21,21,18
train,010640366,26,29,25
train,010920012,16,16,16
train,010920024,15,16,15
train,010920025,20,20,20
train,010920030,10,10,10
train,010920032,14,16,14
train,010920033,10,12,10
train,010920043,13,15,12
train,010920044,11,12,11
train,010920065,16,16,16
train,010920070,17,17,16
train,010920075,13,13,13
train,010920105,19,20,17
train,010920125,22,22,20
train,010920126,20,20,17
train,010920141,19,18,15
train,010920153,10,9,7
train,010920159,18,18,18
train,010920165,8,8,7
train,011970004,14,14,13
train,011970006,21,21,21
train,011970019,15,15,15
train,011970036,10,10,10
train,011970042,14,14,14
train,011970075,14,14,13
train,011970081,12,12,11
train,011970087,15,14,14
train,011970092,13,13,10
train,011970095,18,18,17
train,011970107,22,21,20
train,011970141,18,18,15
train,011970142,18,17,12
train,011970145,24,24,23
train,011970165,12,12,12
train,011970173,10,10,9
train,011970175,20,20,16
train,012030007,15,15,15
train,012030010,19,19,19
train,012030013,17,17,17
train,012030024,14,14,14
train,012030027,22,22,22
train,012030031,10,11,10
train,012030032,12,12,12
train,012030036,12,12,12
train,012030043,15,17,15
train,012030044,14,15,14
train,012030053,20,20,19
train,012030055,23,23,23
train,012030058,13,14,11
train,012030072,10,10,10
train,012030078,9,9,9
train,012030083,16,16,15
train,012030093,14,14,11
train,012030097,13,13,11
train,012030116,22,23,21
train,012030138,15,14,12
train,012600017,24,25,24
train,012600072,21,21,21
train,012600082,31,31,29
train,012600129,20,20,20
train,012600131,19,20,19
train,012600177,15,15,15
train,012600186,20,19,17
train,012600210,30,31,29
train,012600219,15,16,15
train,012600224,13,13,13
train,012600251,13,13,12
train,012600252,18,18,17
train,012600263,18,18,18
train,012600281,22,22,22
train,012600295,15,16,14
train,012600330,15,15,13
train,012600338,12,12,11
train,012600345,31,31,28
train,012600357,20,22,20
train,012600368,20,20,20
train,013090018,17,18,16
train,013090027,22,23,21
train,013090041,28,28,27
train,013090051,24,24,23
train,013090076,24,23,21
train,013090105,15,15,14
train,013090128,24,24,21
train,013090147,26,27,25
train,013090148,15,15,14
train,013090160,23,23,22
train,013090179,23,23,22
train,013090181,18,18,17
train,013090184,18,18,17
train,013090185,20,20,19
train,013090202,14,16,14
train,013090232,16,19,14
train,013090267,30,31,28
train,013090287,13,13,12
train,013090339,21,21,19
train,013090364,28,28,24
train,013360001,33,32,31
train,013360002,14,15,14
train,013360016,19,19,18
train,013360082,33,34,31
train,013360123,12,12,12
train,013360130,22,24,22
train,013360140,15,16,15
train,013360145,14,14,13
train,013360146,14,15,13
train,013360161,25,25,22
train,013360162,16,16,16
train,013360171,23,23,23
train,013360226,18,19,17
train,013360234,27,28,25
train,013360235,15,15,15
train,013360257,13,13,12
train,013360263,14,14,14
train,013360268,15,15,15
train,013360360,17,17,16
train,013360363,18,18,18
train,013620027,16,16,15
train,013620030,28,26,22
train,013620106,27,27,25
train,013620108,23,23,22
train,013620128,12,12,12
train,013620137,20,20,20
train,013620140,20,19,18
train,013620143,21,21,20
train,013620146,12,12,12
train,013620162,13,14,13
train,013620175,22,22,20
train,013620184,16,16,16
train,013620185,24,24,24
train,013620210,25,25,25
train,013620241,14,14,13
train,013620257,18,18,17
train,013620258,12,12,9
train,013620292,17,17,16
train,013620361,14,14,13
train,013620366,13,14,13
train,013720023,12,12,12
train,013720051,26,27,26
train,013720070,22,22,22
train,013720082,22,23,22
train,013720140,21,20,19
train,013720152,21,20,18
train,013720153,20,20,20
train,013720167,16,16,13
train,013720182,24,24,24
train,013720189,25,25,25
train,013720198,18,18,17
train,013720199,20,21,19
train,013720201,20,20,17
train,013720215,13,14,13
train,013720233,16,16,16
train,013720256,19,19,19
train,013720274,27,26,26
train,013720275,20,20,20
train,013720311,20,21,19
train,013720360,20,20,18
train,014070040,24,25,23
train,014070080,19,20,19
train,014070092,24,24,24
train,014070101,24,25,24
train,014070159,12,12,11
train,014070207,23,23,23
train,014070217,13,13,12
train,014070239,19,20,19
train,014070248,14,14,12
train,014070265,17,17,17
train,014070270,16,16,16
train,014070281,25,25,24
train,014070297,30,32,29
train,014070304,24,24,23
train,014070308,28,28,24
train,014070336,25,25,24
train,014070341,40,41,38
train,014070343,23,23,22
train,014070349,30,30,28
train,014070358,22,22,21
train,014180002,24,24,23
train,014180008,17,17,16
train,014180011,12,12,11
train,014180013,13,13,11
train,014180044,12,14,12
train,014180051,16,16,16
train,014180063,11,11,11
train,014180084,19,19,18
train,014180088,12,12,11
train,014180100,15,15,13
train,014180131,19,19,18
train,014180139,22,23,22
train,014180143,23,23,21
train,014180150,15,18,15
train,014180155,10,10,8
train,014180158,9,9,8
train,014180160,9,9,8
train,014180165,12,12,12
train,014180166,11,11,11
train,014190025,22,22,22
train,014190027,16,16,16
train,014190030,12,12,12
train,014190055,19,19,17
train,014190059,13,14,13
train,014190060,10,10,10
train,014190062,12,12,10
train,014190064,17,17,16
train,014190071,7,7,7
train,014190073,14,14,14
train,014190081,13,14,13
train,014190088,20,22,19
train,014190095,15,15,14
train,014190098,20,20,17
train,014190107,21,21,16
train,014190114,16,16,14
train,014190172,10,10,10
train,014350004,19,19,19
train,014350012,18,18,18
train,014350016,19,19,19
train,014350020,16,17,16
train,014350022,18,18,16
train,014350028,11,14,11
train,014350094,19,19,18
train,014350103,14,14,11
train,014350110,19,19,17
train,014350133,14,14,13
train,014350146,27,28,25
train,014350153,10,10,10
train,014350157,9,10,9
train,014350158,12,12,10
train,014350163,10,10,9
train,014350165,14,14,11
train,014390008,16,16,14
train,014390009,20,18,16
train,014390045,13,15,13
train,014390052,24,24,22
train,014390057,17,17,17
train,014390064,14,14,14
train,014390068,19,19,19
train,014390076,13,13,13
train,014390086,19,20,18
train,014390090,15,15,14
train,014390117,23,23,21
train,014390124,15,15,15
train,014390133,23,23,22
train,014390134,23,23,20
train,014390135,21,20,18
train,014390143,22,21,19
train,014390154,11,11,10
train,014390156,14,14,11
train,014390163,14,16,14
train,014470007,17,17,16
train,014470017,18,18,17
train,014470026,13,13,11
train,014470028,13,13,12
train,014470031,7,7,7
train,014470038,10,10,10
train,014470039,12,13,12
train,014470053,13,13,13
train,014470060,9,9,9
train,014470063,14,14,14
train,014470072,13,13,13
train,014470084,18,19,17
train,014470100,17,17,17
train,014470124,15,15,15
train,014470140,32,31,29
train,014470141,25,22,18
train,014470149,9,11,9
train,014470150,10,10,10
train,020220021,33,33,31
train,020220023,33,33,33
train,020220033,32,31,27
train,020220048,12,12,12
train,020220056,18,18,17
train,020220060,14,14,13
train,020220072,16,17,14
train,020220091,26,26,26
train,020220120,21,20,19
train,020220122,14,14,14
train,020220139,20,20,20
train,020220141,13,14,12
train,020220176,19,20,18
train,020220200,24,24,24
train,020220221,17,17,17
train,020220232,15,15,15
train,020220259,19,19,18
train,020220264,25,26,22
train,020220295,19,19,19
train,020220366,13,13,13
train,020340016,19,19,19
train,020340019,16,16,16
train,020340029,12,12,12
train,020340043,9,9,9
train,020340055,17,17,16
train,020340056,22,23,19
train,020340063,12,12,11
train,020340065,14,13,13
train,020340071,14,13,13
train,020340096,20,20,19
train,020340098,21,22,20
train,020340109,29,26,23
train,020340113,26,26,26
train,020340140,11,11,11
train,020340144,23,23,21
train,020340156,17,19,17
train,020340162,13,15,12
train,020340166,14,12,11
train,020340169,17,17,17
train,020360017,14,14,14
train,020360019,20,20,18
train,020360036,17,17,16
train,020360055,29,29,29
train,020360089,32,32,31
train,020360097,21,21,20
train,020360100,21,22,21
train,020360131,34,34,31
train,020360136,13,13,13
train,020360143,15,16,14
train,020360202,17,17,16
train,020360211,18,18,15
train,020360220,16,16,16
train,020360228,11,11,11
train,020360245,18,17,14
train,020360299,29,30,28
train,020360301,10,10,9
train,020360302,22,22,21
train,020360312,38,39,36
train,020360329,16,16,15
train,020590022,19,20,18
train,020590026,27,27,26
train,020590047,13,14,11
train,020590077,40,41,36
train,020590103,21,22,17
train,020590121,19,20,18
train,020590122,15,16,15
train,020590123,14,14,14
train,020590144,24,24,23
train,020590151,11,11,10
train,020590164,14,14,14
train,020590181,19,20,19
train,020590228,23,22,21
train,020590265,19,20,18
train,020590274,24,25,24
train,020590276,25,27,25
train,020590290,15,16,15
train,020590322,26,26,23
train,020590359,14,14,14
train,020590376,25,25,24
train,020610010,13,13,12
train,020610014,14,13,13
train,020610061,30,31,28
train,020610090,15,15,14
train,020610122,20,21,20
train,020610134,13,13,13
train,020610166,16,16,15
train,020610168,24,25,22
train,020610174,19,19,18
train,020610175,16,18,15
train,020610194,22,22,20
train,020610201,15,16,15
train,020610206,17,17,16
train,020610207,18,18,17
train,020610291,14,14,12
train,020610302,20,21,19
train,020610316,23,23,22
train,020610328,14,14,12
train,020610341,27,27,26
train,020610343,30,30,30
train,020890003,33,32,31
train,020890037,14,15,14
train,020890112,19,21,18
train,020890134,14,14,14
train,020890156,16,17,16
train,020890165,22,22,20
train,020890206,24,23,23
train,020890207,15,16,12
train,020890215,21,22,20
train,020890219,15,15,12
train,020890259,19,19,19
train,020890260,26,26,25
train,020890267,18,18,16
train,020890274,22,22,20
train,020890306,21,21,21
train,020890313,18,17,16
train,020890326,27,28,24
train,020890340,25,25,24
train,020890346,23,25,22
train,020890371,9,9,9
train,021290009,18,18,18
train,021290011,22,22,22
train,021290068,27,27,25
train,021290121,18,18,18
train,021290134,15,15,14
train,021290144,27,28,25
train,021290148,20,21,19
train,021290160,24,24,24
train,021290169,19,19,18
train,021290173,16,17,15
train,021290200,23,24,23
train,021290209,25,25,23
train,021290235,28,28,27
train,021290261,18,20,16
train,021290282,22,22,21
train,021290291,19,19,18
train,021290319,23,23,18
train,021290324,18,18,18
train,021290326,16,16,14
train,021290371,19,19,18
train,021680007,16,16,14
train,021680016,22,22,19
train,021680048,34,34,30
train,021680052,25,25,23
train,021680122,21,21,17
train,021680154,20,20,17
train,021680169,17,17,15
train,021680190,35,36,31
train,021680237,27,28,25
train,021680246,15,15,14
train,021680249,22,24,19
train,021680251,17,17,17
train,021680266,20,20,20
train,021680288,30,30,26
train,021680297,23,25,23
train,021680318,19,20,17
train,021680332,16,16,16
train,021680369,13,13,11
train,021680379,24,25,24
train,021680380,35,35,35
train,021700029,23,23,20
train,021700034,30,32,29
train,021700062,25,25,23
train,021700077,11,12,10
train,021700120,33,33,29
train,021700131,16,16,14
train,021700139,21,21,21
train,021700153,34,34,32
train,021700176,9,10,8
train,021700211,20,21,18
train,021700224,22,22,20
train,021700232,26,27,25
train,021700236,29,31,28
train,021700240,31,32,30
train,021700277,20,20,18
train,021700287,17,17,17
train,021700291,16,15,15
train,021700300,22,22,19
train,021700362,14,14,13
train,021700379,22,21,19
train,021790008,18,17,16
train,021790025,16,16,16
train,021790030,9,10,9
train,021790035,12,14,12
train,021790039,14,15,14
train,021790040,13,15,13
train,021790043,11,12,10
train,021790075,13,13,12
train,021790083,18,18,17
train,021790084,16,17,16
train,021790108,24,26,23
train,021790112,10,10,10
train,021790125,16,15,12
train,021790149,12,12,11
train,021790152,13,13,13
train,021790168,19,19,17
train,021790169,14,14,12
train,021790173,17,17,15
train,022080028,19,20,19
train,022080038,22,22,21
train,022080085,21,22,20
train,022080100,19,18,18
train,022080116,22,22,21
train,022080124,28,28,27
train,022080146,19,21,18
train,022080179,30,31,28
train,022080181,19,20,19
train,022080186,15,15,14
train,022080187,18,17,15
train,022080189,13,14,11
train,022080192,19,20,18
train,022080202,13,14,10
train,022080204,16,16,14
train,022080210,30,32,29
train,022080294,12,12,12
train,022080299,28,29,27
train,022080340,30,31,28
train,022080341,19,19,18
train,022360092,25,25,22
train,022360126,24,25,22
train,022360147,13,13,11
train,022360159,15,16,12
train,022360185,18,19,18
train,022360186,14,14,13
train,022360221,17,17,16
train,022360222,17,17,16
train,022360227,15,15,15
train,022360231,22,22,20
train,022360253,29,30,28
train,022360259,19,19,18
train,022360262,14,14,13
train,022360265,21,21,17
train,022360293,18,18,18
train,022360310,27,27,26
train,022360311,16,16,15
train,022360321,40,41,39
train,022360326,17,17,17
train,022360350,16,17,14
train,022420015,13,13,13
train,022420045,21,20,19
train,022420067,18,18,15
train,022420073,21,21,20
train,022420086,32,32,29
train,022420106,18,18,18
train,022420129,15,15,14
train,022420138,15,15,13
train,022420146,20,20,19
train,022420164,20,20,16
train,022420168,24,24,23
train,022420172,14,14,13
train,022420273,20,22,18
train,022420288,18,18,17
train,022420292,15,16,15
train,022420306,18,18,18
train,022420342,14,14,13
train,022420346,21,21,20
train,022420348,26,27,25
train,022420362,21,21,18
train,022440038,33,33,29
train,022440039,30,30,29
train,022440062,34,34,32
train,022440073,31,31,31
train,022440126,12,12,12
train,022440134,22,23,21
train,022440139,13,13,11
train,022440144,14,14,14
train,022440165,22,22,21
train,022440180,22,22,21
train,022440189,28,28,23
train,022440215,18,18,17
train,022440277,17,17,16
train,022440286,26,27,24
train,022440312,16,16,15
train,022440337,17,18,17
train,022440340,22,22,22
train,022440352,20,19,17
train,022440361,24,25,24
train,022440362,20,20,18
train,022510066,18,18,17
train,022510069,20,20,19
train,022510089,24,27,21
train,022510093,22,22,22
train,022510095,20,20,20
train,022510122,15,15,15
train,022510152,24,24,22
train,022510166,19,21,19
train,022510190,20,21,18
train,022510211,16,17,16
train,022510230,24,25,23
train,022510237,22,22,21
train,022510255,13,13,13
train,022510266,20,21,20
train,022510276,20,21,20
train,022510291,15,15,14
train,022510300,12,12,12
train,022510320,20,20,18
train,022510323,15,15,14
train,022510368,20,20,20
train,022820020,30,31,30
train,022820021,20,20,18
train,022820026,18,17,15
train,022820042,35,35,32
train,022820062,39,37,36
train,022820072,30,30,29
train,022820079,27,27,26
train,022820106,24,24,24
train,022820107,21,21,20
train,022820121,19,20,18
train,022820134,19,20,18
train,022820142,13,14,13
train,022820155,18,18,16
train,022820191,17,17,15
train,022820197,16,16,14
train,022820281,11,11,11
train,022820291,15,16,13
train,022820293,18,18,17
train,022820317,19,19,18
train,022820357,20,20,19
train,023800015,18,17,15
train,023800042,29,29,28
train,023800056,20,20,20
train,023800093,24,24,23
train,023800114,35,37,33
train,023800124,23,25,21
train,023800160,16,16,14
train,023800186,16,16,15
train,023800242,23,25,23
train,023800260,21,21,20
train,023800277,15,16,15
train,023800278,33,34,32
train,023800280,17,17,17
train,023800298,23,23,22
train,023800326,23,23,20
train,023800330,34,35,32
train,023800338,25,25,25
train,023800352,20,21,20
train,023800363,18,20,18
train,023800368,16,16,16
train,024020047,22,23,20
train,024020051,29,29,29
train,024020053,15,15,13
train,024020069,30,31,30
train,024020084,17,17,15
train,024020142,38,38,36
train,024020158,21,21,17
train,024020175,20,20,16
train,024020176,25,26,24
train,024020205,14,14,14
train,024020233,24,24,24
train,024020238,22,22,20
train,024020253,33,36,30
train,024020256,15,15,15
train,024020260,22,21,21
train,024020265,14,14,14
train,024020291,29,30,27
train,024020321,13,13,12
train,024020328,38,37,37
train,024020337,26,26,24
train,024270011,28,31,27
train,024270019,21,22,19
train,024270028,30,30,30
train,024270051,22,23,20
train,024270053,16,17,16
train,024270057,21,21,21
train,024270077,12,12,12
train,024270127,17,17,15
train,024270155,20,20,19
train,024270168,16,17,15
train,024270176,20,21,19
train,024270178,16,16,15
train,024270183,22,22,21
train,024270197,20,21,20
train,024270206,20,21,18
train,024270245,23,24,22
train,024270270,23,23,22
train,024270292,19,20,19
train,024270313,13,13,12
train,024270336,13,13,13
train,024300001,21,21,20
train,024300052,23,23,22
train,024300061,15,15,14
train,024300063,19,19,18
train,024300065,28,28,25
train,024300068,35,36,34
train,024300080,10,9,8
train,024300082,30,31,29
train,024300093,31,31,29
train,024300099,22,22,20
train,024300118,22,22,22
train,024300131,19,19,18
train,024300132,23,24,21
train,024300135,26,26,24
train,024300189,19,19,18
train,024300221,14,14,14
train,024300270,14,14,13
train,024300330,18,18,17
train,024300345,20,20,19
train,024300360,21,20,18
train,024500006,17,17,17
train,024500021,34,34,31
train,024500033,19,20,19
train,024500095,22,22,22
train,024500126,13,13,12
train,024500139,13,13,13
train,024500141,19,19,19
train,024500147,22,21,20
train,024500151,18,19,17
train,024500156,15,16,14
train,024500164,15,16,14
train,024500228,23,25,23
train,024500250,20,20,19
train,024500268,24,24,21
train,024500284,27,26,25
train,024500317,17,17,17
train,024500327,14,15,13
train,024500333,14,15,14
train,024500350,19,19,15
train,024500363,24,24,24
train,026210005,20,20,19
train,026210047,31,31,30
train,026210096,17,18,16
train,026210123,26,26,23
train,026210132,21,20,20
train,026210135,14,14,13
train,026210136,16,16,16
train,026210141,19,20,18
train,026210157,25,26,25
train,026210177,18,18,17
train,026210185,18,18,18
train,026210203,22,22,21
train,026210213,15,15,14
train,026210220,25,26,24
train,026210231,12,12,12
train,026210242,16,17,16
train,026210262,19,20,19
train,026210287,24,24,24
train,026210299,20,20,17
train,026210302,13,13,13
train,027990028,25,25,25
train,027990046,14,14,14
train,027990056,29,30,27
train,027990059,18,20,18
train,027990066,24,23,23
train,027990153,13,13,13
train,027990156,30,30,26
train,027990160,19,19,18
train,027990162,28,29,27
train,027990167,17,18,17
train,027990201,20,21,19
train,027990232,18,18,17
train,027990242,16,17,15
train,027990247,23,24,23
train,027990264,26,26,23
train,027990309,13,13,13
train,027990328,24,24,23
train,027990330,23,25,22
train,027990341,23,25,21
train,027990358,27,27,23
train,029810020,18,18,17
train,029810027,29,32,28
train,029810135,22,23,20
train,029810139,18,19,18
train,029810147,15,16,14
train,029810158,16,16,16
train,029810200,15,14,12
train,029810204,17,17,16
train,029810216,13,13,13
train,029810221,22,23,21
train,029810234,28,30,26
train,029810235,28,29,25
train,029810243,16,16,13
train,029810283,17,17,16
train,029810294,20,21,20
train,029810301,15,15,14
train,029810315,20,21,18
train,029810349,18,19,18
train,029810350,32,31,30
train,029810360,10,12,9
train,030020008,13,13,11
train,030020012,15,16,13
train,030020022,11,11,8
train,030020047,15,15,15
train,030020048,16,15,12
train,030020065,11,11,11
train,030020077,10,10,10
train,030020092,15,15,13
train,030020100,16,17,15
train,030020112,10,10,9
train,030020117,13,13,13
train,030020126,22,24,19
train,030020136,14,14,13
train,030020138,11,11,11
train,030020144,14,14,14
train,030020152,10,10,10
train,030020159,12,12,11
train,030020161,14,14,14
train,030020162,20,20,19
train,030020172,13,13,13
train,030200005,27,27,24
train,030200011,15,15,14
train,030200016,11,11,10
train,030200018,14,14,12
train,030200019,16,16,15
train,030200021,22,23,22
train,030200037,16,16,14
train,030200041,14,14,13
train,030200049,10,11,10
train,030200057,14,14,13
train,030200076,10,10,8
train,030200078,22,23,22
train,030200087,15,15,14
train,030200101,14,14,14
train,030200105,15,15,13
train,030200108,16,16,13
train,030200137,15,15,13
train,030200151,13,13,13
train,030200153,22,23,21
train,030200164,18,18,16
train,030210005,15,16,12
train,030210032,13,14,12
train,030210041,17,17,14
train,030210042,18,18,18
train,030210044,13,13,10
train,030210045,9,10,9
train,030210047,16,16,15
train,030210050,11,11,10
train,030210060,19,19,19
train,030210074,13,13,13
train,030210079,19,19,16
train,030210082,13,13,13
train,030210118,14,14,13
train,030210123,11,11,11
train,030210137,12,12,12
train,030210143,15,16,15
train,030210152,28,28,28
train,030210164,22,22,21
train,030210165,15,15,14
train,030210175,14,15,14
train,030230003,22,22,19
train,030230018,18,19,15
train,030230056,17,18,16
train,030230060,38,38,33
train,030230086,17,17,16
train,030230092,31,31,25
train,030230119,27,27,26
train,030230170,22,23,22
train,030230182,17,18,15
train,030230194,20,21,19
train,030230209,17,17,17
train,030230253,17,17,17
train,030230260,28,28,26
train,030230276,19,20,17
train,030230280,21,22,18
train,030230311,14,15,13
train,030230330,24,24,24
train,030230336,18,18,17
train,030230340,25,25,22
train,030230374,21,22,19
train,030460032,12,12,12
train,030460038,24,27,22
train,030460048,19,19,19
train,030460051,14,14,13
train,030460052,16,17,15
train,030460071,15,16,14
train,030460085,9,9,9
train,030460097,25,25,24
train,030460106,9,10,8
train,030460110,14,14,12
train,030460114,15,15,15
train,030460126,11,11,11
train,030460133,17,17,15
train,030460142,21,22,21
train,030460146,20,20,18
train,030460147,24,24,24
train,030460157,19,20,19
train,030460158,15,15,15
train,030460160,18,18,16
train,030460163,11,11,10
train,030490010,22,23,21
train,030490013,16,15,14
train,030490029,11,11,10
train,030490040,21,21,17
train,030490055,23,25,19
train,030490062,12,13,12
train,030490063,15,16,14
train,030490071,17,17,16
train,030490076,16,16,14
train,030490078,15,15,15
train,030490095,22,22,20
train,030490126,12,12,12
train,030490127,22,22,20
train,030490130,11,11,10
train,030490138,17,17,16
train,030490140,16,18,15
train,030490142,13,13,12
train,030490166,20,20,19
train,030490168,9,9,9
train,030490170,17,17,15
train,030680003,20,21,19
train,030680005,16,17,15
train,030680009,13,14,12
train,030680016,18,19,17
train,030680027,15,15,14
train,030680034,9,9,9
train,030680037,12,12,10
train,030680045,17,17,16
train,030680054,18,18,16
train,030680056,12,12,12
train,030680072,13,13,11
train,030680075,17,17,14
train,030680090,16,16,16
train,030680092,14,15,12
train,030680097,11,11,11
train,030680105,10,10,10
train,030680114,16,16,15
train,030680119,13,13,13
train,030680140,7,7,7
train,030680162,19,19,16
train,030830001,20,20,18
train,030830004,9,9,9
train,030830013,27,28,27
train,030830021,21,22,20
train,030830030,10,10,10
train,030830033,22,22,21
train,030830043,11,11,9
train,030830069,13,13,13
train,030830074,14,14,14
train,030830093,13,14,12
train,030830094,11,11,11
train,030830102,16,16,16
train,030830116,13,13,13
train,030830118,23,23,23
train,030830124,26,27,25
train,030830129,15,16,14
train,030830135,10,10,10
train,030830147,14,15,14
train,030830154,12,12,11
train,030830169,11,11,11
train,030880003,14,14,14
train,030880015,10,10,10
train,030880018,15,15,14
train,030880019,12,12,11
train,030880025,18,18,18
train,030880041,29,29,26
train,030880049,19,19,18
train,030880057,16,16,15
train,030880058,14,14,13
train,030880067,16,17,16
train,030880086,11,11,9
train,030880092,10,10,10
train,030880096,16,17,14
train,030880099,14,14,13
train,030880105,9,9,9
train,030880123,12,12,12
train,030880131,17,17,17
train,030880146,11,11,11
train,030880172,10,10,8
train,030880173,12,12,10
train,032080019,9,9,9
train,032080038,15,15,14
train,032080043,14,14,11
train,032080056,8,8,7
train,032080058,10,11,10
train,032080071,15,15,14
train,032080078,18,18,17
train,032080079,23,22,19
train,032080083,22,22,20
train,032080088,13,14,13
train,032080092,20,20,19
train,032080093,19,19,18
train,032080099,11,12,10
train,032080103,13,13,13
train,032080110,17,17,15
train,032080119,23,23,20
train,032080132,14,14,14
train,032080145,19,20,17
train,032080150,15,15,15
train,032080161,13,13,13
train,034230011,11,12,11
train,034230034,14,14,14
train,034230035,11,11,11
train,034230043,14,14,14
train,034230051,23,24,23
train,034230058,14,15,14
train,034230063,20,20,19
train,034230072,11,11,10
train,034230079,12,12,12
train,034230081,11,11,11
train,034230083,10,10,9
train,034230085,12,12,12
train,034230108,15,15,12
train,034230112,14,14,12
train,034230115,15,16,15
train,034230123,16,17,12
train,034230141,25,25,24
train,034230154,15,15,15
train,034230164,18,19,18
train,034230168,11,11,11
train,036360016,12,12,12
train,036360027,9,9,9
train,036360029,17,18,15
train,036360032,16,16,16
train,036360033,17,19,16
train,036360034,9,9,9
train,036360044,27,28,26
train,036360055,12,12,12
train,036360061,16,16,14
train,036360062,14,15,12
train,036360071,22,23,22
train,036360106,19,19,18
train,036360111,28,30,28
train,036360114,11,12,11
train,036360142,19,19,17
train,036360151,17,17,17
train,036360154,12,12,11
train,036360160,16,17,16
train,036360167,17,17,15
train,036360174,11,11,10
train,038370004,21,22,20
train,038370013,14,14,13
train,038370019,18,18,18
train,038370045,12,13,11
train,038370052,11,11,11
train,038370056,15,15,15
train,038370060,12,13,12
train,038370061,17,17,16
train,038370068,19,21,19
train,038370070,12,12,12
train,038370081,10,10,9
train,038370097,11,11,10
train,038370105,10,10,10
train,038370107,14,14,12
train,038370128,14,14,13
train,038370142,20,21,20
train,038370153,23,23,21
train,038370160,10,10,10
train,038370167,20,20,17
train,038370170,12,13,10
train,040050015,21,21,20
train,040050041,39,39,37
train,040050060,29,30,26
train,040050071,20,21,19
train,040050094,20,20,17
train,040050107,26,24,22
train,040050110,14,14,14
train,040050125,19,21,19
train,040050142,22,22,20
train,040050180,34,34,32
train,040050183,12,12,12
train,040050203,14,14,13
train,040050205,18,18,18
train,040050255,14,14,13
train,040050264,14,14,13
train,040050271,17,17,16
train,040050281,21,21,18
train,040050295,17,19,16
train,040050306,14,15,14
train,040050358,17,17,16
train,051950005,18,18,17
train,051950011,20,20,20
train,051950018,28,28,28
train,051950025,13,13,13
train,051950032,15,16,15
train,051950033,32,31,27
train,051950038,16,16,16
train,051950044,14,14,14
train,051950050,15,15,14
train,051950051,16,17,15
train,051950067,26,26,25
train,051950075,22,22,19
train,051950086,15,16,15
train,051950088,14,14,13
train,051950096,19,19,19
train,051950138,17,17,15
train,051950154,18,18,16
train,051950163,14,15,14
train,051950164,21,20,20
train,051950170,27,26,25
train,052180017,14,14,13
train,052180027,9,9,9
train,052180028,22,22,21
train,052180037,18,18,17
train,052180041,18,18,18
train,052180042,23,23,22
train,052180046,10,10,10
train,052180068,15,15,15
train,052180084,10,10,9
train,052180090,9,10,9
train,052180093,24,24,21
train,052180098,17,17,17
train,052180104,30,32,29
train,052180112,31,31,29
train,052180117,17,18,16
train,052180124,29,31,28
train,052180137,23,23,21
train,052180143,24,24,24
train,052180146,18,18,16
train,052180160,20,21,20
train,054010004,26,27,23
train,054010009,23,22,21
train,054010014,11,11,11
train,054010032,15,15,14
train,054010046,13,13,13
train,054010051,13,13,13
train,054010055,12,12,11
train,054010061,12,12,10
train,054010072,10,10,9
train,054010079,26,26,25
train,054010091,20,20,18
train,054010095,19,20,19
train,054010105,15,15,15
train,054010107,21,21,21
train,054010123,12,13,10
train,054010130,11,11,11
train,054010136,25,27,23
train,054010148,12,12,12
train,054010155,11,13,10
train,054010165,21,21,21
train,054080004,20,20,20
train,054080008,18,18,18
train,054080011,14,14,14
train,054080019,15,16,13
train,054080021,16,16,14
train,054080033,16,16,15
train,054080035,27,28,27
train,054080042,20,22,19
train,054080065,15,15,15
train,054080081,31,32,30
train,054080109,25,27,25
train,054080123,12,12,12
train,054080138,17,18,17
train,054080150,17,17,17
train,054080151,21,18,17
train,054080154,21,22,20
train,054080163,25,25,25
train,054080165,22,23,21
train,054080167,24,24,22
train,054080174,22,21,19
train,054140003,13,13,12
train,054140010,23,23,22
train,054140015,10,10,10
train,054140019,11,12,10
train,054140021,16,16,15
train,054140039,11,11,11
train,054140051,14,14,14
train,054140057,14,14,14
train,054140077,30,31,29
train,054140098,19,19,17
train,054140104,14,15,13
train,054140106,10,10,10
train,054140113,12,12,10
train,054140115,15,15,14
train,054140118,19,19,18
train,054140119,11,12,11
train,054140122,15,15,13
train,054140127,19,20,17
train,054140154,14,16,14
train,054140158,22,22,22
train,054180014,15,15,15
train,054180015,12,12,12
train,054180021,24,26,23
train,054180022,25,22,21
train,054180029,18,19,18
train,054180033,14,14,14
train,054180059,14,14,13
train,054180063,13,13,13
train,054180075,10,10,10
train,054180076,22,23,20
train,054180077,10,10,10
train,054180079,12,12,11
train,054180087,26,26,25
train,054180091,19,19,19
train,054180096,12,12,12
train,054180111,20,20,20
train,054180123,18,17,17
train,054180126,20,20,19
train,054180130,29,29,29
train,054180174,23,23,19
train,054240002,18,18,17
train,054240025,14,14,14
train,054240038,15,16,13
train,054240039,17,17,15
train,054240048,16,16,15
train,054240053,24,26,24
train,054240079,11,11,9
train,054240091,10,9,9
train,054240093,10,11,10
train,054240094,10,10,10
train,054240097,27,27,22
train,054240099,29,30,28
train,054240109,14,14,13
train,054240115,19,19,18
train,054240116,16,16,16
train,054240117,15,15,13
train,054240125,16,17,15
train,054240126,22,23,20
train,054240138,22,22,22
train,054240152,21,23,21
train,055510024,16,16,16
train,055510029,12,13,11
train,055510046,22,22,21
train,055510061,24,24,23
train,055510067,14,14,14
train,055510070,19,20,18
train,055510078,10,10,10
train,055510079,13,13,12
train,055510084,16,16,16
train,055510088,20,22,20
train,055510093,16,16,15
train,055510096,13,13,12
train,055510100,16,16,15
train,055510110,17,17,17
train,055510122,23,22,20
train,055510130,19,19,18
train,055510143,28,27,26
train,055510156,18,18,18
train,055510164,27,27,26
train,055510165,16,18,15
train,060100004,19,19,18
train,060100009,19,19,19
train,060100031,23,22,21
train,060100034,18,20,18
train,060100037,16,16,16
train,060100041,20,21,20
train,060100047,20,20,20
train,060100066,12,12,12
train,060100081,24,24,24
train,060100092,11,11,10
train,060100100,26,25,22
train,060100101,18,18,17
train,060100105,15,15,15
train,060100124,6,6,6
train,060100128,28,30,28
train,060100132,25,26,25
train,060100147,17,17,16
train,060100154,22,21,19
train,060100159,15,15,13
train,060100164,17,18,17
train,060480005,16,17,16
train,060480008,19,20,17
train,060480012,18,19,17
train,060480018,14,14,14
train,060480037,16,17,16
train,060480050,16,16,16
train,060480082,12,12,12
train,060480084,27,26,23
train,060480090,21,21,20
train,060480094,17,17,17
train,060480102,12,12,12
train,060480104,21,21,21
train,060480131,29,31,29
train,060480134,9,9,9
train,060480135,23,24,22
train,060480145,22,23,22
train,060480147,10,10,10
train,060480148,18,18,17
train,060480168,14,14,14
train,060480169,25,25,25
train,061210013,16,16,15
train,061210031,11,11,11
train,061210059,16,16,16
train,061210060,22,24,21
train,061210063,29,29,27
train,061210068,26,23,23
train,061210069,23,23,21
train,061210071,13,14,13
train,061210075,11,11,10
train,061210086,11,12,10
train,061210095,17,17,17
train,061210109,20,20,18
train,061210128,22,22,20
train,061210129,30,29,28
train,061210140,13,13,11
train,061210141,22,22,21
train,061210142,11,11,11
train,061210147,22,22,22
train,061210148,16,16,14
train,061210174,23,23,22
train,064010049,12,13,12
train,064010056,23,24,23
train,064010057,13,14,13
train,064010066,14,16,12
train,064010067,19,19,19
train,064010086,18,17,16
train,064010092,16,16,15
train,064010093,19,19,19
train,064010103,13,13,13
train,064010107,16,16,14
train,064010109,11,11,11
train,064010120,13,13,13
train,064010123,16,17,16
train,064010135,15,15,15
train,064010141,17,17,17
train,064010150,33,34,30
train,064010161,31,32,30
train,064010172,18,19,18
train,064010173,20,20,16
train,065040005,31,31,27
train,065040007,16,16,15
train,065040009,29,30,29
train,065040011,17,17,15
train,065040028,27,27,25
train,065040042,16,16,14
train,065040044,20,21,19
train,065040045,19,19,18
train,065040049,19,21,18
train,065040077,20,21,19
train,065040112,13,13,12
train,065040118,17,17,15
train,065040124,17,17,17
train,065040125,15,16,14
train,065040126,12,12,12
train,065040127,15,15,15
train,065040133,24,25,23
train,065040134,17,17,17
train,065040137,17,17,16
train,065040160,13,13,13
train,069120003,28,28,27
train,069120014,12,12,10
train,069120020,18,19,16
train,069120025,14,14,13
train,069120052,16,16,15
train,069120059,18,19,17
train,069120061,13,13,13
train,069120072,14,14,14
train,069120083,16,16,16
train,069120087,15,15,15
train,069120092,17,17,17
train,069120093,24,24,22
train,069120094,20,20,20
train,069120106,17,17,17
train,069120121,24,24,23
train,069120123,10,10,10
train,069120140,23,23,23
train,069120151,17,17,16
train,069120165,18,18,17
train,069120170,23,23,22
train,070010001,12,12,10
train,070010002,25,25,24
train,070010003,24,23,21
train,070010004,31,32,29
train,070010005,42,41,36
train,070010006,33,34,29
train,070010007,14,14,14
train,070010008,24,24,22
train,070010009,21,22,19
train,070010010,24,25,23
train,070010011,22,23,21
train,070010012,23,22,21
train,070010013,12,12,11
train,070010014,26,27,23
train,070010015,30,31,30
train,070010016,24,25,23
train,070010017,19,20,17
train,070010018,22,23,20
train,070010019,23,23,22
train,070010020,20,20,19
train,075510004,24,24,22
train,075510010,22,24,21
train,075510017,17,18,17
train,075510036,23,22,21
train,075510038,20,20,19
train,075510041,14,14,13
train,075510057,15,15,15
train,075510076,23,24,22
train,075510086,20,20,18
train,075510090,31,31,29
train,075510091,23,23,23
train,075510099,19,16,16
train,075510129,22,23,22
train,075510131,29,29,27
train,075510137,18,18,18
train,075510142,27,27,26
train,075510144,36,36,35
train,075510163,23,23,23
train,075510165,21,22,21
train,075510167,23,23,23
train,080020001,25,24,23
train,080020002,19,19,18
train,080020003,39,39,37
train,080020004,14,14,12
train,080020005,12,11,9
train,080020006,15,14,13
train,080020007,13,13,13
train,080020008,19,19,18
train,080020009,31,30,28
train,080020010,21,22,20
train,080020011,24,25,24
train,080020012,20,22,20
train,080020013,21,21,20
train,080020014,13,13,12
train,080020015,14,15,13
train,080020016,15,14,13
train,080020017,18,19,18
train,080020018,19,19,18
train,080020019,23,23,20
train,080020020,21,21,17
train,080570004,17,18,16
train,080570009,16,16,15
train,080570013,18,18,17
train,080570014,21,21,21
train,080570031,24,24,22
train,080570053,18,18,18
train,080570067,20,21,19
train,080570071,23,24,21
train,080570072,34,34,34
train,080570080,26,27,23
train,080570081,15,15,14
train,080570087,13,13,13
train,080570089,21,22,21
train,080570102,28,29,26
train,080570127,20,20,19
train,080570138,16,16,14
train,080570143,33,34,31
train,080570144,25,27,23
train,080570146,23,24,22
train,080570157,18,18,18
train,085850006,22,22,21
train,085850024,15,15,14
train,085850039,24,25,23
train,085850042,23,24,21
train,085850044,16,16,15
train,085850046,12,12,12
train,085850056,23,22,22
train,085850075,18,18,18
train,085850088,17,17,16
train,085850092,25,25,25
train,085850094,17,17,17
train,085850101,13,13,13
train,085850108,27,28,23
train,085850112,17,17,14
train,085850119,15,16,14
train,085850120,15,15,14
train,085850138,23,23,22
train,085850146,15,15,13
train,085850161,27,26,25
train,085850170,28,28,26
train,090340002,27,27,25
train,090340007,21,21,21
train,090340021,22,24,21
train,090340032,26,26,26
train,090340039,28,28,25
train,090340041,23,23,23
train,090340043,36,37,36
train,090340054,19,17,17
train,090340071,13,13,12
train,090340085,16,16,16
train,090340088,13,13,12
train,090340090,27,27,26
train,090340108,12,12,12
train,090340114,25,26,23
train,090340126,25,25,24
train,090340131,19,19,18
train,090340155,29,29,29
train,090340158,16,16,15
train,090340164,19,19,19
train,090340168,37,38,34
train,090700006,17,17,16
train,090700008,21,22,21
train,090700019,15,16,15
train,090700042,26,26,24
train,090700045,25,26,24
train,090700047,12,13,11
train,090700054,19,20,19
train,090700055,25,26,23
train,090700057,26,28,24
train,090700059,23,23,22
train,090700065,29,30,28
train,090700081,22,23,21
train,090700082,17,17,16
train,090700108,20,20,18
train,090700111,26,26,24
train,090700117,27,28,25
train,090700127,22,22,21
train,090700148,25,27,24
train,090700164,30,30,26
train,090700172,32,33,29
train,095560005,23,23,20
train,095560008,25,26,24
train,095560010,13,13,12
train,095560017,20,20,19
train,095560031,26,26,26
train,095560037,20,19,17
train,095560051,30,30,29
train,095560054,16,17,15
train,095560069,24,22,18
train,095560080,28,29,26
train,095560083,30,30,29
train,095560108,15,15,14
train,095560115,17,18,17
train,095560129,19,19,18
train,095560133,29,29,27
train,095560150,23,24,18
train,095560153,22,23,21
train,095560163,11,11,11
train,095560164,22,23,21
train,095560170,15,16,15
train,096000002,27,27,27
train,096000003,21,22,20
train,096000004,26,26,23
train,096000005,24,24,22
train,096000006,23,24,20
train,096000007,27,28,27
train,096000008,31,30,27
train,096000009,19,21,17
train,096000010,20,20,20
train,096000011,18,18,18
train,096000012,27,27,25
train,096000013,15,14,14
train,096000014,18,18,17
train,096000015,27,27,24
train,096000016,30,31,27
train,096000017,26,26,22
train,096000018,30,31,25
train,096000020,23,23,19
train,096000021,31,31,28
train,096000022,20,20,19
train,096040001,28,27,27
train,096040002,26,25,25
train,096040004,12,13,12
train,096040005,23,23,21
train,096040006,28,25,25
train,096040007,24,24,21
train,096040008,15,15,15
train,096040009,13,13,12
train,096040010,28,25,23
train,096040011,24,24,19
train,096040012,18,19,15
train,096040014,27,27,25
train,096040015,15,14,13
train,096040016,31,30,28
train,096040018,25,24,23
train,096040019,26,26,25
train,096040021,23,24,23
train,096040023,27,27,24
train,096040024,22,23,20
train,096040025,23,23,23
train,096060001,25,26,21
train,096060002,13,13,13
train,096060003,16,16,15
train,096060004,12,11,11
train,096060005,17,17,17
train,096060006,27,26,23
train,096060007,13,13,13
train,096060008,22,25,19
train,096060009,26,28,24
train,096060010,28,30,28
train,096060011,21,21,20
train,096060012,13,14,13
train,096060013,13,14,13
train,096060014,16,16,15
train,096060015,25,24,23
train,096060016,29,29,29
train,096060017,26,25,22
train,096060019,16,16,15
train,096060020,19,19,18
train,096060022,22,21,18
train,096070002,24,24,23
train,096070003,22,24,21
train,096070005,29,30,27
train,096070006,17,17,16
train,096070007,20,20,17
train,096070008,25,24,23
train,096070011,23,23,23
train,096070012,12,13,11
train,096070013,29,30,29
train,096070014,29,29,29
train,096070015,28,28,26
train,096070016,15,15,14
train,096070017,23,23,23
train,096070018,23,23,22
train,096070019,15,15,14
train,096070020,27,29,27
train,096070021,24,24,24
train,096070022,20,20,18
train,096070023,25,23,20
train,096070024,25,25,24
train,096090001,28,28,25
train,096090003,20,20,20
train,096090005,28,29,25
train,096090006,20,21,18
train,096090007,23,23,20
train,096090008,20,21,18
train,096090010,26,25,24
train,096090011,24,23,20
train,096090014,20,19,19
train,096090015,17,16,14
train,096090017,28,28,27
train,096090018,14,12,10
train,096090019,25,26,24
train,096090020,25,25,21
train,096090021,20,21,17
train,096090023,24,23,19
train,096090024,26,26,24
train,096090025,28,28,27
train,096090026,16,16,14
train,096090027,29,28,25
train,096110001,29,28,25
train,096110002,20,20,19
train,096110003,14,13,12
train,096110004,12,11,10
train,096110005,19,20,19
train,096110006,22,21,15
train,096110008,12,12,12
train,096110009,18,18,16
train,096110011,29,30,27
train,096110012,21,20,20
train,096110013,12,12,11
train,096110014,28,26,24
train,096110015,28,28,27
train,096110016,29,28,25
train,096110017,32,32,31
train,096110018,21,21,19
train,096110019,26,27,24
train,096110021,22,21,19
train,096110022,18,19,15
train,096110023,34,35,33
train,096130001,17,17,15
train,096130002,17,17,16
train,096130003,19,19,17
train,096130004,14,13,11
train,096130005,25,26,23
train,096130006,13,13,13
train,096130007,24,25,24
train,096130008,13,12,11
train,096130009,26,26,23
train,096130010,13,13,13
train,096130011,15,14,13
train,096130012,13,13,12
train,096130013,27,27,26
train,096130014,38,35,32
train,096130016,21,20,18
train,096130017,22,23,19
train,096130018,29,29,27
train,096130019,18,16,15
train,096130020,22,22,22
train,096130021,13,13,13
train,096140002,28,30,27
train,096140003,25,25,24
train,096140004,32,33,31
train,096140005,16,16,13
train,096140006,14,13,13
train,096140007,28,29,26
train,096140008,17,17,16
train,096140009,13,13,11
train,096140010,14,14,14
train,096140011,27,28,25
train,096140012,19,18,16
train,096140014,21,23,20
train,096140015,28,27,26
train,096140016,34,32,28
train,096140017,23,22,20
train,096140018,22,21,19
train,096140019,19,19,17
train,096140020,24,24,24
train,096140021,15,15,14
train,096140022,27,30,22
train,096150003,20,19,16
train,096150005,28,26,25
train,096150006,34,34,33
train,096150007,26,26,26
train,096150009,24,24,23
train,096150010,30,30,29
train,096150011,26,26,25
train,096150012,30,30,29
train,096150013,23,25,22
train,096150016,24,20,20
train,096150017,18,18,17
train,096150018,24,25,23
train,096150019,19,19,18
train,096150020,26,26,24
train,096150021,26,26,24
train,096150024,29,29,26
train,096150025,29,29,26
train,096150026,28,30,26
train,096150027,17,17,16
train,096150028,21,21,20
train,096160001,17,17,16
train,096160002,14,14,14
train,096160003,13,13,13
train,096160004,21,21,21
train,096160005,17,17,16
train,096160006,27,28,25
train,096160007,21,21,21
train,096160008,27,27,25
train,096160009,26,25,25
train,096160010,19,21,19
train,096160011,29,28,26
train,096160012,24,25,23
train,096160013,21,21,21
train,096160014,24,23,20
train,096160015,19,19,18
train,096160016,15,15,15
train,096160017,29,30,27
train,096160018,30,30,27
train,096160019,19,20,18
train,096160020,24,25,23
train,096190001,18,16,13
train,096190002,14,15,13
train,096190003,18,18,16
train,096190004,23,22,21
train,096190005,27,28,23
train,096190006,16,16,16
train,096190007,27,28,25
train,096190008,20,20,16
train,096190009,27,26,22
train,096190010,15,15,14
train,096190011,12,12,11
train,096190012,25,26,24
train,096190013,25,24,24
train,096190014,28,29,28
train,096190015,27,28,25
train,096190016,26,24,22
train,096190017,20,21,18
train,096190019,30,30,28
train,096190020,14,14,13
train,096190021,11,11,11
train,096240001,14,14,14
train,096240002,19,18,15
train,096240003,17,17,16
train,096240004,14,13,12
train,096240005,25,26,25
train,096240006,30,30,25
train,096240007,28,28,28
train,096240008,21,20,20
train,096240009,18,18,17
train,096240010,23,23,23
train,096240011,13,13,13
train,096240012,37,36,35
train,096240013,11,11,10
train,096240014,27,27,24
train,096240015,27,27,26
train,096240016,12,12,12
train,096240017,21,21,21
train,096240019,24,24,24
train,096240020,14,14,13
train,096240021,30,31,28
train,096250001,17,16,16
train,096250002,27,26,24
train,096250003,14,14,12
train,096250004,12,12,11
train,096250005,20,20,20
train,096250007,18,18,17
train,096250008,14,14,13
train,096250009,20,21,20
train,096250010,18,18,17
train,096250011,21,22,20
train,096250012,21,21,18
train,096250013,16,17,16
train,096250014,23,23,23
train,096250015,12,14,10
train,096250016,14,14,13
train,096250017,15,16,15
train,096250018,22,22,22
train,096250020,26,27,25
train,096250021,27,27,26
train,096250023,14,14,13
train,096280011,19,18,17
train,096280012,14,14,13
train,096280013,27,29,23
train,096280014,20,20,20
train,096280015,18,18,17
train,096280016,14,14,13
train,096280017,21,23,20
train,096280018,22,22,19
train,096280019,12,12,10
train,096280020,23,23,21
train,096280021,16,15,15
train,096280022,22,21,18
train,096280023,22,22,21
train,096280024,29,29,28
train,096280025,17,18,17
train,096280026,17,17,17
train,096280027,15,15,14
train,096280028,16,16,14
train,096280029,17,17,16
train,096280030,21,20,18
train,096300001,22,22,19
train,096300002,13,13,13
train,096300003,15,14,13
train,096300004,25,25,21
train,096300005,13,14,12
train,096300006,20,20,18
train,096300007,17,16,15
train,096300008,16,16,14
train,096300009,14,14,14
train,096300010,18,18,18
train,096300011,11,11,10
train,096300012,26,25,25
train,096300013,25,24,24
train,096300014,17,17,16
train,096300015,17,16,15
train,096300016,31,30,29
train,096300017,14,14,13
train,096300018,12,12,11
train,096300019,15,15,15
train,096300020,13,14,12
train,096340004,20,20,18
train,096340005,20,19,18
train,096340006,15,15,14
train,096340007,13,13,12
train,096340008,19,20,18
train,096340009,13,12,11
train,096340010,11,11,10
train,096340011,18,17,14
train,096340012,26,27,24
train,096340013,12,11,10
train,096340014,20,19,18
train,096340015,16,16,16
train,096340016,20,20,18
train,096340017,23,26,19
train,096340018,24,24,23
train,096340019,27,26,24
train,096340020,22,22,20
train,096340021,18,18,14
train,096340022,21,20,19
train,096340023,21,21,20
train,096390001,14,14,14
train,096390002,20,20,20
train,096390003,14,14,13
train,096390004,17,17,14
train,096390005,18,18,18
train,096390006,15,15,15
train,096390007,14,14,14
train,096390008,23,23,22
train,096390009,13,13,13
train,096390010,23,23,21
train,096390011,12,12,12
train,096390012,23,23,22
train,096390013,26,25,25
train,096390014,16,16,16
train,096390015,17,17,17
train,096390016,26,26,26
train,096390017,14,14,13
train,096390018,24,24,21
train,096390019,15,15,15
train,096390020,30,29,26
train,096430002,21,20,16
train,096430003,21,21,18
train,096430004,19,20,19
train,096430005,28,28,28
train,096430006,29,28,27
train,096430007,20,20,18
train,096430008,19,19,18
train,096430009,20,20,18
train,096430010,19,19,19
train,096430011,25,25,22
train,096430012,17,16,15
train,096430013,22,22,21
train,096430014,16,16,15
train,096430015,21,22,20
train,096430016,22,21,18
train,096430017,27,29,27
train,096430018,22,22,20
train,096430019,21,21,20
train,096430020,29,30,29
train,096430021,13,14,13
train,096450001,16,17,14
train,096450002,19,19,18
train,096450003,28,28,27
train,096450004,14,14,14
train,096450005,20,21,18
train,096450006,22,22,22
train,096450007,26,26,24
train,096450008,11,12,11
train,096450010,31,31,29
train,096450011,38,38,35
train,096450012,25,24,22
train,096450013,28,28,27
train,096450014,28,28,24
train,096450015,17,17,15
train,096450016,23,23,23
train,096450017,18,21,17
train,096450018,18,18,18
train,096450019,19,19,18
train,096450020,30,31,27
train,096450021,19,19,18
train,096460002,30,31,30
train,096460003,31,31,31
train,096460004,21,20,19
train,096460005,18,21,17
train,096460006,29,29,26
train,096460007,27,27,26
train,096460008,18,18,16
train,096460009,16,16,14
train,096460010,19,20,19
train,096460011,22,22,21
train,096460012,29,30,28
train,096460013,21,21,20
train,096460014,15,15,13
train,096460015,19,18,18
train,096460016,20,20,20
train,096460017,20,20,19
train,096460018,16,16,16
train,096460019,15,15,13
train,096460020,17,17,17
train,096460021,22,23,22
train,096490001,21,23,20
train,096490002,26,25,23
train,096490003,23,23,22
train,096490004,25,22,21
train,096490005,29,28,26
train,096490006,17,16,14
train,096490007,24,24,23
train,096490008,29,29,28
train,096490009,23,22,20
train,096490010,15,15,15
train,096490011,29,28,24
train,096490012,18,18,16
train,096490013,19,19,19
train,096490014,12,12,12
train,096490015,20,21,19
train,096490016,19,18,17
train,096490017,18,18,16
train,096490018,13,13,13
train,096490019,16,17,16
train,096490020,16,17,15
test,000030012,21,21,19
test,000030024,11,11,10
test,000030040,11,11,11
test,000030047,12,13,12
test,000030049,10,10,10
test,000030051,14,15,12
test,000030054,11,11,11
test,000030059,15,15,13
test,000030069,15,15,14
test,000030080,15,15,14
test,000030097,13,13,11
test,000030101,14,14,14
test,000030116,22,22,22
test,000030119,22,22,22
test,000030145,15,17,15
test,000030153,9,9,9
test,000030154,12,12,12
test,000030175,4,4,4
test,000240010,13,13,13
test,000240031,25,25,25
test,000240060,24,23,22
test,000240071,32,32,31
test,000240073,42,41,39
test,000240099,33,35,31
test,000240115,14,14,13
test,000240116,24,24,21
test,000240151,22,23,20
test,000240152,25,25,24
test,000240248,22,23,22
test,000240284,23,23,22
test,000240287,12,12,12
test,000240289,27,28,27
test,000240320,31,30,30
test,000240323,24,24,23
test,000240324,20,20,20
test,000240329,22,23,21
test,000240350,23,23,23
test,000240352,20,20,19
test,000440005,12,12,11
test,000440021,24,24,23
test,000440032,12,13,12
test,000440035,13,14,13
test,000440043,14,16,12
test,000440045,8,8,7
test,000440049,12,14,12
test,000440062,14,14,14
test,000440082,14,14,13
test,000440089,14,15,14
test,000440090,9,9,7
test,000440099,23,25,21
test,000440126,14,14,12
test,000440132,13,13,12
test,000440145,19,19,19
test,000440147,19,16,14
test,000440163,13,13,13
test,000440173,10,10,10
test,000440175,6,6,6
test,000490002,10,11,10
test,000490017,14,14,14
test,000490032,8,9,8
test,000490047,10,10,10
test,000490052,11,11,11
test,000490086,13,13,13
test,000490087,13,13,11
test,000490088,10,10,8
test,000490092,13,13,9
test,000490097,17,17,17
test,000490101,13,13,11
test,000490102,18,19,14
test,000490117,16,16,14
test,000490134,14,14,14
test,000490144,18,18,15
test,000490151,17,17,16
test,000490157,7,7,7
test,000490162,13,13,12
test,000490164,8,9,7
test,000490175,16,16,15
test,000920002,11,11,11
test,000920009,9,9,8
test,000920010,11,12,11
test,000920025,13,14,13
test,000920040,13,14,13
test,000920051,10,11,9
test,000920055,15,14,10
test,000920074,14,14,14
test,000920094,17,17,16
test,000920099,19,20,18
test,000920104,14,14,13
test,000920122,14,14,12
test,000920126,16,18,14
test,000920129,19,19,19
test,000920134,11,11,11
test,000920136,17,17,14
test,000920149,20,20,19
test,000920167,12,12,12
test,000920173,8,8,8
test,000930005,11,11,11
test,000930014,14,14,13
test,000930018,17,17,16
test,000930026,11,12,11
test,000930035,11,12,11
test,000930040,10,11,10
test,000930048,13,13,13
test,000930050,13,13,13
test,000930051,11,13,9
test,000930056,12,13,12
test,000930089,14,14,14
test,000930091,19,20,15
test,000930095,14,14,13
test,000930099,20,21,19
test,000930101,13,13,10
test,000930111,18,19,17
test,000930148,18,18,18
test,000930151,11,11,10
test,000930155,10,10,10
test,000930162,11,11,9
test,000940012,19,19,19
test,000940015,17,17,16
test,000940027,10,10,10
test,000940032,7,8,7
test,000940042,15,16,14
test,000940049,10,10,10
test,000940067,16,16,14
test,000940068,12,12,12
test,000940073,13,13,11
test,000940074,12,12,12
test,000940086,11,10,10
test,000940093,15,16,12
test,000940102,17,17,17
test,000940103,16,16,15
test,000940122,22,22,20
test,000940133,16,16,15
test,000940147,16,16,16
test,000940150,6,7,6
test,000940173,13,13,12
test,000960002,12,12,12
test,000960008,15,15,14
test,000960019,15,15,14
test,000960040,12,12,12
test,000960043,9,10,9
test,000960046,14,15,14
test,000960048,11,11,11
test,000960049,11,11,11
test,000960050,11,12,11
test,000960052,9,10,9
test,000960054,9,11,9
test,000960066,18,18,18
test,000960071,15,15,14
test,000960073,17,17,16
test,000960084,17,17,15
test,000960090,8,8,4
test,000960093,12,12,12
test,000960136,17,17,15
test,000960167,7,7,7
test,000960168,7,7,7
test,001110009,10,10,9
test,001110023,14,14,14
test,001110039,13,14,13
test,001110040,7,9,7
test,001110047,12,12,12
test,001110056,17,17,17
test,001110060,12,12,12
test,001110067,16,16,16
test,001110072,16,16,15
test,001110076,17,18,16
test,001110094,16,16,16
test,001110099,18,20,16
test,001110114,19,19,17
test,001110129,13,13,13
test,001110135,10,10,10
test,001110137,19,19,17
test,001110141,18,18,17
test,001110151,13,14,11
test,001110173,15,16,15
test,001120010,9,9,8
test,001120024,17,17,16
test,001120031,14,15,14
test,001120038,12,13,12
test,001120063,15,14,13
test,001120078,17,17,15
test,001120090,11,11,9
test,001120097,18,18,18
test,001120098,14,15,13
test,001120101,13,13,11
test,001120105,18,18,16
test,001120119,24,24,24
test,001120130,10,10,9
test,001120136,13,13,11
test,001120141,17,17,13
test,001120148,18,18,18
test,001120156,17,17,16
test,001120159,14,14,14
test,001120162,11,12,10
test,001130002,10,10,9
test,001130019,17,17,17
test,001130021,14,14,14
test,001130023,13,12,10
test,001130024,14,14,12
test,001130039,11,11,11
test,001130047,15,17,15
test,001130054,13,13,11
test,001130073,15,15,15
test,001130074,12,12,10
test,001130082,10,10,10
test,001130087,12,13,11
test,001130102,14,15,14
test,001130118,15,15,15
test,001130123,21,21,19
test,001130138,15,15,12
test,001130155,8,9,7
test,001130168,14,14,14
test,001130173,10,10,9
test,001140045,13,13,12
test,001140046,14,15,14
test,001140049,15,15,14
test,001140054,12,12,12
test,001140056,15,16,14
test,001140059,13,13,12
test,001140064,15,15,13
test,001140068,14,14,13
test,001140099,20,21,18
test,001140100,12,12,11
test,001140104,14,14,12
test,001140108,14,14,14
test,001140120,18,18,17
test,001140130,11,11,11
test,001140133,14,14,12
test,001140140,13,13,12
test,001140146,25,25,24
test,001140159,11,12,11
test,001140163,8,8,8
test,001200015,32,32,31
test,001200016,24,23,21
test,001200050,29,29,26
test,001200081,23,24,21
test,001200098,20,21,18
test,001200103,22,24,21
test,001200114,27,29,24
test,001200121,14,14,14
test,001200126,12,12,11
test,001200145,25,25,22
test,001200146,24,25,24
test,001200159,14,15,14
test,001200161,24,24,23
test,001200162,17,17,17
test,001200168,24,24,24
test,001200209,27,28,24
test,001200210,28,27,24
test,001200306,20,20,17
test,001200338,22,22,21
test,001200350,26,26,23
test,001220013,11,11,11
test,001220015,16,16,15
test,001220021,11,11,11
test,001220031,14,14,14
test,001220034,11,13,11
test,001220037,8,10,7
test,001220038,11,14,11
test,001220051,11,12,11
test,001220068,13,13,13
test,001220093,13,13,13
test,001220101,14,14,14
test,001220104,9,10,8
test,001220127,17,17,17
test,001220129,12,13,12
test,001220137,21,21,17
test,001220138,13,15,11
test,001220159,11,12,9
test,001220163,10,10,10
test,001220166,13,13,13
test,001220168,14,14,14
test,001330002,12,12,12
test,001330027,8,8,8
test,001330033,12,12,12
test,001330057,13,13,11
test,001330067,10,10,9
test,001330068,12,12,11
test,001330075,17,18,16
test,001330097,17,19,17
test,001330099,21,21,21
test,001330112,12,12,11
test,001330115,17,16,13
test,001330118,21,22,19
test,001330126,24,26,23
test,001330128,21,22,20
test,001330129,13,13,13
test,001330143,15,15,13
test,001330146,16,16,15
test,001330155,10,11,8
test,001330170,10,10,10
test,001330172,13,13,12
test,001490002,17,17,14
test,001490016,15,15,15
test,001490024,16,16,15
test,001490032,13,13,13
test,001490039,13,14,13
test,001490045,21,21,20
test,001490052,16,16,16
test,001490056,15,16,15
test,001490077,22,23,21
test,001490080,17,18,16
test,001490093,18,18,16
test,001490101,19,21,16
test,001490109,11,11,10
test,001490127,17,17,17
test,001490131,10,10,9
test,001490138,13,13,12
test,001490153,17,17,17
test,001490155,7,7,7
test,001490161,10,11,7
test,001490171,8,8,8
test,001570024,25,25,21
test,001570030,41,42,40
test,001570034,22,21,21
test,001570061,23,23,23
test,001570072,23,24,22
test,001570100,16,16,15
test,001570165,16,16,15
test,001570185,16,16,16
test,001570194,22,23,20
test,001570203,16,17,15
test,001570212,21,21,19
test,001570216,24,24,23
test,001570269,27,27,27
test,001570272,11,11,11
test,001570290,22,23,22
test,001570316,26,27,24
test,001570324,28,29,24
test,001570325,31,31,30
test,001570361,24,25,24
test,001570378,25,25,25
test,003060002,23,23,22
test,003060017,21,21,21
test,003060025,36,36,34
test,003060028,32,34,30
test,003060064,25,24,24
test,003060087,25,25,23
test,003060107,17,18,17
test,003060161,19,20,19
test,003060186,17,18,17
test,003060226,19,19,18
test,003060229,19,19,16
test,003060235,19,19,18
test,003060245,20,20,19
test,003060259,21,21,20
test,003060263,30,30,28
test,003060285,22,22,22
test,003060291,26,26,26
test,003060306,26,25,20
test,003060319,12,12,12
test,003060337,26,26,24
test,004570010,32,32,28
test,004570071,18,18,17
test,004570074,26,26,24
test,004570106,26,26,22
test,004570124,15,16,15
test,004570129,15,17,14
test,004570137,20,20,19
test,004570145,26,26,23
test,004570146,19,19,17
test,004570167,14,14,12
test,004570237,30,30,27
test,004570256,22,23,21
test,004570259,28,28,27
test,004570268,17,17,17
test,004570283,23,25,22
test,004570289,27,28,25
test,004570300,29,30,26
test,004570304,12,12,12
test,004570306,20,21,19
test,004570374,17,17,16
test,004610037,25,25,23
test,004610054,19,19,18
test,004610065,39,40,37
test,004610129,13,14,13
test,004610148,11,12,10
test,004610151,14,15,12
test,004610176,12,13,12
test,004610177,19,19,19
test,004610182,29,31,29
test,004610227,21,22,21
test,004610230,24,25,24
test,004610231,20,22,20
test,004610238,21,21,20
test,004610239,13,13,12
test,004610246,14,15,13
test,004610266,15,15,14
test,004610290,18,19,18
test,004610298,17,19,17
test,004610362,22,23,19
test,004610373,21,21,17
test,005630017,17,17,16
test,005630044,28,29,25
test,005630072,16,16,16
test,005630081,31,31,31
test,005630122,21,22,20
test,005630127,20,21,17
test,005630142,21,21,20
test,005630147,14,14,13
test,005630151,23,25,20
test,005630160,12,13,12
test,005630169,18,18,18
test,005630195,18,19,17
test,005630225,22,23,21
test,005630267,13,14,12
test,005630284,25,26,23
test,005630291,28,29,24
test,005630302,11,11,11
test,005630315,44,44,39
test,005630330,18,18,18
test,005630375,17,17,16
test,005670043,17,17,16
test,005670055,21,22,20
test,005670113,18,18,17
test,005670122,16,17,15
test,005670125,26,26,26
test,005670137,15,16,14
test,005670147,18,19,17
test,005670155,19,19,17
test,005670159,14,15,13
test,005670160,18,18,17
test,005670189,16,16,14
test,005670198,16,17,16
test,005670282,25,25,23
test,005670289,15,18,14
test,005670292,14,14,13
test,005670303,17,17,16
test,005670310,16,17,16
test,005670320,17,19,17
test,005670348,13,13,11
test,005670356,25,26,22
test,007360004,24,24,23
test,007360006,32,32,32
test,007360036,17,16,16
test,007360045,16,17,15
test,007360055,26,26,24
test,007360108,13,12,12
test,007360181,29,28,24
test,007360196,28,28,26
test,007360205,23,24,22
test,007360212,21,21,20
test,007360233,14,17,13
test,007360247,15,15,14
test,007360249,17,17,17
test,007360250,18,18,17
test,007360280,22,22,21
test,007360281,12,12,12
test,007360296,27,26,25
test,007360299,18,20,17
test,007360305,18,20,18
test,007360374,11,11,10
test,007650036,38,40,37
test,007650061,35,35,32
test,007650076,38,38,36
test,007650078,23,23,22
test,007650084,23,24,21
test,007650089,36,36,36
test,007650116,20,22,20
test,007650131,28,27,22
test,007650174,18,18,15
test,007650181,17,17,16
test,007650192,19,18,17
test,007650197,17,19,17
test,007650254,18,18,17
test,007650271,18,18,17
test,007650294,18,18,16
test,007650337,17,17,17
test,007650346,21,21,21
test,007650352,12,12,12
test,007650369,21,22,21
test,007650377,24,24,24
test,008110043,23,23,22
test,008110049,23,23,23
test,008110106,25,26,23
test,008110107,31,29,26
test,008110110,34,35,33
test,008110113,17,17,16
test,008110116,21,20,20
test,008110147,26,26,24
test,008110159,28,28,27
test,008110175,12,12,10
test,008110204,23,24,20
test,008110209,25,25,25
test,008110224,14,15,13
test,008110247,17,18,15
test,008110258,17,17,16
test,008110286,37,37,35
test,008110287,22,23,20
test,008110307,22,22,19
test,008110340,16,15,15
test,008110371,15,15,13
test,009810029,24,24,23
test,009810073,20,20,19
test,009810075,30,31,30
test,009810106,20,21,19
test,009810112,21,21,21
test,009810153,14,13,13
test,009810155,18,18,15
test,009810196,26,26,24
test,009810200,14,15,12
test,009810204,36,36,30
test,009810230,24,25,22
test,009810235,17,19,16
test,009810249,26,27,26
test,009810258,18,18,18
test,009810283,20,20,20
test,009810293,14,14,14
test,009810305,16,16,15
test,009810327,15,18,15
test,009810344,14,15,10
test,009810349,13,13,12
test,010300003,18,18,17
test,010300105,36,36,35
test,010300106,23,23,21
test,010300123,16,16,16
test,010300128,14,14,13
test,010300133,16,16,16
test,010300153,26,26,26
test,010300157,24,25,24
test,010300159,31,33,28
test,010300169,12,14,9
test,010300194,19,18,17
test,010300216,25,26,24
test,010300217,16,16,16
test,010300236,15,15,15
test,010300275,17,17,17
test,010300282,12,12,11
test,010300298,20,20,19
test,010300316,31,31,29
test,010300325,25,26,25
test,010300328,21,21,21
test,010370025,26,26,24
test,010370070,28,29,25
test,010370099,25,25,24
test,010370102,11,11,10
test,010370131,15,15,15
test,010370140,31,31,30
test,010370202,15,15,14
test,010370204,18,18,18
test,010370216,16,17,16
test,010370217,15,16,13
test,010370232,20,20,20
test,010370234,32,32,27
test,010370246,22,22,21
test,010370251,17,17,14
test,010370253,17,17,17
test,010370265,19,20,18
test,010370290,26,26,25
test,010370309,19,21,18
test,010370352,24,24,21
test,010370380,11,13,8
test,010390004,29,29,29
test,010390027,32,32,30
test,010390039,14,14,14
test,010390041,11,11,10
test,010390064,19,19,17
test,010390126,15,15,14
test,010390166,14,15,13
test,010390170,17,17,16
test,010390175,15,16,13
test,010390183,13,13,13
test,010390189,18,18,17
test,010390216,14,14,14
test,010390218,21,21,21
test,010390244,21,21,19
test,010390257,17,17,16
test,010390269,16,16,15
test,010390285,19,20,17
test,010390303,18,17,16
test,010390341,26,26,22
test,010390366,32,33,31
test,010460017,19,18,16
test,010460020,16,16,15
test,010460030,12,13,11
test,010460034,11,12,10
test,010460041,13,13,12
test,010460050,19,20,19
test,010460053,12,12,12
test,010460061,16,16,16
test,010460079,13,13,13
test,010460088,14,14,12
test,010460111,20,20,18
test,010460114,19,19,18
test,010460120,11,11,11
test,010460149,16,16,14
test,010460152,10,11,8
test,010460153,10,10,9
test,010460155,13,13,12
test,010460158,13,14,11
test,010460162,12,12,12
test,010500012,16,16,16
test,010500018,11,10,9
test,010500028,12,13,12
test,010500058,13,13,13
test,010500085,20,21,18
test,010500090,16,17,15
test,010500100,12,12,11
test,010500108,19,19,19
test,010500113,17,17,17
test,010500131,13,14,13
test,010500147,15,15,15
test,010500149,21,22,17
test,010500152,13,15,12
test,010500163,18,18,17
test,010500167,9,9,7
test,010610015,15,15,15
test,010610017,12,12,11
test,010610024,16,16,16
test,010610025,12,12,12
test,010610035,11,11,11
test,010610057,16,16,16
test,010610067,17,17,17
test,010610069,16,17,16
test,010610080,9,9,8
test,010610087,14,13,13
test,010610094,19,19,16
test,010610102,15,16,15
test,010610113,19,19,17
test,010610129,15,16,14
test,010610151,11,12,11
test,010610165,14,14,14
test,010610171,15,16,13
test,010750002,15,15,14
test,010750003,14,14,14
test,010750010,8,8,8
test,010750011,15,16,14
test,010750021,15,15,15
test,010750024,11,12,11
test,010750035,11,12,11
test,010750043,13,14,12
test,010750060,16,17,16
test,010750062,15,15,15
test,010750072,11,11,11
test,010750094,19,20,18
test,010750097,15,15,11
test,010750099,13,13,13
test,010750102,14,14,12
test,010750104,22,22,17
test,010750117,16,17,16
test,010750163,9,9,9
test,010750168,9,9,9
test,010760002,15,15,12
test,010760013,15,15,14
test,010760032,13,13,11
test,010760038,11,11,11
test,010760046,15,16,13
test,010760060,16,17,16
test,010760062,11,11,10
test,010760076,16,16,15
test,010760079,14,14,13
test,010760089,13,13,12
test,010760111,20,20,18
test,010760116,23,25,22
test,010760136,13,13,12
test,010760151,9,9,9
test,010760162,9,8,7
test,010760169,9,9,9
test,010990020,20,20,17
test,010990048,23,23,22
test,010990060,21,21,20
test,010990063,26,25,22
test,010990082,29,31,28
test,010990087,32,33,30
test,010990123,14,14,12
test,010990139,18,18,15
test,010990162,18,18,17
test,010990165,14,15,14
test,010990188,26,26,25
test,010990202,15,15,14
test,010990218,17,17,17
test,010990239,16,16,15
test,010990260,20,20,20
test,010990267,23,24,23
test,010990276,15,15,13
test,010990279,24,24,22
test,010990291,14,14,14
test,010990313,13,13,13
test,011090011,17,19,16
test,011090020,23,24,22
test,011090034,10,10,10
test,011090089,15,15,13
test,011090140,30,30,30
test,011090154,30,29,27
test,011090184,16,16,14
test,011090220,20,19,16
test,011090235,19,19,17
test,011090246,21,22,20
test,011090273,16,17,16
test,011090277,21,22,21
test,011090292,27,28,27
test,011090295,21,21,17
test,011090320,33,32,29
test,011090329,12,12,9
test,011090333,28,29,25
test,011090334,30,30,30
test,011090335,19,19,17
test,011090359,27,28,24
test,011350001,24,24,23
test,011350026,24,26,23
test,011350027,26,25,23
test,011350064,25,25,23
test,011350116,30,32,28
test,011350141,29,29,26
test,011350158,13,13,13
test,011350173,16,16,16
test,011350190,28,28,26
test,011350215,22,22,18
test,011350218,20,20,19
test,011350221,18,20,17
test,011350225,28,28,27
test,011350249,19,19,19
test,011350257,22,22,20
test,011350290,23,24,21
test,011350303,18,19,18
test,011350318,21,21,20
test,011350345,35,35,33
test,011350374,16,17,16
test,011560005,31,32,29
test,011560058,23,23,22
test,011560063,23,23,22
test,011560068,38,39,36
test,011560072,14,14,14
test,011560075,24,24,22
test,011560086,27,27,26
test,011560100,33,31,30
test,011560117,24,26,23
test,011560184,28,29,26
test,011560192,26,26,25
test,011560202,19,19,18
test,011560257,23,23,22
test,011560269,22,22,21
test,011560275,17,17,17
test,011560289,17,17,16
test,011560320,21,21,21
test,011560353,18,18,17
test,011560354,25,25,22
test,011560372,11,11,10
test,011810063,18,18,16
test,011810067,23,23,22
test,011810133,16,16,16
test,011810162,22,23,20
test,011810168,15,15,15
test,011810173,26,27,25
test,011810184,25,26,24
test,011810197,32,34,31
test,011810206,14,14,11
test,011810213,14,15,13
test,011810214,22,22,22
test,011810222,19,21,17
test,011810246,16,15,12
test,011810247,17,18,16
test,011810279,19,20,18
test,011810280,18,18,18
test,011810284,30,30,30
test,011810314,19,19,16
test,011810334,23,23,22
test,011810377,27,27,27
test,011860256,18,20,18
test,011860263,23,23,22
test,011860264,19,19,19
test,011860284,13,13,13
test,011860285,15,16,14
test,011860287,21,21,21
test,011860292,20,20,19
test,011860298,13,14,13
test,011860301,19,19,16
test,011860308,31,30,26
test,011860317,17,17,17
test,011860332,13,13,13
test,011860335,19,22,17
test,011860346,12,14,11
test,011860359,13,13,11
test,011860361,18,18,18
test,011860363,26,26,25
test,011860372,14,14,13
test,011860373,19,20,17
test,011860377,27,27,27
test,012280016,22,22,21
test,012280033,25,26,23
test,012280053,31,31,28
test,012280054,33,32,30
test,012280161,21,21,19
test,012280173,17,17,16
test,012280198,23,24,21
test,012280201,26,26,24
test,012280206,20,20,19
test,012280243,26,26,25
test,012280261,22,22,21
test,012280262,18,20,17
test,012280276,13,13,13
test,012280288,16,16,14
test,012280308,30,31,30
test,012280343,15,15,13
test,012280345,12,12,12
test,012280355,12,12,12
test,012280366,21,20,18
test,012280375,10,10,10
test,012920007,20,20,18
test,012920027,29,29,28
test,012920054,13,14,11
test,012920062,22,22,21
test,012920073,24,23,20
test,012920085,21,19,17
test,012920110,25,26,25
test,012920121,13,13,12
test,012920143,25,25,21
test,012920146,20,20,19
test,012920155,23,23,21
test,012920158,18,18,16
test,012920214,23,23,22
test,012920254,24,24,23
test,012920259,20,20,18
test,012920268,26,27,24
test,012920270,14,13,13
test,012920299,24,25,22
test,012920301,18,18,15
test,012920368,19,20,16
test,012930008,23,24,23
test,012930012,17,19,17
test,012930028,33,33,29
test,012930036,12,12,10
test,012930037,23,23,22
test,012930040,22,22,20
test,012930051,20,21,20
test,012930067,20,20,18
test,012930079,17,17,16
test,012930097,32,32,32
test,012930114,25,27,24
test,012930127,20,21,20
test,012930139,22,23,21
test,012930155,15,16,14
test,012930195,22,22,21
test,012930225,21,22,20
test,012930240,23,23,23
test,012930261,20,20,17
test,012930266,19,19,17
test,012930315,10,10,10
test,013340007,28,28,26
test,013340034,19,19,18
test,013340046,18,17,17
test,013340091,24,24,22
test,013340137,22,22,19
test,013340147,17,17,17
test,013340159,18,19,17
test,013340204,17,17,17
test,013340217,24,24,23
test,013340243,23,23,23
test,013340245,23,23,21
test,013340255,23,23,22
test,013340259,26,27,25
test,013340277,15,15,15
test,013340291,18,18,17
test,013340297,20,20,19
test,013340313,17,17,16
test,013340345,21,21,20
test,013340375,25,25,24
test,013340378,18,18,17
test,014040005,12,12,12
test,014040013,15,15,14
test,014040027,12,12,12
test,014040028,10,10,10
test,014040052,18,19,18
test,014040072,15,15,15
test,014040081,12,12,10
test,014040088,14,14,10
test,014040089,12,12,9
test,014040090,13,13,8
test,014040096,18,18,18
test,014040097,22,23,20
test,014040109,17,17,16
test,014040111,25,25,25
test,014040122,20,20,19
test,014040124,12,12,11
test,014040145,27,26,25
test,014040148,22,22,22
test,014040152,16,15,15
test,014040155,13,13,12
test,014080008,21,21,21
test,014080073,15,16,14
test,014080091,22,23,21
test,014080103,16,17,15
test,014080117,20,20,17
test,014080134,12,12,12
test,014080149,12,12,11
test,014080178,13,15,12
test,014080201,14,15,14
test,014080243,17,19,17
test,014080270,20,20,19
test,014080279,20,20,20
test,014080301,13,13,12
test,014080333,22,22,22
test,014080336,18,18,17
test,014080337,19,19,18
test,014080339,12,12,12
test,014080358,27,28,25
test,014080361,27,27,27
test,014080362,22,22,19
test,014200011,20,20,19
test,014200060,22,23,20
test,014200076,21,21,21
test,014200086,18,19,17
test,014200087,37,37,36
test,014200124,19,19,17
test,014200161,22,22,18
test,014200177,21,22,19
test,014200206,22,23,20
test,014200207,17,17,16
test,014200229,27,27,23
test,014200238,12,12,12
test,014200246,15,15,14
test,014200272,22,21,19
test,014200295,20,20,14
test,014200296,16,16,16
test,014200339,25,25,25
test,014200342,24,25,23
test,014200353,29,29,27
test,014200357,15,15,14
test,014220001,19,19,18
test,014220003,17,17,14
test,014220021,14,14,14
test,014220038,6,8,6
test,014220044,12,13,11
test,014220048,28,28,26
test,014220058,16,16,16
test,014220066,13,13,12
test,014220068,12,12,10
test,014220070,15,15,15
test,014220081,15,15,13
test,014220140,19,19,15
test,014220142,19,18,14
test,014220159,10,11,10
test,014220160,9,9,8
test,014220167,9,9,8
test,014650011,17,17,17
test,014650023,20,20,20
test,014650032,13,14,13
test,014650037,12,13,11
test,014650038,13,14,12
test,014650040,12,12,12
test,014650041,7,7,7
test,014650043,12,12,11
test,014650047,13,14,12
test,014650058,17,17,17
test,014650059,13,14,13
test,014650063,13,13,12
test,014650085,18,18,14
test,014650087,16,16,15
test,014650088,19,19,16
test,014650113,18,18,15
test,014650125,11,11,10
test,014650164,15,16,14
test,014690004,16,16,16
test,014690006,17,17,17
test,014690020,20,20,19
test,014690047,14,16,14
test,014690048,23,23,22
test,014690067,15,16,14
test,014690074,13,13,12
test,014690082,17,17,17
test,014690110,22,22,21
test,014690113,23,23,23
test,014690125,13,13,12
test,014690136,15,15,15
test,014690144,21,20,17
test,014690150,9,9,9
test,014690167,21,21,19
test,015010004,19,19,18
test,015010014,17,17,16
test,015010033,10,10,9
test,015010038,11,11,11
test,015010041,12,13,12
test,015010079,8,8,8
test,015010094,17,18,16
test,015010097,14,14,14
test,015010103,14,15,13
test,015010137,19,19,19
test,015010145,26,26,25
test,015010151,14,15,13
test,015010156,10,9,5
test,015010159,9,9,9
test,015010169,17,18,17
test,015010170,15,15,13
test,015020001,16,16,16
test,015020007,21,21,21
test,015020010,17,17,16
test,015020012,21,21,18
test,015020017,16,16,16
test,015020022,15,14,13
test,015020029,10,11,10
test,015020045,11,14,11
test,015020061,18,19,17
test,015020065,17,17,15
test,015020070,13,13,13
test,015020088,19,20,18
test,015020101,16,16,13
test,015020113,21,21,20
test,015020126,14,15,12
test,015020136,16,16,16
test,015020161,21,22,21
test,015020162,9,11,9
test,015030001,19,20,17
test,015030015,23,23,23
test,015030027,22,21,20
test,015030030,5,6,5
test,015030041,9,10,9
test,015030077,14,14,14
test,015030082,16,16,16
test,015030106,17,17,16
test,015030109,19,19,17
test,015030115,24,24,24
test,015030125,10,11,10
test,015030133,14,14,14
test,015030142,20,21,19
test,015030150,10,10,8
test,020020015,15,15,15
test,020020032,33,33,29
test,020020094,24,27,24
test,020020108,28,28,27
test,020020123,13,13,13
test,020020174,14,14,12
test,020020181,25,25,19
test,020020185,23,23,22
test,020020204,13,13,12
test,020020206,14,15,12
test,020020208,26,25,23
test,020020220,20,22,17
test,020020278,17,17,16
test,020020285,28,29,27
test,020020295,26,26,25
test,020020303,16,15,14
test,020020348,19,19,19
test,020020357,20,20,20
test,020020361,15,16,15
test,020020377,15,15,15
test,020070039,12,12,11
test,020070050,14,14,13
test,020070066,15,15,13
test,020070070,17,17,17
test,020070081,19,19,19
test,020070083,19,20,19
test,020070086,18,19,17
test,020070091,23,23,22
test,020070095,22,24,22
test,020070105,16,16,16
test,020070132,18,19,17
test,020070146,15,15,14
test,020070152,13,13,13
test,020070153,10,11,10
test,020070154,16,16,16
test,020070157,10,11,10
test,020070165,17,18,15
test,020070166,11,11,11
test,020140004,15,15,15
test,020140014,15,15,13
test,020140028,13,14,12
test,020140032,14,14,13
test,020140036,12,12,12
test,020140041,12,16,12
test,020140045,12,13,11
test,020140048,14,14,12
test,020140055,15,15,15
test,020140059,23,24,21
test,020140074,14,14,13
test,020140083,18,19,18
test,020140087,19,20,17
test,020140096,28,30,26
test,020140099,22,22,22
test,020140114,16,16,15
test,020140117,18,18,18
test,020140133,23,23,23
test,020140173,13,13,13
test,020160042,19,19,17
test,020160068,32,34,32
test,020160093,27,27,26
test,020160128,24,24,23
test,020160131,24,24,22
test,020160132,24,24,21
test,020160151,26,27,24
test,020160171,24,24,22
test,020160178,25,25,22
test,020160207,20,22,19
test,020160222,14,13,13
test,020160245,28,29,25
test,020160264,12,12,11
test,020160295,20,20,19
test,020160312,12,12,10
test,020160318,14,14,13
test,020160335,21,21,20
test,020160344,15,15,14
test,020160347,26,25,24
test,020160371,24,24,24
test,020270001,20,20,20
test,020270005,16,16,15
test,020270020,15,15,15
test,020270030,13,14,13
test,020270042,10,12,10
test,020270048,12,13,12
test,020270049,12,13,12
test,020270077,20,20,18
test,020270087,17,17,16
test,020270108,20,20,19
test,020270113,12,13,12
test,020270136,14,14,13
test,020270142,20,21,20
test,020270146,22,23,19
test,020270161,10,10,10
test,020270167,12,12,12
test,020270168,14,14,14
test,020270170,10,10,9
test,020270171,14,14,13
test,020270174,13,13,13
test,020300005,15,15,14
test,020300012,17,17,16
test,020300017,15,15,14
test,020300020,18,18,18
test,020300044,12,12,11
test,020300056,17,17,17
test,020300057,17,17,16
test,020300059,16,15,15
test,020300065,17,17,16
test,020300073,12,13,11
test,020300083,21,22,20
test,020300097,18,18,18
test,020300121,12,13,12
test,020300132,13,13,13
test,020300143,14,14,13
test,020300147,15,16,14
test,020300156,12,12,10
test,020300171,15,15,14
test,020300173,13,13,12
test,020310032,14,15,14
test,020310042,19,20,16
test,020310075,28,29,26
test,020310085,22,22,20
test,020310112,17,17,17
test,020310114,26,26,25
test,020310133,28,28,26
test,020310141,17,17,17
test,020310148,19,19,17
test,020310151,22,23,20
test,020310154,13,13,13
test,020310174,19,19,18
test,020310219,18,19,18
test,020310273,26,28,23
test,020310281,16,16,16
test,020310295,26,26,26
test,020310297,14,14,13
test,020310322,18,19,18
test,020310335,12,12,11
test,020310376,20,20,20
test,021120025,18,18,16
test,021120059,25,26,23
test,021120074,25,25,20
test,021120075,35,36,34
test,021120085,14,14,14
test,021120108,31,31,29
test,021120135,28,28,24
test,021120151,14,14,12
test,021120161,23,22,18
test,021120164,24,24,24
test,021120171,14,15,14
test,021120187,20,21,20
test,021120232,22,22,20
test,021120233,20,21,17
test,021120250,27,28,24
test,021120256,26,26,24
test,021120296,19,18,16
test,021120309,32,31,29
test,021120321,29,30,28
test,021120354,16,17,14
test,021160002,25,25,24
test,021160027,25,25,25
test,021160075,28,28,27
test,021160080,13,13,10
test,021160089,27,28,25
test,021160090,23,23,21
test,021160120,32,32,30
test,021160134,17,16,15
test,021160185,23,23,23
test,021160188,12,13,12
test,021160195,16,16,16
test,021160198,20,20,20
test,021160203,18,18,18
test,021160207,15,15,14
test,021160212,18,18,17
test,021160232,17,17,17
test,021160249,23,23,22
test,021160303,28,29,27
test,021160310,30,30,30
test,021160326,25,25,25
test,022520012,25,25,24
test,022520036,18,18,17
test,022520067,19,19,18
test,022520159,12,13,11
test,022520174,31,32,29
test,022520200,13,14,12
test,022520203,23,23,21
test,022520209,27,27,26
test,022520221,14,15,14
test,022520225,14,15,14
test,022520226,19,20,19
test,022520258,21,22,18
test,022520272,26,26,26
test,022520290,19,19,18
test,022520337,13,13,13
test,022520345,22,22,21
test,022520358,30,30,30
test,022520360,20,21,20
test,022520366,22,25,22
test,022520375,16,17,14
test,023270032,21,22,19
test,023270080,17,18,17
test,023270098,19,18,15
test,023270118,19,18,17
test,023270120,20,20,20
test,023270140,22,22,22
test,023270148,21,22,21
test,023270161,20,20,19
test,023270171,16,15,14
test,023270214,18,18,17
test,023270237,29,30,28
test,023270268,19,19,18
test,023270280,14,14,12
test,023270286,12,12,12
test,023270303,21,23,21
test,023270315,17,17,15
test,023270319,25,26,23
test,023270321,25,25,23
test,023270331,22,22,21
test,023270364,23,23,20
test,023550002,42,43,40
test,023550003,38,39,36
test,023550008,21,21,21
test,023550013,17,17,16
test,023550099,19,19,16
test,023550123,21,21,20
test,023550138,15,15,14
test,023550167,12,12,12
test,023550175,25,26,23
test,023550201,29,30,26
test,023550202,25,26,25
test,023550230,38,37,37
test,023550233,17,17,17
test,023550237,24,25,21
test,023550257,26,25,22
test,023550260,18,18,18
test,023550290,19,20,18
test,023550310,19,18,18
test,023550319,13,13,13
test,023550341,17,17,16
test,024380040,24,24,21
test,024380041,17,18,15
test,024380116,26,26,25
test,024380142,23,22,20
test,024380154,11,11,10
test,024380194,17,17,16
test,024380197,22,22,18
test,024380200,22,22,21
test,024380204,17,18,17
test,024380234,17,17,17
test,024380247,13,13,12
test,024380265,17,17,17
test,024380276,20,20,20
test,024380278,26,27,24
test,024380315,11,11,11
test,024380317,24,25,24
test,024380325,26,26,26
test,024380354,18,18,18
test,024380363,18,18,17
test,024380369,18,17,16
test,024410049,16,17,15
test,024410052,30,30,29
test,024410092,36,36,35
test,024410098,27,27,26
test,024410110,34,35,33
test,024410149,20,21,19
test,024410158,14,15,13
test,024410160,20,20,19
test,024410173,28,28,25
test,024410222,20,21,20
test,024410228,20,21,20
test,024410240,15,15,13
test,024410241,21,21,17
test,024410294,15,16,14
test,024410312,35,36,33
test,024410318,24,25,23
test,024410322,20,21,18
test,024410350,17,17,17
test,024410368,27,29,24
test,024410377,14,16,11
test,024480016,29,30,27
test,024480028,18,18,18
test,024480094,29,31,28
test,024480095,30,29,26
test,024480105,27,28,27
test,024480127,30,32,27
test,024480159,19,20,19
test,024480186,15,15,13
test,024480188,30,29,27
test,024480212,23,24,22
test,024480228,17,17,17
test,024480232,30,30,28
test,024480241,20,20,20
test,024480244,19,19,18
test,024480251,16,16,16
test,024480255,22,22,20
test,024480270,15,15,15
test,024480292,26,27,23
test,024480297,25,25,25
test,024480335,14,14,14
test,024510017,19,20,19
test,024510043,27,28,26
test,024510061,24,24,24
test,024510070,33,36,33
test,024510114,27,27,27
test,024510164,21,23,21
test,024510179,19,19,18
test,024510195,21,23,20
test,024510206,20,21,20
test,024510215,30,30,27
test,024510224,30,30,29
test,024510247,28,29,26
test,024510252,23,24,22
test,024510275,13,14,11
test,024510316,18,20,18
test,024510323,18,19,18
test,024510336,21,21,20
test,024510351,22,22,22
test,024510352,25,25,25
test,024510375,13,13,13
test,024880041,18,18,17
test,024880059,21,21,21
test,024880070,20,19,19
test,024880098,16,16,13
test,024880118,28,28,27
test,024880155,22,22,19
test,024880176,19,19,18
test,024880190,25,25,22
test,024880194,21,21,20
test,024880195,20,21,19
test,024880207,17,16,14
test,024880210,22,22,21
test,024880234,16,16,16
test,024880245,18,18,14
test,024880258,25,25,24
test,024880267,15,15,13
test,024880269,19,19,19
test,024880299,32,30,28
test,024880303,19,19,19
test,024880339,19,19,18
test,025380004,35,36,33
test,025380051,18,19,18
test,025380065,15,15,13
test,025380091,22,23,21
test,025380107,31,33,29
test,025380133,15,15,14
test,025380149,18,18,16
test,025380151,18,18,18
test,025380152,20,20,20
test,025380158,29,29,26
test,025380162,18,18,17
test,025380175,27,28,26
test,025380202,14,14,14
test,025380217,23,23,23
test,025380251,22,22,20
test,025380256,22,23,21
test,025380277,16,16,16
test,025380298,20,20,20
test,025380340,17,17,17
test,025380347,25,25,23
test,027400077,22,23,22
test,027400094,19,19,18
test,027400125,16,16,16
test,027400126,16,16,16
test,027400145,21,21,18
test,027400146,23,23,23
test,027400151,24,26,23
test,027400171,24,24,22
test,027400173,18,18,16
test,027400176,15,15,13
test,027400201,22,22,22
test,027400238,21,21,20
test,027400246,25,25,23
test,027400276,14,14,13
test,027400283,15,15,15
test,027400286,16,16,16
test,027400289,23,23,21
test,027400295,19,19,18
test,027400321,24,24,22
test,027400372,21,22,21
test,028920012,21,21,21
test,028920027,19,18,17
test,028920044,27,28,27
test,028920050,22,22,21
test,028920120,15,15,13
test,028920122,15,15,15
test,028920128,14,14,12
test,028920131,22,23,22
test,028920174,14,15,14
test,028920200,20,20,19
test,028920207,16,16,16
test,028920213,23,23,23
test,028920214,19,19,16
test,028920224,15,16,15
test,028920235,22,21,20
test,028920239,18,19,15
test,028920242,26,26,24
test,028920259,19,19,17
test,028920315,21,21,21
test,028920321,15,16,15
test,028970002,26,27,24
test,028970016,32,32,30
test,028970022,31,31,31
test,028970039,32,32,30
test,028970052,21,22,19
test,028970088,12,12,10
test,028970129,16,16,15
test,028970146,19,19,18
test,028970153,21,22,21
test,028970158,20,20,19
test,028970190,17,17,16
test,028970198,20,20,18
test,028970221,17,17,16
test,028970245,22,22,18
test,028970251,20,20,20
test,028970273,15,14,13
test,028970279,13,14,12
test,028970294,19,19,17
test,028970329,24,24,24
test,029170012,28,29,27
test,029170043,25,26,22
test,029170055,37,39,35
test,029170086,13,13,13
test,029170104,20,21,19
test,029170149,18,18,17
test,029170156,16,18,16
test,029170161,27,27,27
test,029170177,29,27,25
test,029170181,17,17,17
test,029170196,13,13,13
test,029170197,22,23,20
test,029170211,25,25,23
test,029170226,19,21,18
test,029170231,24,24,24
test,029170252,16,15,13
test,029170309,34,35,32
test,029170321,21,21,21
test,029170359,31,31,29
test,029170362,22,23,20
test,029370015,13,15,12
test,029370032,23,24,19
test,029370106,33,35,28
test,029370108,41,44,39
test,029370123,14,14,14
test,029370126,20,21,18
test,029370142,20,20,19
test,029370153,12,12,10
test,029370185,13,14,12
test,029370193,11,11,10
test,029370210,22,21,21
test,029370217,23,24,21
test,029370221,17,16,16
test,029370230,27,29,26
test,029370235,21,22,20
test,029370239,16,16,15
test,029370270,18,18,18
test,029370303,20,20,19
test,029370379,17,17,16
test,030070015,19,20,19
test,030070017,11,11,11
test,030070019,19,19,17
test,030070022,13,14,13
test,030070025,16,14,13
test,030070043,13,13,13
test,030070049,20,21,19
test,030070054,20,21,19
test,030070058,10,10,10
test,030070066,13,13,13
test,030070093,20,20,20
test,030070094,22,22,20
test,030070099,10,10,9
test,030070108,13,13,13
test,030070111,12,13,12
test,030070112,24,24,23
test,030070135,16,17,16
test,030070138,16,17,16
test,030070152,26,26,25
test,030070159,13,13,12
test,030120001,21,21,21
test,030120003,24,24,22
test,030120018,10,10,9
test,030120021,13,13,13
test,030120029,13,13,13
test,030120044,18,20,17
test,030120072,11,12,10
test,030120079,7,7,7
test,030120089,15,15,15
test,030120097,16,16,16
test,030120106,17,18,16
test,030120121,11,11,10
test,030120141,14,15,14
test,030120150,10,11,9
test,030120154,10,10,9
test,030120155,13,13,13
test,030120157,14,15,14
test,030120163,12,13,11
test,030120165,12,12,12
test,030120173,12,12,11
test,030140009,11,11,10
test,030140010,21,21,18
test,030140017,15,15,15
test,030140025,20,20,18
test,030140043,10,10,10
test,030140053,16,16,16
test,030140075,15,15,15
test,030140086,15,15,15
test,030140089,11,11,11
test,030140092,11,11,11
test,030140095,13,13,13
test,030140099,12,13,12
test,030140126,25,24,21
test,030140128,16,16,16
test,030140129,6,7,6
test,030140132,20,20,18
test,030140134,17,17,16
test,030140144,11,11,11
test,030140147,11,11,11
test,030140173,10,10,10
test,030270013,15,15,14
test,030270014,25,26,23
test,030270026,24,26,24
test,030270033,25,25,23
test,030270049,22,22,22
test,030270053,17,17,15
test,030270054,17,17,16
test,030270073,18,18,16
test,030270075,11,12,10
test,030270083,14,14,13
test,030270093,15,15,14
test,030270116,16,17,15
test,030270121,22,22,22
test,030270140,15,16,14
test,030270141,22,23,22
test,030270147,11,11,11
test,030270151,12,12,12
test,030270161,13,13,13
test,030270168,11,11,11
test,030270175,21,21,21
test,030600004,18,16,15
test,030600011,17,17,16
test,030600020,10,11,10
test,030600023,18,18,16
test,030600039,14,14,14
test,030600041,15,16,14
test,030600042,10,10,9
test,030600052,21,20,18
test,030600054,17,17,16
test,030600055,11,11,11
test,030600070,16,16,16
test,030600085,16,17,16
test,030600099,13,13,13
test,030600104,13,13,12
test,030600140,14,15,13
test,030600147,12,11,11
test,030600154,11,12,10
test,030600156,16,17,16
test,030600160,11,11,11
test,030600168,26,27,21
test,030750012,18,18,15
test,030750030,20,21,18
test,030750034,20,20,17
test,030750042,14,14,14
test,030750057,18,19,15
test,030750058,13,13,13
test,030750061,12,13,12
test,030750074,15,15,14
test,030750076,16,16,14
test,030750078,18,18,18
test,030750088,10,11,10
test,030750093,16,16,13
test,030750098,16,17,16
test,030750108,11,12,11
test,030750119,9,10,9
test,030750128,16,16,16
test,030750146,13,13,12
test,030750155,13,13,13
test,030750165,6,6,5
test,030750170,12,12,11
test,032140001,13,13,11
test,032140007,21,23,18
test,032140013,9,9,9
test,032140017,15,15,14
test,032140025,21,22,19
test,032140054,8,9,8
test,032140060,19,19,19
test,032140069,12,13,12
test,032140073,10,10,9
test,032140078,14,15,12
test,032140082,26,27,23
test,032140087,9,9,9
test,032140094,9,9,9
test,032140110,14,14,12
test,032140117,14,14,14
test,032140121,26,28,23
test,032140135,14,14,13
test,032140150,9,9,8
test,032140164,9,9,9
test,032140169,10,10,9
test,034120002,12,12,12
test,034120012,8,8,7
test,034120027,18,18,18
test,034120035,18,19,18
test,034120047,10,10,10
test,034120050,10,10,10
test,034120052,16,16,16
test,034120067,14,14,13
test,034120077,16,16,16
test,034120085,14,15,13
test,034120101,11,11,10
test,034120111,11,11,11
test,034120125,14,14,12
test,034120155,11,13,11
test,034120161,13,13,11
test,034120162,13,13,12
test,034120165,13,14,13
test,034120170,15,16,14
test,034120173,17,18,17
test,034120174,13,13,12
test,036310007,15,15,15
test,036310021,12,12,10
test,036310035,16,16,15
test,036310036,16,16,16
test,036310041,17,18,16
test,036310047,18,18,17
test,036310062,22,22,22
test,036310063,13,13,12
test,036310080,13,13,12
test,036310097,21,21,20
test,036310098,19,20,18
test,036310100,15,15,13
test,036310110,17,19,17
test,036310116,20,21,18
test,036310120,13,13,13
test,036310134,16,16,15
test,036310148,25,25,24
test,036310159,19,19,19
test,036310170,12,13,12
test,036310171,15,16,15
test,050150021,19,20,19
test,050150024,24,24,24
test,050150028,10,10,10
test,050150041,30,30,30
test,050150069,13,13,13
test,050150070,19,19,18
test,050150091,17,17,16
test,050150093,26,27,24
test,050150108,20,20,18
test,050150116,28,30,28
test,050150125,19,19,19
test,050150129,14,13,13
test,050150142,13,13,13
test,050150145,16,16,16
test,050150159,13,13,13
test,050150163,11,11,11
test,050150165,14,14,14
test,050150170,21,21,20
test,050150173,23,24,22
test,050150175,10,10,8
test,050170001,15,16,15
test,050170002,26,25,24
test,050170005,18,17,15
test,050170051,15,15,14
test,050170092,12,12,12
test,050170099,18,18,16
test,050170100,8,8,7
test,050170101,21,22,21
test,050170102,22,22,21
test,050170113,19,19,16
test,050170117,17,17,16
test,050170123,10,10,10
test,050170129,11,11,10
test,050170131,33,32,31
test,050170132,31,31,31
test,050170136,13,14,12
test,050170145,20,21,17
test,050170151,19,19,18
test,050170154,20,20,20
test,050170165,24,24,21
test,050290009,22,22,20
test,050290028,28,28,26
test,050290038,22,23,20
test,050290042,16,16,16
test,050290060,24,25,22
test,050290062,20,21,16
test,050290068,19,19,17
test,050290079,14,14,13
test,050290087,31,32,31
test,050290120,20,20,18
test,050290126,19,20,17
test,050290129,17,18,17
test,050290132,22,23,21
test,050290136,18,18,18
test,050290145,25,25,25
test,050290149,11,11,10
test,050290156,9,9,8
test,050290162,10,10,9
test,050290167,22,23,22
test,050290174,9,9,8
test,050390001,30,29,27
test,050390011,20,19,17
test,050390020,13,15,13
test,050390021,13,13,13
test,050390038,23,24,22
test,050390040,21,23,20
test,050390048,22,22,22
test,050390049,18,18,18
test,050390057,18,18,18
test,050390059,20,20,20
test,050390081,11,11,11
test,050390084,10,10,10
test,050390087,20,20,20
test,050390090,18,18,16
test,050390092,11,11,11
test,050390097,13,13,9
test,050390114,11,12,11
test,050390129,17,17,16
test,050390130,13,13,13
test,050390175,18,18,17
test,050720001,14,15,14
test,050720003,15,16,12
test,050720006,25,24,24
test,050720017,17,18,17
test,050720025,9,9,9
test,050720040,14,13,13
test,050720045,23,21,19
test,050720063,22,22,20
test,050720072,20,20,18
test,050720076,29,29,29
test,050720078,25,26,24
test,050720079,25,25,22
test,050720102,17,18,14
test,050720124,31,32,30
test,050720126,13,13,13
test,050720136,11,11,11
test,050720138,17,17,17
test,050720150,17,17,16
test,050720158,24,25,23
test,050720175,24,24,24
test,052200004,22,23,21
test,052200008,15,15,13
test,052200020,19,19,17
test,052200044,22,22,18
test,052200050,27,27,26
test,052200064,9,9,8
test,052200066,14,14,14
test,052200076,13,12,11
test,052200089,10,10,9
test,052200092,14,15,13
test,052200094,12,12,12
test,052200095,15,16,13
test,052200101,13,13,13
test,052200110,18,18,17
test,052200142,24,25,22
test,052200150,21,21,21
test,052200152,21,22,18
test,052200155,23,23,22
test,052200162,17,17,15
test,052200168,21,21,18
test,054060017,14,14,13
test,054060036,31,32,29
test,054060044,20,21,20
test,054060049,12,12,11
test,054060064,23,23,22
test,054060076,26,27,25
test,054060077,12,12,12
test,054060091,14,14,14
test,054060099,29,29,29
test,054060104,15,15,14
test,054060113,10,11,10
test,054060116,13,13,13
test,054060119,10,10,9
test,054060126,22,24,21
test,054060139,26,26,25
test,054060147,29,29,29
test,054060149,28,28,27
test,054060153,13,13,12
test,054060172,13,14,13
test,054060173,24,25,23
test,054280012,17,17,17
test,054280018,10,10,9
test,054280021,8,8,8
test,054280023,20,20,20
test,054280024,18,19,18
test,054280030,14,14,12
test,054280040,26,26,24
test,054280042,18,18,18
test,054280049,14,14,14
test,054280053,12,12,12
test,054280057,24,23,21
test,054280062,31,34,31
test,054280078,21,21,16
test,054280109,18,19,18
test,054280118,23,23,23
test,054280125,9,9,9
test,054280128,15,15,15
test,054280146,9,9,9
test,054280148,17,17,17
test,054280175,12,13,12
test,054320015,11,11,11
test,054320019,12,11,9
test,054320020,18,18,17
test,054320024,32,32,30
test,054320037,18,19,15
test,054320041,22,22,21
test,054320058,24,21,21
test,054320061,19,19,19
test,054320067,12,12,12
test,054320073,10,11,10
test,054320076,16,16,15
test,054320080,23,24,23
test,054320092,15,16,15
test,054320099,32,32,31
test,054320100,24,24,22
test,054320118,30,30,29
test,054320129,28,28,24
test,054320136,19,18,17
test,054320140,20,22,16
test,054320149,30,30,29
test,055470005,17,17,17
test,055470009,10,10,10
test,055470040,27,26,25
test,055470046,21,21,21
test,055470047,21,22,20
test,055470080,26,27,24
test,055470082,21,21,19
test,055470088,18,18,15
test,055470104,23,22,18
test,055470105,15,16,15
test,055470120,18,18,17
test,055470122,18,18,17
test,055470126,19,19,18
test,055470129,14,14,13
test,055470131,12,13,11
test,055470141,19,20,19
test,055470152,17,16,14
test,055470170,14,15,14
test,055470172,14,15,14
test,055470175,14,15,13
test,060670002,26,26,25
test,060670003,24,26,23
test,060670017,29,29,29
test,060670029,18,17,14
test,060670035,27,27,22
test,060670036,16,16,15
test,060670038,23,24,23
test,060670041,15,15,15
test,060670044,27,27,24
test,060670049,19,20,17
test,060670060,24,24,22
test,060670062,15,16,15
test,060670072,20,20,20
test,060670075,22,22,20
test,060670080,28,28,27
test,060670094,29,29,29
test,060670111,20,20,19
test,060670140,17,17,16
test,060670144,23,23,22
test,060670149,10,10,10
test,060990011,12,12,11
test,060990014,15,16,14
test,060990023,14,14,14
test,060990029,27,28,27
test,060990030,18,18,18
test,060990034,22,22,20
test,060990035,15,14,14
test,060990039,14,14,13
test,060990059,29,29,27
test,060990078,22,19,17
test,060990083,19,20,19
test,060990089,15,15,15
test,060990093,16,16,16
test,060990117,22,22,21
test,060990121,21,19,17
test,060990124,16,17,16
test,060990129,21,21,21
test,060990155,17,17,16
test,060990168,19,19,18
test,060990175,23,24,23
test,069020020,18,18,16
test,069020024,17,18,17
test,069020037,14,13,11
test,069020044,26,28,23
test,069020048,13,12,12
test,069020059,18,19,17
test,069020065,21,21,20
test,069020075,16,16,16
test,069020090,28,29,26
test,069020091,19,20,18
test,069020096,27,27,26
test,069020103,20,20,19
test,069020114,22,23,22
test,069020123,10,10,10
test,069020143,16,16,13
test,069020155,17,17,16
test,069020163,15,14,13
test,069020168,16,16,16
test,069020175,13,13,13
test,080630011,19,20,18
test,080630014,17,17,16
test,080630019,14,14,13
test,080630030,15,15,14
test,080630038,19,19,19
test,080630044,17,18,17
test,080630053,28,28,28
test,080630062,20,21,18
test,080630086,25,25,25
test,080630090,33,33,32
test,080630091,22,22,22
test,080630093,17,17,17
test,080630094,19,19,17
test,080630123,14,14,14
test,080630125,22,22,20
test,080630140,16,17,16
test,080630147,24,24,23
test,080630152,17,17,13
test,080630155,20,23,19
test,080630170,22,23,22
test,080680011,19,19,17
test,080680020,14,15,14
test,080680029,27,27,26
test,080680031,27,27,27
test,080680056,19,20,18
test,080680060,19,19,19
test,080680066,21,21,20
test,080680069,28,28,28
test,080680084,18,17,17
test,080680090,15,14,13
test,080680095,25,25,23
test,080680106,16,17,13
test,080680108,30,31,26
test,080680129,27,27,26
test,080680133,29,28,25
test,080680151,19,19,17
test,080680153,24,26,24
test,080680170,26,26,26
test,080680173,15,16,15
test,080680174,11,12,11
test,081530002,16,17,15
test,081530014,34,36,32
test,081530016,19,17,16
test,081530018,14,14,12
test,081530023,23,23,22
test,081530038,29,29,28
test,081530065,20,20,18
test,081530073,26,28,25
test,081530085,18,17,15
test,081530088,17,17,16
test,081530096,20,21,18
test,081530100,28,28,27
test,081530107,20,20,17
test,081530109,25,25,25
test,081530125,13,13,13
test,081530139,15,15,14
test,081530146,19,19,17
test,081530165,16,17,14
test,081530167,28,26,25
test,081530170,21,22,20
test,085810002,20,21,18
test,085810012,15,15,15
test,085810018,22,22,22
test,085810038,31,32,29
test,085810040,27,26,24
test,085810043,18,18,17
test,085810048,24,23,21
test,085810056,13,13,13
test,085810078,24,25,23
test,085810084,21,21,21
test,085810086,12,12,11
test,085810112,31,31,29
test,085810116,25,25,21
test,085810119,24,23,22
test,085810120,25,26,25
test,085810121,23,24,22
test,085810152,17,17,17
test,085810159,24,24,24
test,085810163,16,16,14
test,085810167,21,20,19
test,085840013,24,25,23
test,085840020,28,29,27
test,085840022,17,16,15
test,085840036,19,18,18
test,085840040,13,13,12
test,085840059,27,27,24
test,085840072,22,23,22
test,085840075,24,24,24
test,085840077,18,18,17
test,085840086,17,16,13
test,085840089,21,22,21
test,085840092,16,17,14
test,085840099,18,18,17
test,085840115,25,26,23
test,085840117,12,13,11
test,085840123,31,31,31
test,085840141,18,18,17
test,085840147,22,22,22
test,085840157,27,27,27
test,085840167,35,34,33
test,090880018,15,15,14
test,090880060,14,15,12
test,090880064,21,22,21
test,090880065,27,28,27
test,090880086,19,19,19
test,090880090,30,30,28
test,090880093,20,20,20
test,090880095,46,46,43
test,090880100,26,26,25
test,090880120,23,23,23
test,090880126,16,17,14
test,090880130,21,20,19
test,090880132,14,14,13
test,090880140,18,20,17
test,090880142,32,33,31
test,090880145,16,16,16
test,090880147,16,16,13
test,090880154,19,19,17
test,090880157,30,30,30
test,090880163,27,27,26
test,091010017,23,23,22
test,091010032,21,21,19
test,091010049,23,23,22
test,091010050,28,29,25
test,091010055,16,16,16
test,091010063,21,21,20
test,091010070,14,15,14
test,091010072,20,21,19
test,091010082,10,10,10
test,091010100,27,28,27
test,091010107,26,26,25
test,091010109,31,31,30
test,091010123,19,19,18
test,091010127,23,23,23
test,091010133,16,16,15
test,091010138,25,25,22
test,091010139,18,18,18
test,091010142,16,16,16
test,091010149,25,25,25
test,091010151,23,23,23
test,091070001,17,17,16
test,091070033,18,19,17
test,091070038,27,27,27
test,091070040,31,32,31
test,091070049,18,18,18
test,091070056,21,21,20
test,091070061,18,19,17
test,091070065,20,20,19
test,091070074,31,32,28
test,091070089,21,21,20
test,091070108,29,29,29
test,091070135,15,15,15
test,091070138,14,15,13
test,091070140,28,30,27
test,091070142,36,36,36
test,091070143,17,18,16
test,091070162,23,23,22
test,091070163,16,16,15
test,091070174,28,28,28
test,091070175,17,17,17
test,091180015,23,23,22
test,091180025,23,23,21
test,091180035,26,26,21
test,091180042,21,21,21
test,091180044,28,29,25
test,091180050,20,20,18
test,091180056,26,27,24
test,091180064,12,12,11
test,091180075,27,27,24
test,091180078,29,30,27
test,091180088,28,30,27
test,091180091,30,31,30
test,091180101,18,18,16
test,091180110,15,15,14
test,091180133,24,24,22
test,091180151,16,16,15
test,091180157,24,24,21
test,091180159,19,19,19
test,091180161,27,28,26
test,091180163,25,25,24
test,095530005,23,23,23
test,095530010,17,17,17
test,095530011,14,14,14
test,095530016,13,13,12
test,095530028,30,31,28
test,095530041,22,22,21
test,095530049,26,26,25
test,095530059,15,16,14
test,095530066,31,31,30
test,095530082,30,32,30
test,095530083,16,17,15
test,095530085,21,21,20
test,095530116,24,24,22
test,095530118,18,19,18
test,095530129,27,27,25
test,095530144,22,22,22
test,095530152,15,16,15
test,095530154,17,17,16
test,095530161,20,20,19
test,095530173,17,17,17
test,095550027,20,20,18
test,095550043,17,17,17
test,095550044,22,22,21
test,095550046,19,19,16
test,095550051,22,24,22
test,095550053,27,29,27
test,095550073,24,25,24
test,095550075,22,23,21
test,095550081,11,11,10
test,095550082,23,23,23
test,095550092,27,27,25
test,095550100,27,28,27
test,095550107,13,13,12
test,095550116,22,22,21
test,095550126,16,17,16
test,095550134,16,17,16
test,095550143,24,24,20
test,095550146,18,18,18
test,095550148,15,15,15
test,095550173,28,30,27
test,095580008,24,24,24
test,095580012,28,28,24
test,095580016,24,23,22
test,095580039,23,23,23
test,095580045,32,33,30
test,095580056,19,21,19
test,095580067,18,19,17
test,095580071,37,38,33
test,095580078,17,17,17
test,095580088,33,34,31
test,095580097,24,24,22
test,095580099,18,18,18
test,095580101,32,33,31
test,095580102,21,21,20
test,095580116,21,22,19
test,095580128,17,17,16
test,095580133,25,25,25
test,095580157,23,23,21
test,095580166,31,31,28
test,095580173,17,17,17
test,096010001,20,20,19
test,096010002,26,26,25
test,096010004,23,24,22
test,096010005,20,19,18
test,096010006,22,22,21
test,096010007,15,15,14
test,096010008,24,23,21
test,096010009,31,31,30
test,096010010,28,28,27
test,096010011,23,22,22
test,096010012,28,29,28
test,096010013,26,27,24
test,096010015,22,22,21
test,096010016,23,23,22
test,096010018,17,17,16
test,096010019,26,26,26
test,096010020,31,31,31
test,096010021,22,23,20
test,096010022,19,19,18
test,096010023,22,23,20
test,096080003,23,23,21
test,096080005,24,24,21
test,096080006,31,31,31
test,096080007,28,29,27
test,096080008,20,20,19
test,096080009,19,18,16
test,096080010,16,16,14
test,096080012,22,22,21
test,096080013,27,27,25
test,096080014,19,19,15
test,096080015,21,21,19
test,096080017,20,20,20
test,096080018,28,27,26
test,096080021,29,30,24
test,096080022,28,27,25
test,096080023,27,27,27
test,096080024,32,35,30
test,096080025,20,20,20
test,096080026,24,24,23
test,096080027,30,31,30
test,096100001,27,27,25
test,096100002,22,21,19
test,096100003,29,30,28
test,096100004,21,20,19
test,096100005,19,18,18
test,096100006,20,20,18
test,096100007,24,23,23
test,096100008,17,17,15
test,096100009,11,12,11
test,096100010,32,32,30
test,096100011,22,22,21
test,096100012,29,30,27
test,096100013,12,13,11
test,096100014,13,13,12
test,096100015,21,19,18
test,096100016,29,27,27
test,096100017,19,19,17
test,096100018,25,27,24
test,096100019,19,19,18
test,096100020,12,11,8
test,096120001,17,17,17
test,096120002,18,18,18
test,096120003,29,28,27
test,096120004,26,26,25
test,096120005,23,23,22
test,096120006,23,24,21
test,096120007,20,20,19
test,096120008,13,13,13
test,096120009,30,30,27
test,096120010,12,12,12
test,096120011,28,28,28
test,096120012,32,32,28
test,096120013,24,24,22
test,096120014,17,17,17
test,096120015,23,23,19
test,096120016,14,14,13
test,096120017,13,14,11
test,096120018,24,23,21
test,096120019,21,21,21
test,096120020,15,14,13
test,096170001,17,17,15
test,096170002,21,22,20
test,096170003,15,15,13
test,096170004,20,20,18
test,096170006,32,31,29
test,096170007,21,22,20
test,096170008,24,23,23
test,096170009,15,14,13
test,096170010,20,18,17
test,096170011,31,31,27
test,096170012,22,23,21
test,096170013,25,25,25
test,096170014,19,19,18
test,096170015,16,15,14
test,096170018,28,29,26
test,096170020,27,26,24
test,096170021,23,23,23
test,096170022,27,28,26
test,096170023,22,21,21
test,096170024,16,16,15
test,096180001,29,29,26
test,096180002,16,16,15
test,096180004,22,22,21
test,096180005,17,18,16
test,096180007,25,24,24
test,096180008,22,24,21
test,096180009,18,18,18
test,096180010,17,17,17
test,096180011,14,14,14
test,096180012,23,23,21
test,096180013,23,23,22
test,096180014,22,23,20
test,096180015,22,22,22
test,096180016,27,26,24
test,096180017,27,27,27
test,096180018,30,27,25
test,096180019,30,31,28
test,096180020,21,21,21
test,096180021,23,23,20
test,096180022,29,28,28
test,096220001,25,24,23
test,096220002,13,13,13
test,096220003,14,14,13
test,096220004,29,28,26
test,096220005,25,24,23
test,096220006,21,20,19
test,096220007,17,17,13
test,096220008,31,30,29
test,096220009,13,13,12
test,096220010,23,23,20
test,096220011,21,21,20
test,096220012,20,20,20
test,096220013,24,24,20
test,096220014,26,26,24
test,096220015,27,25,22
test,096220016,28,28,27
test,096220017,16,16,16
test,096220018,28,29,27
test,096220019,12,11,11
test,096220020,17,19,16
test,096230001,30,30,29
test,096230002,15,13,13
test,096230004,14,15,13
test,096230005,21,22,20
test,096230006,18,17,15
test,096230007,16,17,15
test,096230008,11,11,11
test,096230009,18,18,17
test,096230010,15,14,13
test,096230011,20,19,17
test,096230012,22,22,22
test,096230013,21,21,17
test,096230014,27,26,24
test,096230015,17,17,16
test,096230016,26,26,22
test,096230017,29,27,23
test,096230018,29,29,25
test,096230019,11,11,10
test,096230020,28,28,25
test,096230021,21,21,19
test,096260002,13,11,11
test,096260003,18,18,16
test,096260004,20,21,19
test,096260005,18,17,16
test,096260006,25,24,22
test,096260007,24,27,22
test,096260008,26,27,23
test,096260009,26,25,24
test,096260011,20,19,19
test,096260012,20,20,19
test,096260013,12,10,9
test,096260014,11,11,9
test,096260015,21,22,21
test,096260016,23,24,22
test,096260017,23,25,22
test,096260018,14,13,12
test,096260019,22,22,20
test,096260020,14,14,14
test,096260021,18,18,16
test,096260022,19,20,18
test,096290001,18,18,17
test,096290002,13,14,12
test,096290004,14,13,13
test,096290005,15,14,12
test,096290006,19,18,18
test,096290007,23,22,21
test,096290008,20,20,19
test,096290009,22,23,19
test,096290010,14,14,12
test,096290011,12,12,12
test,096290012,22,22,21
test,096290014,24,25,23
test,096290015,17,16,15
test,096290016,13,13,12
test,096290017,17,18,14
test,096290018,22,22,21
test,096290020,27,27,24
test,096290021,21,21,20
test,096290022,26,26,25
test,096290023,14,14,12
test,096310001,18,19,17
test,096310002,23,24,23
test,096310003,23,23,21
test,096310004,18,18,17
test,096310005,18,18,18
test,096310006,13,13,12
test,096310007,12,12,12
test,096310008,22,22,22
test,096310009,18,18,15
test,096310010,17,17,15
test,096310011,27,26,22
test,096310012,21,20,19
test,096310013,21,22,20
test,096310014,18,19,18
test,096310015,19,19,18
test,096310016,23,23,20
test,096310017,17,18,17
test,096310018,22,22,21
test,096310019,24,24,24
test,096310020,19,20,17
test,096330003,20,20,19
test,096330005,16,16,12
test,096330006,19,21,18
test,096330007,15,16,14
test,096330008,15,15,13
test,096330009,15,15,15
test,096330010,17,17,17
test,096330011,18,18,16
test,096330012,18,19,18
test,096330013,20,20,20
test,096330014,14,14,13
test,096330015,23,21,20
test,096330016,19,19,18
test,096330017,21,22,19
test,096330018,23,23,22
test,096330019,22,22,20
test,096330020,21,21,21
test,096330021,27,27,22
test,096330022,25,24,23
test,096330023,27,27,27
test,096350006,20,20,20
test,096350007,21,21,19
test,096350008,21,20,18
test,096350009,22,23,19
test,096350010,20,20,20
test,096350011,22,23,19
test,096350012,25,24,22
test,096350013,26,25,23
test,096350014,15,15,15
test,096350015,18,18,18
test,096350016,22,23,21
test,096350018,16,16,13
test,096350019,16,16,16
test,096350020,16,15,14
test,096350021,23,24,22
test,096350023,18,18,16
test,096350024,24,24,22
test,096350025,20,19,19
test,096350026,15,15,14
test,096350027,16,16,15
test,096400001,39,41,37
test,096400002,23,24,20
test,096400004,22,21,21
test,096400006,23,23,19
test,096400007,26,26,26
test,096400008,32,32,29
test,096400010,19,20,17
test,096400012,18,18,17
test,096400013,20,22,19
test,096400014,15,17,14
test,096400016,25,26,24
test,096400018,18,18,17
test,096400019,17,17,17
test,096400020,21,21,20
test,096400021,22,21,16
test,096400022,15,15,15
test,096400024,26,26,24
test,096400025,28,28,28
test,096400026,21,21,21
test,096400028,22,22,19
test,096470002,30,29,26
test,096470003,23,23,23
test,096470004,23,23,22
test,096470005,26,26,25
test,096470007,16,17,15
test,096470008,16,15,14
test,096470010,19,18,16
test,096470011,17,17,17
test,096470012,30,31,28
test,096470013,15,15,15
test,096470014,20,20,18
test,096470015,21,21,21
test,096470016,20,22,18
test,096470017,28,28,24
test,096470018,18,19,16
test,096470019,20,20,17
test,096470020,18,18,18
test,096470021,19,20,18
test,096470022,26,27,25
test,096470023,15,16,15
