utterance,speaker,word_index,word,human_stress,human_correct,ctc_viterbi_primary_probability,ctc_viterbi_canonical_location_correct,ctc_viterbi_stress_latency_ms,mfa_primary_probability,mfa_canonical_location_correct,mfa_stress_latency_ms
000030012,0003,2,GOING,10.0,1,0.7297,1,1019.0397500118706,0.7295,1,36.38462501112372
000030012,0003,5,ELEPHANT,10.0,1,0.4287,1,64.25566700636409,0.4933,1,456.12925000023097
000030024,0003,2,CHINA,10.0,1,0.7277,1,63.61466599628329,0.7283,1,43.759708001744
000030051,0003,1,ZERO,10.0,1,0.7279,1,41.99029199662618,0.7277,1,37.45450000860728
000030051,0003,3,ZERO,10.0,1,0.7203,1,60.26654102606699,0.7272,1,40.371666982537135
000030059,0003,0,TOMATO,10.0,1,0.4015,1,52.39699999219738,0.5696,1,54.295375011861324
000030059,0003,2,PHOTO,10.0,1,0.5913,1,65.05516701145098,0.2926,0,45.83683400414884
000030069,0003,0,ALICE,10.0,1,0.7067,1,61.7400000046473,0.7265,1,48.07099999743514
000030069,0003,3,BOXING,10.0,1,0.7298,1,36.25574999023229,0.7297,1,34.720583993475884
000030080,0003,4,BISCUIT,10.0,1,0.3584,0,55.473375017754734,0.705,1,43.843792023835704
000030097,0003,0,HERE,10.0,1,1.0,1,43.033207999542356,1.0,1,30.68116700160317
000030116,0003,1,BILLY,10.0,1,0.715,1,37.75412499089725,0.7058,1,39.663792005740106
000030116,0003,3,INTO,10.0,1,0.7157,1,36.14220899180509,0.5105,1,40.17854100675322
000030119,0003,1,TINA,10.0,1,0.7293,1,40.993375005200505,0.7285,1,45.3188749961555
000030119,0003,3,INTO,10.0,1,0.6423,1,36.3647089980077,0.6615,1,41.17762501118705
000030119,0003,5,WASHROOM,10.0,1,0.7115,1,36.78566700546071,0.719,1,35.92570798355155
000030145,0003,0,BILLY,10.0,1,0.7286,1,35.33858299488202,0.7277,1,39.71775001264177
000030175,0003,0,YUMMY,10.0,1,0.7174,1,70.2803329913877,0.7283,1,49.90350001025945
000240031,0024,7,LADDER,10.0,1,0.7283,1,56.87104200478643,0.7291,1,39.388125005643815
000240071,0024,7,VERY,10.0,1,0.7292,1,35.39937501773238,0.7292,1,34.15087499888614
000240073,0024,2,AMERICAN,10.0,1,0.4016,1,54.825082974275574,0.2875,0,56.379292014753446
000240073,0024,3,COMMUNITY,10.0,1,0.2765,0,61.937416990986094,0.2827,0,59.671124996384606
000240073,0024,5,EUROPE,10.0,1,0.7275,1,35.68991701467894,0.726,1,38.346749992342666
000240073,0024,6,FOLLOWS,10.0,1,0.2927,0,36.770832986803725,0.7285,1,38.05454200482927
000240099,0024,3,TALKING,10.0,1,0.7275,1,34.9253750173375,0.7287,1,35.28812498552725
000240099,0024,4,ABOUT,10.0,1,0.7295,1,37.171042000409216,0.7286,1,38.938542013056576
000240099,0024,8,GENERAL,10.0,1,0.7301,1,35.07775001344271,0.7302,1,36.35941701941192
000240116,0024,0,LOVELY,10.0,1,0.7301,1,35.14558300958015,0.7303,1,34.94070898159407
000240116,0024,3,YOUR,10.0,1,1.0,1,26.237124984618276,1.0,1,26.45195901277475
000240116,0024,4,ACQUAINTANCE,10.0,1,0.5737,1,43.855833006091416,0.5743,1,50.97200002637692
000240151,0024,0,SUCCESSFUL,10.0,1,0.2614,0,44.886334013426676,0.5728,1,44.65670802164823
000240151,0024,4,COLLEGE,10.0,1,0.715,1,37.60016700834967,0.6978,1,37.678874999983236
000240152,0024,3,PRETTY,10.0,1,0.7297,1,33.79616601159796,0.7298,1,34.10866702324711
000240284,0024,0,SOMEBODY,10.0,1,0.5132,1,42.96262498246506,0.2318,0,49.524834001204
000240284,0024,6,OVER,10.0,1,0.7266,1,58.770916977664456,0.7295,1,42.149084008997306
000240289,0024,0,COMPETITION,10.0,1,0.2245,0,53.85879200184718,0.2623,0,54.67599999974482
000240289,0024,5,INDUSTRY,5.0,0,0.2188,0,68.92979200347327,0.2416,0,52.00300001888536
000240320,0024,2,ANXIOUSLY,10.0,1,0.4275,1,46.91599999205209,0.3335,0,47.421042021596804
000240320,0024,7,STARTED,10.0,1,0.7301,1,34.96099999756552,0.7303,1,34.99862499302253
000240323,0024,5,UNHAPPY,10.0,1,0.5438,1,46.029332996113226,0.3618,0,47.50887499540113
000240324,0024,3,SORRY,10.0,1,0.7293,1,37.5216249958612,0.7297,1,35.885791992768645
000240350,0024,6,FRIENDSHIP,10.0,1,0.73,1,36.874999990686774,0.7303,1,37.23358397837728
000440005,0044,0,ANDY,10.0,1,0.7278,1,63.283958996180445,0.7246,1,40.41245797998272
000440021,0044,0,MANDY,10.0,1,0.73,1,40.00529201584868,0.7302,1,42.2462499991525
000440021,0044,4,AUSTRALIAN,10.0,1,0.5749,1,53.063917002873495,0.574,1,50.114541983930394
000440043,0044,0,ZERO,10.0,1,0.7101,1,45.599665987538174,0.6414,1,45.69037500186823
000440043,0044,2,ZERO,10.0,1,0.6976,1,46.105291985441,0.7226,1,45.333457994274795
000440045,0044,1,ZERO,10.0,1,0.4758,0,46.521375013981014,0.7279,1,51.65266600670293
000440082,0044,0,LILLY,10.0,1,0.7255,1,41.62370800622739,0.7286,1,43.36366700590588
000440082,0044,2,BISCUIT,10.0,1,0.719,1,69.40149998990819,0.7173,1,40.20950000267476
000440089,0044,0,SANDY,10.0,1,0.7268,1,42.69891700823791,0.7302,1,42.47008400852792
000440099,0044,3,BEAUTIFUL,10.0,1,0.489,1,63.30795801477507,0.5396,1,54.3818750011269
000440099,0044,4,SUNGLASSES,10.0,1,0.4568,1,72.96775002032518,0.569,1,50.708499999018386
000440126,0044,0,TEDDY,10.0,1,0.7032,1,47.42766698473133,0.7288,1,48.52854099590331
000440126,0044,3,CUMBER,10.0,1,0.7235,1,59.37087500933558,0.7302,1,43.40079199755564
000440132,0044,0,ANDY,10.0,1,0.708,1,73.88270800583996,0.7279,1,44.87883299589157
000440145,0044,0,HANDY,10.0,1,0.7301,1,42.99691700725816,0.7304,1,43.685207987437025
000440145,0044,3,BANGKOK,10.0,1,0.2705,0,40.39325000485405,0.2699,0,43.983666022541
000440147,0044,0,LILLY,10.0,1,0.7285,1,42.94395798933692,0.7251,1,54.057750006904826
000440173,0044,1,GOING,10.0,1,0.7293,1,42.23429100238718,0.7298,1,38.1447909749113
000490017,0049,0,DORA,10.0,1,0.7281,1,44.843959010904655,0.7159,1,49.4321660080459
000490088,0049,2,TEDDY'S,10.0,1,0.7282,1,54.67941699316725,0.7284,1,42.700666992459446
000490092,0049,0,HERE,10.0,1,1.0,1,49.28991699125618,1.0,1,37.97245799796656
000490097,0049,0,SANDY,10.0,1,0.73,1,37.86254100850783,0.7301,1,43.32845899625681
000490102,0049,0,MARY,5.0,0,0.7236,1,52.242916979594156,0.728,1,38.74279200681485
000490102,0049,4,SWEATER,10.0,1,0.7287,1,56.03512498782948,0.7298,1,44.8547079868149
000490117,0049,2,TALKING,10.0,1,0.7275,1,40.39591699256562,0.7278,1,44.07241698936559
000490151,0049,4,EXCITING,10.0,1,0.575,1,58.8958750013262,0.575,1,50.40170799475163
000490162,0049,1,RABBIT,10.0,1,0.727,1,41.73945801449008,0.7238,1,38.88891599490307
000490164,0049,2,OUR,10.0,1,0.729,1,46.933333011111245,0.7289,1,44.30520799360238
000490175,0049,4,KITCHEN,10.0,1,0.7258,1,54.50516700511798,0.7286,1,41.5975000069011
000920002,0092,2,YELLOW,10.0,1,0.7199,1,61.19220901746303,0.7143,1,40.70012501324527
000920009,0092,1,ALICE,10.0,1,0.7277,1,43.52991600171663,0.7275,1,40.65062498557381
000920051,0092,2,ZERO,10.0,1,0.7293,1,37.692791025619954,0.7287,1,39.26525000133552
000920055,0092,2,LANTERN,10.0,1,0.7295,1,49.33366601471789,0.7302,1,39.62862500338815
000920074,0092,0,SANDY,10.0,1,0.7299,1,37.59862500010058,0.7303,1,34.643500024685636
000920074,0092,2,RUNNING,10.0,1,0.7078,1,36.388416978297755,0.7235,1,37.451583018992096
000920094,0092,4,SWEATER,10.0,1,0.7243,1,53.718167007900774,0.7301,1,44.42979200393893
000920099,0092,3,BEAUTIFUL,10.0,1,0.571,1,49.65762500069104,0.5711,1,47.41450000437908
000920126,0092,0,MARY,10.0,1,0.7173,1,54.36275000101887,0.7288,1,41.866667015710846
000920129,0092,4,POTATO,10.0,1,0.2772,0,70.53954200819135,0.5559,1,43.743374990299344
000920136,0092,5,DOCTOR,10.0,1,0.7288,1,56.6197499865666,0.7296,1,47.8476669813972
000920173,0092,2,MANY,10.0,1,0.7258,1,61.99687498155981,0.7282,1,47.792375000426546
000930005,0093,0,BILLY,10.0,1,0.7278,1,46.15691598155536,0.7258,1,51.74754100153223
000930014,0093,0,BOBBY,10.0,1,0.7132,1,52.657791995443404,0.7289,1,45.30570798669942
000930051,0093,3,ZERO,10.0,1,0.4825,0,48.733417002949864,0.6349,1,41.41583398450166
000930089,0093,0,DORA,10.0,1,0.7129,1,39.818916004151106,0.7215,1,46.82166699785739
000930091,0093,0,MARY,10.0,1,0.6329,1,54.820833989651874,0.7284,1,40.084958978695795
000930091,0093,3,BEAUTIFUL,10.0,1,0.538,1,55.361916980473325,0.5401,1,54.33441701461561
000930099,0093,0,JACKIE,10.0,1,0.728,1,41.50299998582341,0.7281,1,40.94262499711476
000930099,0093,3,BEAUTIFUL,10.0,1,0.504,1,48.64895899663679,0.4502,1,49.01541699655354
000930101,0093,2,MARY'S,10.0,1,0.6893,1,44.276207976508886,0.7072,1,44.43050001282245
000930111,0093,0,BOBBY,10.0,1,0.7236,1,56.55245800153352,0.7294,1,41.13895900081843
000930148,0093,0,TINA,10.0,1,0.7283,1,40.79045899561606,0.7287,1,42.886124982032925
000930148,0093,4,USUAL,10.0,1,0.4979,1,56.39012501342222,0.2718,0,35.01883297576569
000930151,0093,0,ANDY,10.0,1,0.7263,1,73.5770839964971,0.7271,1,54.53262498485856
000930155,0093,2,ANY,10.0,1,0.7292,1,42.75737499119714,0.7291,1,41.73783399164677
000930162,0093,3,PARROT,10.0,1,0.714,1,45.03145901253447,0.7239,1,51.90566700184718
000940012,0094,0,LILLY,10.0,1,0.7264,1,39.66716700233519,0.7281,1,43.274875002680346
000940012,0094,2,GOING,10.0,1,0.7301,1,35.48625000985339,0.7297,1,35.907709010643885
000940012,0094,5,ZEBRA,10.0,1,0.722,1,59.88770900876261,0.7285,1,42.29370900429785
000940015,0094,0,ANDY,10.0,1,0.7202,1,65.70750000537373,0.7229,1,40.96991699771024
000940015,0094,2,GOING,10.0,1,0.7298,1,37.70845799590461,0.7295,1,39.70675001619384
000940042,0094,0,ZERO,10.0,1,0.6336,1,43.35037499549799,0.7269,1,38.09737498522736
000940067,0094,0,TEDDY,10.0,1,0.7286,1,37.8306659986265,0.7289,1,38.671874994179234
000940067,0094,4,TENNIS,10.0,1,0.718,1,39.81662500882521,0.7266,1,41.231665993109345
000940068,0094,2,RACING,10.0,1,0.7245,1,39.95133299031295,0.7296,1,38.73437500442378
000940074,0094,0,DORA,10.0,1,0.7285,1,40.79012500005774,0.728,1,40.194708009948954
000940074,0094,2,ROWING,10.0,1,0.7298,1,45.62354102381505,0.73,1,42.952457995852455
000940093,0094,0,HERE,10.0,1,1.0,1,43.738459004089236,1.0,1,29.903875023592263
000940102,0094,0,BILLY,10.0,1,0.7289,1,34.6002499863971,0.7264,1,38.073542003985494
000940102,0094,3,RAINCOAT,10.0,1,0.7108,1,38.92316701239906,0.6097,1,39.501374994870275
000940103,0094,0,ALICE,10.0,1,0.6628,1,62.11008399259299,0.7099,1,44.131916016340256
000940122,0094,1,JAYME,10.0,1,0.7298,1,37.502291990676895,0.7299,1,38.93504198640585
000940133,0094,0,JAYME,10.0,1,0.729,1,40.55508301826194,0.7294,1,39.29020799114369
000940133,0094,3,EGGPLANT,10.0,1,0.6765,1,41.29795799963176,0.7138,1,38.87445799773559
000940147,0094,3,BERLIN,10.0,1,0.2713,0,35.681917011970654,0.2751,0,41.33229100261815
000940173,0094,3,TIGER,10.0,1,0.7299,1,40.06462497636676,0.7299,1,39.02520801057108
000960002,0096,0,LISA,10.0,1,0.7245,1,40.74391699396074,0.7287,1,41.80512498714961
000960019,0096,4,TIGER,10.0,1,0.7086,1,60.565541993128136,0.7119,1,43.61591601627879
000960066,0096,1,LILLY,10.0,1,0.7278,1,39.86370799248107,0.7272,1,41.07200002181344
000960066,0096,4,BASEBALL,10.0,1,0.6898,0,38.8694999855943,0.7265,0,38.074125011917204
000960071,0096,0,ANDY,10.0,1,0.6984,1,63.96479101385921,0.714,1,41.264165978645906
000960071,0096,2,HANDBALL,10.0,1,0.7302,1,36.85616698930971,0.7303,1,48.673334007617086
000960073,0096,0,SANDY,10.0,1,0.7298,1,38.650875008897856,0.7303,1,42.733750015031546
000960073,0096,3,BOXING,10.0,1,0.7284,1,41.69791599269956,0.73,1,39.55316700739786
000960084,0096,0,BETTER,10.0,1,0.711,1,51.976040995214134,0.7199,1,52.24512499989942
000960084,0096,2,PETER,10.0,1,0.7234,1,43.00800000783056,0.7237,1,43.74820800148882
000960090,0096,2,EAR,10.0,1,1.0,1,30.793124984484166,1.0,1,30.269333015894517
000960136,0096,5,CLEANER,10.0,1,0.7288,1,51.72858398873359,0.7293,1,39.498541998909786
001110023,0111,3,GERMANY,10.0,1,0.5623,1,66.01204100297764,0.5632,1,55.44299999019131
001110056,0111,0,DRESSES,10.0,1,0.7288,1,38.52954201283865,0.7295,1,40.76745800557546
001110056,0111,2,SCIENTIST,10.0,1,0.2172,0,49.817874998552725,0.2356,0,56.58029197365977
001110060,0111,1,RAINCOAT,10.0,1,0.7032,1,38.083999999798834,0.7141,1,46.32245798711665
001110067,0111,0,BILLY,10.0,1,0.7293,1,41.87816599733196,0.7272,1,33.05183301563375
001110067,0111,4,RACING,10.0,1,0.7294,1,38.87850002502091,0.7301,1,38.54850001516752
001110072,0111,0,MANDY,10.0,1,0.7303,1,38.478041999042034,0.7303,1,40.230416983831674
001110099,0111,3,BEAUTIFUL,10.0,1,0.5495,1,48.05837498861365,0.4383,1,47.594500007107854
001110114,0111,2,WALKING,10.0,1,0.7282,1,37.246332998620346,0.7258,1,36.73804199206643
001110114,0111,4,BATHROOM,10.0,1,0.7135,1,54.13966701598838,0.7255,1,46.94504200597294
001110135,0111,0,DORA,10.0,1,0.7293,1,41.45095800049603,0.7138,1,49.588666995987296
001110137,0111,0,ALICE,10.0,1,0.6086,1,60.136707994388416,0.5502,1,45.1462919882033
001110137,0111,5,POLICE,10.0,1,0.2772,0,39.027958002407104,0.2789,0,43.135040992638096
001110141,0111,0,ANDY,10.0,1,0.7027,1,64.63137498940341,0.7057,1,42.23029100103304
001110141,0111,2,TODAY,10.0,1,0.3729,0,44.089750008424744,0.2813,0,45.01991698634811
001110141,0111,4,FRIDAY,10.0,1,0.7263,1,61.458291980670765,0.72,1,44.40233399509452
001110151,0111,1,HERE,10.0,1,1.0,1,35.164708009688184,1.0,1,34.330249996855855
001120024,0112,0,LISA,10.0,1,0.7293,1,36.692417023004964,0.7216,1,35.309124999912456
001120024,0112,2,AUSTRALIAN,10.0,1,0.5733,1,51.15495799691416,0.5743,1,60.78224998782389
001120063,0112,1,HOLIDAY,10.0,1,0.5707,1,53.181541996309534,0.5695,1,52.87174999830313
001120078,0112,4,BISCUIT,10.0,1,0.6981,1,64.02250000974163,0.7233,1,55.83162498078309
001120090,0112,2,SHOULDER,10.0,1,0.7282,1,63.2892909925431,0.7295,1,48.72804100159556
001120097,0112,0,JAYME,10.0,1,0.7263,1,44.826208002632484,0.73,1,40.488500002538785
001120105,0112,0,LISA,10.0,1,0.7238,1,52.31450000428595,0.7277,1,36.06366700842045
001120105,0112,2,YOUR,10.0,1,1.0,1,26.23975000460632,1.0,1,25.731458998052403
001120119,0112,1,ALICE,10.0,1,0.7269,1,43.16904197912663,0.7223,1,48.36841701762751
001120119,0112,3,INTO,10.0,1,0.7154,1,37.039290997199714,0.7037,1,38.19920800742693
001120119,0112,5,LIVING,10.0,1,0.7202,1,39.70999998273328,0.7252,1,45.84312500082888
001120130,0112,0,ANDY,10.0,1,0.7263,1,56.25925000640564,0.7178,1,39.10020799958147
001120141,0112,2,TODAY,10.0,1,0.3058,0,45.675583998672664,0.279,0,38.91062497859821
001120141,0112,4,TUESDAY,10.0,1,0.7285,1,63.49254201631993,0.7289,1,48.16395899979398
001120148,0112,0,MANDY,10.0,1,0.7304,1,40.979000012157485,0.7295,1,40.351874980842695
001120148,0112,3,CANBERRA,10.0,1,0.553,1,70.61845899443142,0.5234,1,58.5325840220321
001120159,0112,2,VERY,10.0,1,0.7287,1,43.211417010752484,0.7269,1,52.510042005451396
001120159,0112,3,PRETTY,10.0,1,0.7284,1,66.29458299721591,0.7288,1,44.63191601098515
001120162,0112,2,YOUR,10.0,1,1.0,1,27.336166996974498,1.0,1,33.34641599212773
001130019,0113,0,LISA,10.0,1,0.7291,1,48.48220801795833,0.7287,1,51.626916974782944
001130019,0113,4,ZEBRA,10.0,1,0.6673,1,54.442291992018,0.7139,1,49.53083299915306
001130023,0113,0,ANDY,10.0,1,0.7221,1,63.19529202301055,0.7284,1,36.57904200372286
001130024,0113,2,AMERICA,10.0,1,0.3962,1,96.23954200651497,0.3079,1,73.51812502020039
001130054,0113,2,ZERO,10.0,1,0.7258,1,39.49787499732338,0.726,1,40.6275829882361
001130054,0113,3,ZERO,10.0,1,0.5948,1,58.68183300481178,0.5537,1,49.209833989152685
001130073,0113,0,MANDY,10.0,1,0.7296,1,45.921375014586374,0.7303,1,50.90545798884705
001130073,0113,3,ROWING,10.0,1,0.7275,1,42.545750009594485,0.7294,1,35.01841699471697
001130074,0113,0,TEDDY,10.0,1,0.7283,1,40.253000013763085,0.7291,1,41.81208400405012
001130118,0113,0,TINA,10.0,1,0.7285,1,47.88404199643992,0.7277,1,41.57262499211356
001130118,0113,4,CAFE,10.0,1,0.2984,0,56.35754100512713,0.2976,0,96.38104200712405
001130123,0113,2,WALKING,10.0,1,0.686,1,42.0769170159474,0.6977,1,46.1821670178324
001130123,0113,4,MUSIC,10.0,1,0.7289,1,39.07679198891856,0.7293,1,47.91649998514913
001130138,0113,0,MARY,10.0,1,0.7289,1,55.14350000885315,0.7286,1,38.752416003262624
001130138,0113,4,DRIVER,10.0,1,0.7298,1,65.34254099824466,0.73,1,56.058207992464304
001140045,0114,2,ZERO,10.0,1,0.7283,1,37.45304202311672,0.7293,1,35.143125016475096
001140049,0114,1,ZERO,10.0,1,0.6253,1,61.90516700735316,0.7267,1,45.60233300435357
001140056,0114,0,JULY,10.0,1,0.3899,0,41.78733300068416,0.7236,1,45.546208013547584
001140056,0114,2,NOVEMBER,10.0,1,0.4335,1,70.43391701881774,0.3775,0,55.29137499979697
001140059,0114,2,MUSHROOM,10.0,1,0.6741,1,53.66645799949765,0.7204,1,44.29112499929033
001140064,0114,0,PICTURE,10.0,1,0.7049,1,53.04104200331494,0.7301,1,49.36466700746678
001140064,0114,1,OFFICE,10.0,1,0.7134,1,44.03479100437835,0.7055,1,37.521208985708654
001140064,0114,2,HOMEWORK,10.0,1,0.7302,1,41.07529099564999,0.7302,1,38.472166983410716
001140068,0114,4,TENNIS,10.0,1,0.7219,1,39.72241599694826,0.7243,1,38.34329202072695
001140099,0114,0,SANDY,10.0,1,0.7301,1,43.42674999497831,0.7302,1,50.387208990287036
001140099,0114,3,BEAUTIFUL,10.0,1,0.5516,1,49.269125011051074,0.4062,1,50.42820898233913
001140100,0114,0,MANDY,10.0,1,0.7282,1,44.07879197970033,0.7302,1,56.36287500965409
001140104,0114,0,PETER,10.0,1,0.7296,1,41.695250023622066,0.7289,1,44.29358401102945
001140104,0114,3,JACKET,10.0,1,0.7076,1,40.03754199948162,0.7137,1,52.013374981470406
001140120,0114,0,ALICE,10.0,1,0.6996,1,64.18795901117846,0.7234,1,41.15566599648446
001140130,0114,0,DORA,10.0,1,0.7271,1,38.95383299095556,0.7283,1,40.4818749811966
001140133,0114,0,LISA,10.0,1,0.7191,1,46.456458017928526,0.7269,1,41.839374986011535
001140133,0114,3,CABBAGE,10.0,1,0.7095,1,42.926000023726374,0.718,1,43.09995798394084
001140140,0114,0,BILLY,10.0,1,0.7289,1,40.10337498039007,0.7288,1,39.843292004661635
001140146,0114,0,LILLY,10.0,1,0.7283,1,37.9582500027027,0.728,1,46.21133400360122
001140146,0114,5,CITY,10.0,1,0.7273,1,43.08499998296611,0.7288,1,40.97429200191982
001140146,0114,6,TOKYO,10.0,1,0.2826,0,63.960541010601446,0.5449,1,48.62658400088549
001200015,0120,2,FORTUNATE,10.0,1,0.3706,0,46.90312498132698,0.421,1,51.06666701612994
001200015,0120,6,INTO,10.0,1,0.7198,1,36.149166990071535,0.7196,1,34.614750009495765
001200016,0120,3,TRAFFIC,10.0,1,0.7275,1,41.27374998643063,0.7295,1,39.68754201196134
001200050,0120,3,PRESSURE,10.0,1,0.7298,1,40.16120798769407,0.7295,1,40.14174998155795
001200081,0120,4,WONDERFUL,10.0,1,0.5676,1,45.78841701732017,0.563,1,45.060165983159095
001200081,0120,5,CONCEPT,10.0,1,0.6142,1,39.75041600642726,0.7266,1,38.97395799867809
001200098,0120,5,BETTER,10.0,1,0.7282,1,34.27612502127886,0.7274,1,34.79429098661058
001200114,0120,2,HERE,10.0,1,1.0,1,29.662499990081415,1.0,1,29.52187499613501
001200114,0120,4,PROVIDE,10.0,1,0.7082,1,36.38612502254546,0.7164,1,40.16133397817612
001200114,0120,6,SERVICE,10.0,1,0.7248,1,36.932332994183525,0.7231,1,40.234790998511016
001200145,0120,0,SATURDAY,10.0,1,0.5685,1,49.60416699759662,0.4758,1,49.50391702004708
001200145,0120,2,GOING,10.0,1,0.7288,1,37.49529202468693,0.7286,1,34.672167006647214
001200146,0120,5,MAKING,10.0,1,0.7294,1,38.955707976128906,0.7295,1,51.894750009523705
001200146,0120,7,EFFORT,10.0,1,0.6548,1,43.99612499400973,0.5004,1,39.31345802266151
001200159,0120,2,LOOKING,10.0,1,0.7278,1,37.95387499849312,0.728,1,44.0424999978859
001200161,0120,0,LITERALLY,10.0,1,0.3949,1,59.527750010602176,0.4467,1,53.56725002638996
001200168,0120,0,EASILY,10.0,1,0.5592,1,67.84554099431261,0.5671,1,45.245292014442384
001200209,0120,7,YOURSELF,10.0,1,0.2716,0,36.03770901099779,0.2779,0,34.475916996598244
001200210,0120,7,INTERVIEW,10.0,1,0.2354,0,57.15749997762032,0.2182,0,44.87287500523962
001200306,0120,1,OTHERS,10.0,1,0.7258,1,41.197125014150515,0.7252,1,40.63929201220162
001200338,0120,2,SILENCE,10.0,1,0.7257,1,36.7232920252718,0.7184,1,40.21862501394935
001200338,0120,4,DIFFICULT,10.0,1,0.3483,0,60.3920410212595,0.5696,1,45.9997080033645
001200350,0120,6,CURIOUSLY,10.0,1,0.2685,0,85.28612501686439,0.1833,0,57.58766600047238
001220015,0122,2,GOING,10.0,1,0.7282,1,35.94412500387989,0.7264,1,36.11837502103299
001220015,0122,5,DEER,10.0,1,1.0,1,29.937374987639487,1.0,1,30.36095801508054
001220021,0122,2,JAPAN,10.0,1,0.3109,0,40.62379102106206,0.2773,0,43.26758297975175
001220037,0122,2,ZERO,10.0,1,0.6382,1,60.63370799529366,0.7216,1,41.85291699832305
001220068,0122,0,SANDY,10.0,1,0.7302,1,36.64291699533351,0.7299,1,38.806166005088016
001220101,0122,2,LISA,5.0,0,0.7279,1,36.970665998524055,0.7285,1,38.30024998751469
001220127,0122,2,DRAWING,10.0,1,0.727,1,39.117833977798,0.728,1,40.12004198739305
001220129,0122,3,CABBAGE,10.0,1,0.7139,1,38.90174999833107,0.7261,1,33.41504099080339
001220137,0122,0,MARY,10.0,1,0.7242,1,63.38449998293072,0.7294,1,43.1310829881113
001220138,0122,4,FARMER,10.0,1,0.7297,1,53.09729199507274,0.7299,1,37.58108400506899
001220159,0122,3,HERE,10.0,1,1.0,1,53.73054198571481,1.0,1,30.662792007206008
001220166,0122,0,DADDY,10.0,1,0.7279,1,41.27816698746756,0.7291,1,41.6443340072874
001330002,0133,0,JAYME,10.0,1,0.7281,1,39.842333004344255,0.7284,1,40.35475000273436
001330002,0133,2,YELLOW,10.0,1,0.7249,1,68.09787498787045,0.7197,1,39.45662500336766
001330067,0133,1,BILLY'S,10.0,1,0.7283,1,37.9993749957066,0.7265,1,38.49529201397672
001330068,0133,1,STEVEN'S,10.0,1,0.7301,1,36.91470800549723,0.73,1,50.55316598736681
001330075,0133,0,PETER,10.0,1,0.7124,1,38.535375002538785,0.7281,1,37.369957979535684
001330097,0133,0,SANDY,10.0,1,0.7293,1,36.234458995750174,0.7302,1,43.62245800439268
001330099,0133,0,PETER,10.0,1,0.716,1,40.4779169766698,0.4795,0,38.39816601248458
001330099,0133,3,WALKING,10.0,1,0.7276,1,36.21454199310392,0.728,1,45.38570801378228
001330099,0133,5,STUDY,10.0,1,0.7302,1,57.925708999391645,0.7301,1,43.24737499700859
001330112,0133,0,DAVID,10.0,1,0.6902,1,56.459874991560355,0.7233,1,39.71029198146425
001330115,0133,0,ANDY,10.0,1,0.7245,1,64.86262500402518,0.7199,1,42.217457987135276
001330118,0133,0,LUCY,10.0,1,0.7278,1,46.45470800460316,0.7291,1,46.48787502082996
001330118,0133,6,FARMER,10.0,1,0.7299,1,50.880333001259714,0.7301,1,36.1585840000771
001330126,0133,3,FARMER,10.0,1,0.73,1,40.782166994176805,0.7301,1,36.11374998581596
001330126,0133,4,CITY,10.0,1,0.7267,1,43.451584002468735,0.7281,1,40.824584022630006
001330126,0133,5,SANDY,10.0,1,0.7294,1,74.96470800833777,0.7303,1,42.13958399486728
001330128,0133,3,FARMER,10.0,1,0.7297,1,37.82616599346511,0.73,1,35.475082986522466
001330128,0133,4,CITY,10.0,1,0.7267,1,39.829749992350116,0.7279,1,35.584666999056935
001330128,0133,5,SANDY,10.0,1,0.73,1,62.40770799922757,0.7303,1,42.36354099703021
001330143,0133,4,REVENGE,5.0,0,0.286,0,41.23087500920519,0.2763,0,41.95462499046698
001330155,0133,2,PRINTERS,10.0,1,0.7295,1,48.296500026481226,0.7303,1,48.228708998067304
001330172,0133,2,BELIEVE,10.0,1,0.2736,0,38.383000006433576,0.2811,0,46.50170900276862
001490002,0149,0,PITY,10.0,1,0.7246,1,37.02066600089893,0.7282,1,35.12891702121124
001490002,0149,4,BALLON,5.0,0,0.7155,1,56.7315419903025,0.7143,1,39.29979100939818
001490016,0149,4,TIGER,10.0,1,0.7179,1,59.33470799936913,0.7042,1,37.564958998700604
001490024,0149,0,DAVID,10.0,1,0.7226,1,51.57312500523403,0.7188,1,37.85545899881981
001490024,0149,3,JAPAN,10.0,1,0.2822,0,36.141290998784825,0.2853,0,36.00645900587551
001490045,0149,0,SANDY,10.0,1,0.73,1,39.05791699071415,0.7302,1,40.685165993636474
001490045,0149,5,CLIMBING,10.0,1,0.7291,1,38.02237499621697,0.7288,1,39.00650001014583
001490052,0149,0,TINA,10.0,1,0.7245,1,40.94554198672995,0.7287,1,45.050834014546126
001490052,0149,4,RUNNING,10.0,1,0.6727,1,36.45358298672363,0.6565,1,36.1036249960307
001490056,0149,0,LILLY,10.0,1,0.7287,1,39.451624994399026,0.7266,1,44.19762498582713
001490077,0149,0,LILLY,10.0,1,0.7263,1,38.80199999548495,0.7286,1,41.48037498816848
001490080,0149,0,CASEY,10.0,1,0.7295,1,63.110832998063415,0.558,1,47.091124986764044
001490093,0149,0,HENNY,10.0,1,0.7258,1,79.3626660015434,0.7275,1,40.15287500806153
001490093,0149,4,CLASSROOM,10.0,1,0.7278,1,46.109208022244275,0.7292,1,45.458665990736336
001490101,0149,1,ANDY,10.0,1,0.7222,1,61.33987501380034,0.7243,1,43.54404198238626
001490101,0149,4,LIBRARY,10.0,1,0.5446,1,72.74866700754501,0.5626,1,50.24095901171677
001490127,0149,0,HENNY,10.0,1,0.7275,1,38.509959005750716,0.7285,1,34.90683401469141
001490127,0149,3,SYDNEY,10.0,1,0.7296,1,40.405333013040945,0.7302,1,38.48295900388621
001490153,0149,4,PLAYING,10.0,1,0.73,1,42.13333298685029,0.7297,1,49.01995800901204
001490155,0149,1,MOTHER,10.0,1,0.4485,0,61.58920799498446,0.7266,1,42.23962497781031
001490161,0149,0,HERE,10.0,1,1.0,1,47.41579099209048,1.0,1,28.22962499340065
001570024,0157,1,RESEARCHERS,10.0,1,0.3554,0,52.91791699710302,0.5536,1,49.24625001149252
001570030,0157,0,THEREFORE,10.0,1,0.7291,1,35.53191598621197,0.7301,1,36.188041005516425
001570030,0157,2,PICTURE,10.0,1,0.73,1,39.64033297961578,0.7302,1,37.6550410001073
001570030,0157,4,RATED,10.0,1,0.7284,1,36.22087498661131,0.7285,1,38.13141697901301
001570030,0157,5,ACCEPTABLE,10.0,1,0.4724,1,57.86150001222268,0.4732,1,57.29445899487473
001570030,0157,8,SOCIETY,10.0,1,0.4717,1,77.77637499384582,0.4733,1,59.97762500192039
001570061,0157,3,WOUNDED,10.0,1,0.7297,1,35.214750008890405,0.7295,1,36.66725000948645
001570061,0157,6,ATTACK,10.0,1,0.4632,0,41.45775001961738,0.2887,0,36.73649998381734
001570100,0157,4,VERY,10.0,1,0.7284,1,37.47754197684117,0.7263,1,37.62179199839011
001570165,0157,0,WANTED,10.0,1,0.7252,1,50.60149999917485,0.7299,1,36.608416005037725
001570194,0157,8,ALONE,10.0,1,0.7164,1,39.10633298801258,0.7284,1,38.51495802518912
001570203,0157,5,VACATION,10.0,1,0.5744,1,62.62066701310687,0.5743,1,51.17908399552107
001570212,0157,6,COMPUTER,10.0,1,0.4952,1,66.17879201075993,0.5223,1,50.82783297984861
001570216,0157,3,ALLOWED,10.0,1,0.7188,1,37.82554098870605,0.7228,1,39.48674999992363
001570216,0157,6,OPINIONS,10.0,1,0.569,1,46.40995798399672,0.5672,1,64.46704102563672
001570269,0157,3,NEITHER,10.0,1,0.7292,1,36.15299999364652,0.7288,1,36.789583013160154
001570269,0157,8,ASHAMED,10.0,1,0.7257,1,40.2947920083534,0.7211,1,40.69341698777862
001570290,0157,0,WONDERING,10.0,1,0.5733,1,45.24362500524148,0.5694,1,45.55487498873845
001570290,0157,2,MANY,10.0,1,0.7291,1,35.24387499783188,0.7292,1,34.33662498719059
001570316,0157,1,WATCHES,10.0,1,0.7268,1,39.60358398035169,0.7253,1,40.13400000985712
001570316,0157,4,AMOUNT,10.0,1,0.712,1,38.156083988724276,0.7273,1,40.05924999364652
001570316,0157,6,TELEVISION,10.0,1,0.1781,0,65.90379201225005,0.2589,0,50.77979099587537
001570324,0157,0,HERE,10.0,1,1.0,1,43.83762500947341,1.0,1,31.218707998050377
001570324,0157,3,GENUINE,10.0,1,0.5717,0,45.30379199422896,0.5708,0,50.62175000784919
001570324,0157,7,THINKING,10.0,1,0.7272,1,34.344624989898875,0.7283,1,34.46883300784975
001570325,0157,1,HANDED,10.0,1,0.7303,1,34.96849999646656,0.7303,1,34.53162498772144
001570325,0157,6,VERY,10.0,1,0.728,1,36.84295801213011,0.7289,1,37.14666698942892
001570325,0157,7,SPECIFIC,10.0,1,0.555,1,45.94470901065506,0.5642,1,43.21329202502966
001570361,0157,0,PRESENTLY,10.0,1,0.5612,1,51.83783397660591,0.5465,1,51.18883302202448
001570361,0157,1,HOWEVER,10.0,1,0.5732,1,51.925750012742355,0.5737,1,50.97987499902956
001570361,0157,4,BROKEN,10.0,1,0.7287,1,36.20700002647936,0.73,1,35.455166012980044
001570378,0157,3,THINKING,10.0,1,0.7297,1,33.98120898054913,0.7293,1,34.13350001210347
001570378,0157,5,SOMETHING,10.0,1,0.7302,1,35.25262500625104,0.7302,1,35.077957989415154
003060002,0306,6,PRESSURE,10.0,1,0.73,1,58.4297500026878,0.7301,1,40.30562497791834
003060017,0306,4,UNITED,10.0,1,0.5713,1,46.31637499551289,0.5724,1,50.34054201678373
003060025,0306,4,RELATIVELY,10.0,1,0.2981,0,70.08000000496395,0.2636,0,57.47791699832305
003060025,0306,6,SATURDAY,10.0,1,0.2622,0,48.2712920056656,0.4142,1,49.53529199701734
003060025,0306,7,MORNING,10.0,1,0.73,1,36.130334017798305,0.7294,1,35.4791660211049
003060028,0306,6,DIFFICULT,10.0,1,0.5372,1,48.06541698053479,0.5427,1,67.2844159998931
003060064,0306,7,BETTER,10.0,1,0.7289,1,38.266041985480115,0.7288,1,38.7620420078747
003060087,0306,3,ONLY,10.0,1,0.7293,1,52.58891699486412,0.7299,1,41.89954200410284
003060087,0306,7,CONTEST,10.0,1,0.2704,0,38.501375005580485,0.2712,0,64.10150000010617
003060161,0306,5,HAPPEN,10.0,1,0.7164,1,38.190332998055965,0.7099,1,39.92233399185352
003060186,0306,2,MORNING,10.0,1,0.7302,1,36.1552499816753,0.7301,1,36.31312499055639
003060226,0306,1,SURE,10.0,1,1.0,1,28.36045899312012,1.0,1,30.61508300015703
003060229,0306,1,SORRY,10.0,1,0.7293,1,41.45324998535216,0.7295,1,41.5031670127064
003060229,0306,4,LANGUAGE,10.0,1,0.7281,1,39.10500000347383,0.7301,1,40.79900000942871
003060235,0306,0,GETTING,10.0,1,0.7277,1,39.04095900361426,0.7258,1,38.76408300129697
003060235,0306,1,READY,10.0,1,0.7291,1,39.700624998658895,0.7289,1,41.45095800049603
003060235,0306,4,BOXING,10.0,1,0.7293,1,40.34658399177715,0.7302,1,39.633584005059674
003060259,0306,6,PLAYERS,10.0,1,0.7272,1,52.2144160058815,0.7288,1,47.97524999594316
003060263,0306,6,PERSONALITY,10.0,1,0.1753,0,65.34120798460208,0.1733,0,62.15187499765307
003060285,0306,2,ANOTHER,10.0,1,0.3445,0,45.70608300855383,0.3673,0,52.4565419764258
003060285,0306,6,ABOUT,10.0,1,0.7286,1,35.920541995437816,0.729,1,36.76645900122821
003060291,0306,5,MATTER,10.0,1,0.7286,1,39.08370900899172,0.7275,1,38.5055830120109
003060306,0306,8,AFTER,10.0,1,0.7279,1,54.19379202066921,0.728,1,42.84562502289191
003060319,0306,2,INTO,10.0,1,0.6242,1,40.97804200137034,0.5037,1,39.6290410135407
003060337,0306,1,CONTROLLED,5.0,0,0.2806,0,37.458208011230454,0.6057,1,39.53470799024217
003060337,0306,2,HIMSELF,10.0,1,0.27,0,34.82666698982939,0.2701,0,36.47654200904071
003060337,0306,5,EFFORT,10.0,1,0.6735,1,38.428250001743436,0.5586,1,38.41100001591258
004570010,0457,0,AFTER,10.0,1,0.7157,1,54.27658301778138,0.728,1,39.232582988915965
004570010,0457,3,ONLY,10.0,1,0.7289,1,42.508416023338214,0.7296,1,45.02366701490246
004570010,0457,7,PROPERTY,5.0,0,0.2675,0,66.25808301032521,0.5648,1,63.85216600028798
004570071,0457,5,LEADERS,10.0,1,0.7194,1,38.3068329829257,0.719,1,38.59862498939037
004570074,0457,8,HERE,10.0,1,1.0,1,42.40125001524575,1.0,1,31.325249990914017
004570106,0457,4,ELECTRONIC,10.0,1,0.2078,0,60.87950000073761,0.1945,0,54.874374996870756
004570106,0457,5,MONITOR,10.0,1,0.4362,1,92.55370800383389,0.5069,1,69.09437500871718
004570129,0457,3,OPEN,10.0,1,0.2946,0,38.30591699806973,0.2838,0,37.353457999415696
004570137,0457,3,BETTER,10.0,1,0.7256,1,38.24216601788066,0.7273,1,38.00166698056273
004570137,0457,4,ABOUT,10.0,1,0.7234,1,35.65058301319368,0.7279,1,36.79600000032224
004570145,0457,7,TOMORROW,10.0,1,0.4808,1,66.03087499388494,0.5504,1,48.18704197532497
004570146,0457,0,CREATE,10.0,1,0.6011,1,37.407833006000146,0.3666,0,36.115875001996756
004570146,0457,3,HAPPY,10.0,1,0.7274,1,41.37500000069849,0.7273,1,41.6731669974979
004570167,0457,0,ABOUT,10.0,1,0.7216,1,58.00691599142738,0.7226,1,36.83633400942199
004570237,0457,2,LOOKING,10.0,1,0.3136,0,35.79100000206381,0.7158,1,34.82716699363664
004570237,0457,3,FORWARD,10.0,1,0.7303,1,34.93125000386499,0.7302,1,36.859665997326374
004570237,0457,6,MYSELF,10.0,1,0.2759,0,38.15700000268407,0.2721,0,37.07616697647609
004570256,0457,7,YEAR,10.0,1,1.0,1,27.492791996337473,1.0,1,26.225834008073434
004570268,0457,2,HUMAN,10.0,1,0.7299,1,34.85362499486655,0.73,1,34.66216701781377
004570268,0457,3,BEING,10.0,1,0.7249,1,33.98508401005529,0.5861,1,35.657707980135456
004570289,0457,8,ENTIRE,10.0,1,0.5336,1,48.70124999433756,0.4273,1,46.689582988619804
004570306,0457,5,PREVENTION,10.0,1,0.3352,0,68.93612499698065,0.2287,0,57.56783401011489
004570374,0457,4,BODY,10.0,1,0.7284,1,38.37433399166912,0.7273,1,39.106457988964394
004570374,0457,5,AGAIN,10.0,1,0.2918,0,39.073499996447936,0.6904,1,39.88241701154038
004610037,0461,2,ANOTHER,10.0,1,0.4939,1,52.97091600368731,0.5408,1,33.992999990005046
004610037,0461,3,STORY,10.0,1,0.7299,1,54.595124995103106,0.7296,1,44.73733398481272
004610037,0461,4,ALTOGETHER,10.0,1,0.4658,1,89.95424999739043,0.192,0,58.852791000390425
004610054,0461,2,VERY,10.0,1,0.7289,1,37.847750005312264,0.7283,1,38.62850001314655
004610054,0461,3,VERY,10.0,1,0.7291,1,36.0077089862898,0.7288,1,35.2060419972986
004610065,0461,0,NATIONALLY,10.0,1,0.2713,0,72.79341699904762,0.2394,0,54.97758398996666
004610065,0461,5,BEGINNING,10.0,1,0.5586,1,44.780166004784405,0.5644,1,47.21129100653343
004610065,0461,8,UPWARD,10.0,1,0.388,0,47.28462500497699,0.6478,1,40.42220799601637
004610065,0461,9,AGAIN,10.0,1,0.7297,1,43.388000020058826,0.7289,1,40.19983299076557
004610129,0461,0,WORRY,10.0,1,0.7236,1,41.134333005174994,0.7294,1,43.30312501406297
004610151,0461,5,HONOR,10.0,1,0.7162,1,50.131875002989545,0.7287,1,35.853291978128254
004610177,0461,1,GOING,10.0,1,0.7298,1,36.363416002132,0.7298,1,35.163541993824765
004610177,0461,5,BUSY,10.0,1,0.7285,1,37.92745800456032,0.7293,1,37.42945799604058
004610182,0461,5,MYSELF,10.0,1,0.2792,0,37.69737499533221,0.2724,0,38.05304199340753
004610227,0461,2,PERFECT,5.0,0,0.7082,1,40.92904200660996,0.7048,1,43.80795898032375
004610227,0461,3,ENDING,10.0,1,0.4597,0,40.87762499693781,0.344,0,37.6525410101749
004610230,0461,0,LOVING,10.0,1,0.7228,1,36.30941698793322,0.7156,1,37.07762499107048
004610238,0461,0,DEPENDS,10.0,1,0.3019,0,36.05183298350312,0.7158,1,37.95508301118389
004610238,0461,3,NUMBER,10.0,1,0.7303,1,39.4394590111915,0.7303,1,36.37695900397375
004610266,0461,0,CHEERS,10.0,1,1.0,1,30.25445801904425,1.0,1,44.304292008746415
004610290,0461,4,DIVISION,10.0,1,0.331,0,59.52662497293204,0.2708,0,49.26500000874512
004610362,0461,1,BEING,10.0,1,0.7092,1,35.81329097505659,0.3166,0,40.85066702100448
004610362,0461,6,MONEY,10.0,1,0.728,1,55.92824998893775,0.7256,1,64.02504199650139
004610373,0461,2,DIFFICULT,10.0,1,0.2642,0,45.41612500906922,0.5621,1,48.386374983238056
005630017,0563,5,HIGHLY,10.0,1,0.7263,1,62.49783400562592,0.7299,1,45.8369170082733
005630044,0563,0,HOWEVER,10.0,1,0.5584,1,53.61095900298096,0.5738,1,54.569375002756715
005630044,0563,4,LEGALLY,10.0,1,0.4006,1,48.143583990167826,0.3807,1,53.07841699686833
005630044,0563,5,RESPONSIBLE,10.0,1,0.3852,1,73.45724999322556,0.3206,1,63.93129099160433
005630081,0563,7,TALKING,10.0,1,0.7276,1,34.96616700431332,0.7282,1,35.47412500483915
005630081,0563,8,ABOUT,10.0,1,0.727,1,35.57066700886935,0.7279,1,37.60062498622574
005630127,0563,1,HERE,10.0,1,1.0,1,28.68545800447464,1.0,1,31.671332981204614
005630127,0563,8,WINNER,10.0,1,0.7129,1,64.23474999610335,0.7282,1,45.32141602248885
005630142,0563,0,AUSTRALIA,10.0,1,0.5692,1,71.50200000614859,0.5729,1,59.76916698273271
005630147,0563,4,INNER,10.0,1,0.6711,1,40.495292021660134,0.7235,1,36.75416699843481
005630151,0563,2,HIMSELF,10.0,1,0.2701,0,36.160957999527454,0.27,0,37.25695901084691
005630151,0563,6,OTHERS,10.0,1,0.7071,1,42.60604199953377,0.724,1,42.047834023833275
005630267,0563,0,COFFEE,10.0,1,0.7282,1,42.69462497904897,0.7285,1,41.31916700862348
005630284,0563,0,LOOKING,10.0,1,0.728,1,34.61504200822674,0.7281,1,35.96720797941089
005630284,0563,1,FORWARD,10.0,1,0.7302,1,38.10775000602007,0.73,1,44.83962501399219
005630284,0563,3,GETTING,10.0,1,0.7252,1,36.14712500711903,0.7278,1,45.150874997489154
005630291,0563,6,MONEY,10.0,1,0.7292,1,38.35041602724232,0.7292,1,36.492500017629936
005630315,0563,0,EVERYBODY,10.0,1,0.1925,0,75.84449998103082,0.2801,0,58.850708010140806
005630315,0563,1,NOWADAYS,10.0,1,0.5267,1,47.94600000604987,0.4382,1,50.586125027621165
005630315,0563,3,SUFFER,10.0,1,0.7292,1,39.711040997644886,0.7294,1,40.99445798783563
005630315,0563,4,BECAUSE,10.0,1,0.2929,0,44.362040993291885,0.2744,0,38.17654200247489
005630315,0563,9,THEMSELVES,10.0,1,0.5895,1,35.75658402405679,0.4619,0,35.97525000805035
005630330,0563,5,NOTHING,10.0,1,0.7195,1,44.0577499975916,0.7221,1,41.28649999620393
005630375,0563,2,ALMOST,10.0,1,0.2945,0,41.6740830114577,0.2818,0,41.552290989784524
005670043,0567,4,EXPECT,10.0,1,0.6687,1,43.844708998221904,0.581,1,39.39220801112242
005670055,0567,2,SCREAMING,10.0,1,0.7279,1,42.37504198681563,0.7289,1,44.10441700019874
005670055,0567,4,SHOUTING,10.0,1,0.6877,1,40.49491698970087,0.7287,1,39.38425000524148
005670113,0567,1,WONDER,10.0,1,0.7303,1,39.90179201355204,0.7301,1,42.36904199933633
005670113,0567,4,EVER,10.0,1,0.7285,1,44.13950000889599,0.7269,1,41.30691700265743
005670125,0567,0,UNLUCKY,10.0,1,0.2308,0,74.74925002316013,0.3441,0,53.24162502074614
005670125,0567,6,BETTER,10.0,1,0.7274,1,42.97279199818149,0.7261,1,39.95770899928175
005670147,0567,0,BELIEF,10.0,1,0.2892,0,60.91454200213775,0.6125,1,39.64829200413078
005670155,0567,5,MILITARY,5.0,0,0.2893,1,92.57291600806639,0.2098,0,72.20308398245834
005670160,0567,0,BECAUSE,10.0,1,0.2781,0,42.148000007728115,0.3023,0,41.30208399146795
005670282,0567,8,FINISH,10.0,1,0.7084,1,40.62458299449645,0.7229,1,37.11191698675975
005670310,0567,4,DOING,10.0,1,0.4106,0,41.5928750007879,0.3211,0,46.86887501156889
005670320,0567,5,OFFICIAL,5.0,0,0.4854,1,73.8410420017317,0.4773,1,64.36387498979457
005670356,0567,1,SURGEON,10.0,1,0.7159,1,36.2822079914622,0.7274,1,35.72441599681042
005670356,0567,5,AMONG,10.0,1,0.6715,1,38.597875012783334,0.6462,1,39.39887500018813
005670356,0567,7,SUFFERERS,10.0,1,0.5232,1,66.4687920070719,0.5711,1,57.63087500235997
007360004,0736,7,AGAIN,10.0,1,0.3789,0,37.345666001783684,0.4355,0,43.72337498352863
007360006,0736,2,BEING,10.0,1,0.571,1,45.42441698140465,0.3341,0,45.52966699702665
007360006,0736,3,HIMSELF,10.0,1,0.2723,0,39.588874991750345,0.271,0,52.06516699399799
007360045,0736,5,IDEA,10.0,1,0.5706,1,69.61537498864345,0.4227,1,80.59349999530241
007360055,0736,2,FORWARD,10.0,1,0.7299,1,35.66741701797582,0.73,1,37.693708000006154
007360055,0736,4,HAVING,10.0,1,0.7268,1,34.988250001333654,0.7242,1,40.16445801244117
007360196,0736,4,ALREADY,10.0,1,0.5093,1,55.58758397819474,0.5125,1,62.08699999842793
007360196,0736,7,ANSWER,10.0,1,0.7285,1,41.123666014755145,0.7238,1,45.79000000376254
007360205,0736,2,GOING,10.0,1,0.7298,1,38.00662499270402,0.73,1,42.44791701785289
007360212,0736,5,PRINCIPLE,10.0,1,0.4869,1,62.719292007386684,0.5649,1,52.742083003977314
007360250,0736,5,PICTURE,10.0,1,0.7211,1,60.547249973751605,0.7297,1,42.02629200881347
007360296,0736,7,TOGETHER,10.0,1,0.4828,1,68.32295801723376,0.2201,0,57.50995798734948
007360305,0736,4,MAGICAL,10.0,1,0.4753,1,62.068625004030764,0.566,1,53.87145798886195
007650036,0765,0,HOWEVER,10.0,1,0.5458,1,53.94487499142997,0.5739,1,51.865375018678606
007650036,0765,1,MARKET,10.0,1,0.728,1,41.585750004742295,0.7292,1,37.08075001486577
007650036,0765,2,CONDITIONS,10.0,1,0.5164,1,54.456832993309945,0.5259,1,51.73912501777522
007650036,0765,8,OTHER,10.0,1,0.729,1,46.2637500022538,0.3219,0,32.09600000991486
007650061,0765,0,NEARLY,10.0,1,0.7298,1,45.51995900692418,0.7304,1,36.69554099906236
007650061,0765,2,REPUBLICANS,10.0,1,0.3028,0,84.35620801174082,0.2917,0,86.3831669848878
007650061,0765,3,VOTED,10.0,1,0.7281,1,37.669750017812476,0.5993,1,35.849374980898574
007650061,0765,4,AGAINST,10.0,1,0.7296,1,35.69241697550751,0.7253,1,37.44141600327566
007650061,0765,6,MEASURE,10.0,1,0.7297,1,60.658790986053646,0.7303,1,43.47362500266172
007650076,0765,2,UNDERSTAND,10.0,1,0.2566,0,44.77374997804873,0.2545,0,48.053542006528005
007650076,0765,4,DESIRE,10.0,1,0.569,1,58.81270798272453,0.5423,1,52.03116699703969
007650076,0765,7,ANOTHER,10.0,1,0.5597,1,50.02120800781995,0.5663,1,33.95779200945981
007650076,0765,8,OPINION,10.0,1,0.4398,1,49.77533299825154,0.5695,1,68.89341701753438
007650078,0765,1,YEAR,10.0,1,1.0,1,25.964915985241532,1.0,1,25.21495899418369
007650078,0765,2,LATER,10.0,1,0.5349,1,42.34841698780656,0.5947,1,44.191041990416124
007650084,0765,0,DEFINE,10.0,1,0.2744,0,38.35612500552088,0.7215,1,40.992624999489635
007650084,0765,1,YOUR,10.0,1,1.0,1,26.772999990498647,1.0,1,29.324417002499104
007650084,0765,6,SITUATION,10.0,1,0.4577,1,80.61575001920573,0.1816,0,73.08854098664597
007650089,0765,3,EXPECTED,10.0,1,0.5728,1,47.73716698400676,0.5741,1,52.44020899408497
007650116,0765,0,MONEY,10.0,1,0.7285,1,38.96237499429844,0.7292,1,38.6807500035502
007650116,0765,5,SUCCESS,10.0,1,0.2713,0,38.90833299374208,0.2709,0,41.545749991200864
007650131,0765,1,LEARNED,10.0,1,0.7183,1,35.61654197983444,0.7273,1,38.539833010872826
007650131,0765,4,DURING,10.0,1,0.7275,1,34.762583003612235,0.6907,1,35.65462498227134
007650174,0765,0,MISSING,10.0,1,0.7261,1,35.61674998491071,0.7229,1,38.105083018308505
007650174,0765,5,EASY,10.0,1,0.7277,1,61.322041001403704,0.7282,1,38.29500000574626
007650192,0765,5,PARTY,10.0,1,0.7291,1,63.661874999525025,0.7302,1,39.542292011901736
007650197,0765,3,GOING,10.0,1,0.7297,1,34.43087500636466,0.7296,1,35.12841698830016
007650254,0765,0,EVERYTHING,10.0,1,0.5453,1,72.6992920099292,0.4599,1,51.02804198395461
007650271,0765,4,CHALLENGE,10.0,1,0.7239,1,56.66987498989329,0.7269,1,42.882417008513585
007650294,0765,6,HERE,10.0,1,1.0,1,43.09295798884705,1.0,1,28.59291702043265
007650346,0765,0,HOLDING,10.0,1,0.7298,1,34.967999992659315,0.7294,1,37.33812502468936
007650369,0765,7,TRIAL,10.0,1,0.7289,1,36.83412499958649,0.7285,1,36.88295799656771
008110049,0811,3,PUBLIC,10.0,1,0.7173,1,36.47933297907002,0.6792,1,38.87608298100531
008110049,0811,5,BEING,10.0,1,0.7255,1,34.80816702358425,0.4916,0,36.04162501869723
008110106,0811,6,CONFIDENCE,10.0,1,0.3882,1,59.534500003792346,0.3913,1,50.201958976686
008110110,0811,4,ABOUT,10.0,1,0.7164,1,36.689958011265844,0.7265,1,36.92291700281203
008110110,0811,7,EVERY,10.0,1,0.7289,1,37.84895801800303,0.7288,1,38.64258399698883
008110110,0811,9,KILLINGS,10.0,1,0.7236,1,37.375957996118814,0.7178,1,33.845750003820285
008110116,0811,2,NOTHING,10.0,1,0.7277,1,35.689375014044344,0.7282,1,40.37929099285975
008110116,0811,5,MAGIC,10.0,1,0.7196,1,39.14850001456216,0.7233,1,37.54762499011122
008110159,0811,6,ANY,10.0,1,0.7279,1,36.85287499683909,0.7277,1,40.86454099160619
008110159,0811,7,OTHER,10.0,1,0.7275,1,36.327124980743974,0.7275,1,35.88837501592934
008110159,0811,8,QUESTIONS,10.0,1,0.7293,1,34.94304200285114,0.7292,1,35.430290998192504
008110204,0811,1,BEAUTIFUL,10.0,1,0.4648,1,43.72629200224765,0.4588,1,43.01425002631731
008110204,0811,6,INSIDE,10.0,1,0.7297,1,39.070208003977314,0.7295,1,38.92304198234342
008110209,0811,2,POLICE,10.0,1,0.2874,0,35.74700001627207,0.3267,0,35.41745798429474
008110224,0811,0,WELCOME,10.0,1,0.73,1,34.79862501262687,0.7302,1,35.21933301817626
008110258,0811,2,COVER,10.0,1,0.7288,1,35.87295798934065,0.7281,1,34.033750009257346
008110286,0811,0,EVERYTHING,10.0,1,0.222,0,67.51795898890123,0.558,1,47.22891701385379
008110286,0811,2,STARTING,10.0,1,0.7303,1,34.29916698951274,0.7303,1,35.17645801184699
008110286,0811,5,INTO,10.0,1,0.6976,1,37.17512500588782,0.6868,1,38.44195799320005
008110286,0811,7,PERFECTLY,10.0,1,0.4126,1,71.75983299384825,0.3344,0,52.36387500190176
008110287,0811,0,SORRY,10.0,1,0.6214,1,51.617124991025776,0.7283,1,39.760832994943485
008110287,0811,6,DECISION,10.0,1,0.3802,1,56.03100001462735,0.449,1,42.746666993480176
008110340,0811,4,STRIKING,10.0,1,0.7303,1,36.2472910201177,0.7302,1,36.16433299612254
008110371,0811,2,ONLY,10.0,1,0.7294,1,37.71845798473805,0.7297,1,38.17941702436656
009810029,0981,0,HUMAN,10.0,1,0.7186,1,39.047540980391204,0.7298,1,39.09516701241955
009810029,0981,1,ERROR,10.0,1,0.7275,1,40.72154199820943,0.7258,1,40.60045801452361
009810029,0981,3,ALSO,10.0,1,0.7268,1,38.05004098103382,0.7276,1,35.250250017270446
009810029,0981,6,FACTOR,10.0,1,0.7291,1,59.369875001721084,0.73,1,38.62566701718606
009810073,0981,4,MATTER,10.0,1,0.7279,1,38.601750013185665,0.7229,1,37.5332499970682
009810075,0981,3,GOING,10.0,1,0.7293,1,38.367874978575855,0.7296,1,34.093249996658415
009810075,0981,7,VERY,10.0,1,0.7287,1,38.11741599929519,0.7287,1,36.48987502674572
009810075,0981,8,PHYSICAL,10.0,1,0.2397,0,47.21437502303161,0.249,0,48.5646250017453
009810106,0981,3,ANY,10.0,1,0.7287,1,40.08370800875127,0.7282,1,38.88187499251217
009810155,0981,6,ENOUGH,10.0,1,0.2785,0,40.38433398818597,0.3576,0,39.17154099326581
009810196,0981,5,BOTTOM,10.0,1,0.7107,1,38.34937498322688,0.722,1,47.00637501082383
009810200,0981,4,WATER,10.0,1,0.7263,1,51.440499984892085,0.7278,1,41.06508399127051
009810204,0981,3,DIFFICULT,10.0,1,0.5157,1,44.431166985305026,0.4671,1,46.36983299860731
009810204,0981,5,RETURN,10.0,1,0.4864,0,35.67033298895694,0.4542,0,37.007750011980534
009810204,0981,8,AFTER,10.0,1,0.7259,1,38.30800001742318,0.7264,1,38.062291976530105
009810230,0981,7,YOUR,10.0,1,1.0,1,26.19662499637343,1.0,1,26.984208001522347
009810235,0981,4,TOMORROW,10.0,1,0.5695,1,69.22729199868627,0.5147,1,57.114125025691465
009810249,0981,0,SOMETIMES,10.0,1,0.3201,0,36.46183400996961,0.2761,0,36.732915992615744
009810305,0981,2,GOING,10.0,1,0.7268,1,38.834833016153425,0.7284,1,36.38574999058619
009810344,0981,4,TREASURE,10.0,1,0.7299,1,49.39183301758021,0.7304,1,38.57804098515771
009810349,0981,4,MARRIED,10.0,1,0.6987,1,38.18441700423136,0.6906,1,38.13324999646284
010300003,1030,1,RESULT,10.0,1,0.5568,1,37.66695800004527,0.606,1,41.833458992186934
010300003,1030,4,UPSET,10.0,1,0.396,0,38.33508299430832,0.2916,0,38.91004101024009
010300105,1030,1,PAPER,10.0,1,0.7206,1,38.3386250177864,0.7187,1,39.57420799997635
010300105,1030,2,PUBLISHED,10.0,1,0.7067,1,40.08004200295545,0.716,1,36.717790993861854
010300105,1030,4,DETAILS,10.0,1,0.7288,1,39.569416985614225,0.7286,1,38.92500000074506
010300105,1030,9,ATTACK,10.0,1,0.2789,0,38.41008301242255,0.5974,1,37.77487497427501
010300106,1030,0,PREVIOUSLY,10.0,1,0.342,1,63.11604200163856,0.4508,1,62.697541987290606
010300123,1030,2,NEVER,10.0,1,0.7285,1,37.48237498803064,0.7279,1,38.67754200473428
010300153,1030,0,REALITY,10.0,1,0.4233,1,61.84133398346603,0.457,1,58.00408299546689
010300153,1030,3,LEADING,10.0,1,0.5743,1,35.862082993844524,0.4735,0,36.44450000138022
010300157,1030,6,TRADITIONS,10.0,1,0.5466,1,63.089125003898516,0.5533,1,57.39379199803807
010300159,1030,1,RESPONSIBLE,10.0,1,0.4688,1,60.7224999985192,0.4644,1,59.70091599738225
010300159,1030,4,FAILURE,10.0,1,0.7269,1,36.53300000587478,0.7273,1,37.818584009073675
010300169,1030,4,POOR,10.0,1,1.0,1,55.95383301260881,1.0,1,34.4535410113167
010300216,1030,8,SUPPORTING,10.0,1,0.2989,0,44.342749984934926,0.2179,0,51.70050001470372
010300275,1030,3,GOING,10.0,1,0.7283,1,35.887125006411225,0.7291,1,35.51029198570177
010300298,1030,2,YOUR,10.0,1,1.0,1,25.52808399195783,1.0,1,26.918791991192847
010300298,1030,5,BROTHER,10.0,1,0.7278,1,60.68383398815058,0.7298,1,41.558625001925975
010300316,1030,0,HERE,10.0,1,1.0,1,39.040250005200505,1.0,1,28.38695902028121
010300316,1030,4,NUMBER,10.0,1,0.7301,1,41.782791988225654,0.7301,1,46.21462500654161
010300316,1030,7,EVER,10.0,1,0.7246,1,41.45670900470577,0.7252,1,39.36662498745136
010300316,1030,9,ANYTHING,10.0,1,0.4376,1,47.10441699717194,0.5506,1,47.645082988310605
010300325,1030,1,TWENTY,10.0,1,0.7303,1,37.27129098842852,0.7303,1,35.03095800988376
010300325,1030,5,NOTHING,10.0,1,0.7175,1,38.074999989476055,0.7172,1,37.49029102618806
010300328,1030,3,INTO,10.0,1,0.7257,1,36.928666988387704,0.7208,1,36.245791998226196
010370025,1037,3,LOOKING,10.0,1,0.7018,1,33.54212499107234,0.7151,1,33.514500013552606
010370025,1037,6,SOMETHING,10.0,1,0.7285,1,34.736250003334135,0.7295,1,34.721124975476414
010370025,1037,7,BETTER,10.0,1,0.7256,1,62.9170409811195,0.7282,1,39.593375026015565
010370070,1037,5,ANOTHER,10.0,1,0.2366,0,44.46245898725465,0.2353,0,44.54454200458713
010370070,1037,7,RECORD,10.0,1,0.7082,1,56.463624991010875,0.6943,1,42.40304199629463
010370099,1037,4,ANSWERS,10.0,1,0.7267,1,36.25508298864588,0.7261,1,36.0237910063006
010370099,1037,7,QUESTIONS,10.0,1,0.7213,1,34.21833398169838,0.7189,1,39.671250007813796
010370140,1037,2,ALSO,10.0,1,0.6906,1,44.00079100742005,0.7093,1,39.46620901115239
010370140,1037,7,CONTRIBUTE,10.0,1,0.3489,0,45.00554202240892,0.3561,0,51.95104199810885
010370204,1037,0,HOPING,10.0,1,0.6189,1,38.936124998144805,0.7164,1,35.48200000659563
010370204,1037,4,CAMPAIGN,10.0,1,0.5152,1,38.234208011999726,0.7153,1,39.72879200591706
010370216,1037,4,MASTERS,10.0,1,0.7162,1,39.11058299127035,0.7097,1,36.84166699531488
010370232,1037,1,NOTHING,10.0,1,0.7009,1,36.286333022871986,0.6901,1,35.64379102317616
010370234,1037,0,PROBABLY,10.0,1,0.4088,1,63.633083016611636,0.5638,1,49.31104197748937
010370246,1037,1,EARLY,10.0,1,0.727,1,43.398666981374845,0.728,1,40.72470800019801
010370251,1037,0,NOTHING,10.0,1,0.7105,1,36.07079200446606,0.6981,1,34.90287499153055
010370265,1037,3,AWAY,10.0,1,0.3578,0,36.09454201068729,0.2734,0,35.356459004106
010370290,1037,8,FINALLY,10.0,1,0.2149,0,66.2954580038786,0.2143,0,48.31220902269706
010370309,1037,3,GOING,10.0,1,0.7289,1,36.410250002518296,0.7291,1,35.60687499702908
010370352,1037,6,IGNORE,10.0,1,0.601,1,35.80162499565631,0.6248,1,36.599458020646125
010390004,1039,5,ABOUT,10.0,1,0.7241,1,35.785083018708974,0.7287,1,29.66529197874479
010390004,1039,8,BUSINESS,10.0,1,0.7236,1,36.71991699957289,0.7296,1,37.023624987341464
010390027,1039,2,OUR,10.0,1,0.7298,1,33.78066699951887,0.7296,1,33.930083009181544
010390027,1039,3,INTEREST,10.0,1,0.307,0,35.96775000914931,0.3364,0,36.4722500089556
010390027,1039,6,PUBLIC,10.0,1,0.7028,1,34.78041698690504,0.6488,1,37.2943340044003
010390027,1039,7,INTEREST,10.0,1,0.2839,0,34.7720000136178,0.3566,0,33.95241702673957
010390166,1039,3,RECORD,10.0,1,0.7218,1,54.814792005345225,0.6786,1,40.38983301143162
010390170,1039,0,EASILY,10.0,1,0.5287,1,69.47908300207928,0.5615,1,45.56112497812137
010390170,1039,3,YOUR,10.0,1,1.0,1,28.309708985034376,1.0,1,25.71495799929835
010390216,1039,4,CONCERT,10.0,1,0.7198,1,37.93566700187512,0.7281,1,36.83324999292381
010390244,1039,7,SUMMER,10.0,1,0.7266,1,55.561958986800164,0.7285,1,35.59479198884219
010390269,1039,4,SHARING,10.0,1,0.7169,1,37.219917023321614,0.7222,1,37.177624995820224
010390285,1039,5,EXPRESS,10.0,1,0.6938,1,39.01779098669067,0.7018,1,34.924790990771726
010390303,1039,0,HERE'S,10.0,1,1.0,1,27.45170798152685,1.0,1,25.821083021583036
010390303,1039,4,PIECES,10.0,1,0.7211,1,38.810708007076755,0.7215,1,37.19687499688007
010390341,1039,8,MURDER,10.0,1,0.7279,1,46.6688750020694,0.7267,1,37.1001249877736
010390366,1039,7,PASSIVE,10.0,1,0.7246,1,37.364874995546415,0.7273,1,34.864041983382776
010390366,1039,9,RESIGNED,10.0,1,0.7275,1,38.77208300400525,0.7275,1,38.43379201134667
010460017,1046,2,AWAY,10.0,1,0.4702,0,51.08325000037439,0.5296,1,42.28787502506748
010460017,1046,5,DEER,10.0,1,1.0,1,28.46454200334847,1.0,1,25.6095840013586
010460020,1046,0,PETER,10.0,1,0.7266,1,40.21537501830608,0.7284,1,42.29704200406559
010460020,1046,4,PANDA,10.0,1,0.7294,1,59.104833024321124,0.7298,1,36.47920797811821
010460030,1046,1,ZERO,10.0,1,0.4792,0,41.5447500126902,0.7217,1,43.0367499939166
010460034,1046,3,ZERO,10.0,1,0.7189,1,61.30287499399856,0.7222,1,35.0304169987794
010460041,1046,0,ZERO,10.0,1,0.6219,1,38.264166010776535,0.6519,1,36.316666984930634
010460053,1046,3,SKATING,10.0,1,0.5015,1,38.821207999717444,0.727,1,43.25891699409112
010460061,1046,0,LUCY,10.0,1,0.7265,1,37.56162500940263,0.7283,1,37.55841599195264
010460088,1046,0,LUCY,10.0,1,0.7292,1,41.20791700552218,0.7289,1,40.95920899999328
010460088,1046,3,SWEATER,10.0,1,0.7296,1,52.32587500358932,0.7296,1,39.47145797428675
010460111,1046,0,BILLY,10.0,1,0.7287,1,38.65487498114817,0.7279,1,37.985125003615394
010460111,1046,2,WALKING,10.0,1,0.6786,1,35.676583007443696,0.6909,1,34.58800000953488
010460111,1046,4,BATHROOM,10.0,1,0.7102,1,49.88220799714327,0.7189,1,44.19958300422877
010460114,1046,3,INTO,10.0,1,0.696,1,37.46241598855704,0.6889,1,39.28579101921059
010460120,1046,0,TINA,10.0,1,0.7292,1,36.908957990817726,0.7289,1,39.42474999348633
010460149,1046,3,MOTHER,10.0,1,0.7289,1,36.031374998856336,0.7286,1,37.381374975666404
010460153,1046,0,RELIES,10.0,1,0.4162,0,38.028833019779995,0.7123,1,44.20279202167876
010460155,1046,4,MOTHER,10.0,1,0.7288,1,40.97320800065063,0.7287,1,39.35966599965468
010500012,1050,0,JAYME,10.0,1,0.7293,1,38.461541989818215,0.7285,1,43.22387502179481
010500058,1050,0,MANDY,10.0,1,0.7302,1,40.63379199942574,0.73,1,45.24016598588787
010500058,1050,2,TOFU,10.0,1,0.3668,0,54.8179580073338,0.4717,0,42.45500001707114
010500085,1050,0,TEDDY,10.0,1,0.7293,1,37.588125007459894,0.7267,1,40.68620799807832
010500085,1050,3,BEAUTIFUL,10.0,1,0.5056,1,44.76737498771399,0.4672,1,44.906499999342486
010500090,1050,2,JAYME'S,10.0,1,0.6913,1,36.90966599970125,0.7272,1,49.9247080006171
010500090,1050,3,SNEAKERS,10.0,1,0.7259,1,48.202917008893564,0.728,1,45.198375009931624
010500100,1050,3,TAXI,10.0,1,0.7278,1,52.0964159804862,0.7295,1,38.403250015107915
010500108,1050,0,MANDY,10.0,1,0.73,1,34.98270898126066,0.7297,1,37.367000011727214
010500113,1050,1,TINA,10.0,1,0.7291,1,36.16408398374915,0.7294,1,36.881167005049065
010500131,1050,0,CASEY,10.0,1,0.7278,1,36.87958398950286,0.7261,1,37.032916996395215
010500147,1050,3,TONY,10.0,1,0.7285,1,36.39841699623503,0.7286,1,35.437332990113646
010500149,1050,0,ENDING,10.0,1,0.65,1,57.23491701064631,0.7173,1,41.374332999112085
010500149,1050,5,GOING,10.0,1,0.7294,1,36.844750022282824,0.7291,1,38.04833299363963
010500167,1050,1,SURE,10.0,1,1.0,1,26.947334001306444,1.0,1,30.14524999889545
010610015,1061,0,BILLY,10.0,1,0.7293,1,38.02537498995662,0.7262,1,48.279540991643444
010610015,1061,4,TURKEY,10.0,1,0.7277,1,54.26191701553762,0.7289,1,44.32924999855459
010610024,1061,0,TEDDY,10.0,1,0.7292,1,40.33662501024082,0.7283,1,47.215582977514714
010610024,1061,3,CANADA,10.0,1,0.4817,1,64.23283298499882,0.4674,1,48.9956249948591
010610025,1061,0,LILLY,10.0,1,0.7289,1,39.5824589941185,0.7283,1,43.03575001540594
010610025,1061,2,CHINA,10.0,1,0.7291,1,57.066791981924325,0.729,1,40.62658300972544
010610057,1061,1,LILLY,10.0,1,0.729,1,46.33487501996569,0.7274,1,53.258667001500726
010610067,1061,0,PETER,10.0,1,0.7292,1,41.65258398279548,0.7257,1,43.02158299833536
010610067,1061,3,TURKEY,10.0,1,0.7185,1,56.42041700775735,0.6513,1,78.30604101764038
010610069,1061,0,SANDY,10.0,1,0.7302,1,44.285999989369884,0.7303,1,42.03241699724458
010610087,1061,0,BILLY,10.0,1,0.7289,1,39.36733299633488,0.7284,1,34.23237497918308
010610094,1061,0,MARY,10.0,1,0.6412,1,63.593124999897555,0.7274,1,50.01012497814372
010610094,1061,2,YOUR,10.0,1,1.0,1,28.839707985753193,1.0,1,26.418791007017717
010610113,1061,0,BETTY,10.0,1,0.7288,1,44.86116601037793,0.7283,1,48.6015829956159
010610113,1061,5,OFFICE,10.0,1,0.6782,1,45.257375022629276,0.6787,1,39.941957977134734
010610129,1061,0,DAVID,10.0,1,0.7288,1,48.82741597248241,0.7186,1,41.532333998475224
010610129,1061,3,GARLIC,10.0,1,0.7291,1,41.95670800982043,0.7303,1,35.48208298161626
010610171,1061,3,DOING,10.0,1,0.7148,1,47.37600000225939,0.3391,0,45.99199999938719
010750002,1075,0,DAVID,10.0,1,0.7239,1,49.77483398397453,0.728,1,39.67354100313969
010750010,1075,2,TIGER,10.0,1,0.7287,1,60.17870901268907,0.7289,1,40.86700000334531
010750011,1075,0,TEDDY,10.0,1,0.7288,1,41.12041599000804,0.7273,1,40.407916996628046
010750021,1075,0,LUCY,10.0,1,0.7293,1,37.66475000884384,0.7289,1,40.75716697843745
010750021,1075,4,ZEBRA,10.0,1,0.7171,1,58.3413330023177,0.7288,1,41.25549999298528
010750024,1075,0,SANDY,10.0,1,0.7303,1,37.87120900233276,0.7304,1,38.156667025759816
010750043,1075,1,ZERO,10.0,1,0.7224,1,39.97437498765066,0.7145,1,41.68037499766797
010750060,1075,0,BILLY,10.0,1,0.725,1,54.421500011812896,0.728,1,43.101082992507145
010750062,1075,0,BENNY,10.0,1,0.7288,1,40.68075001123361,0.7291,1,41.6396250075195
010750094,1075,3,TINA'S,10.0,1,0.7071,1,42.28966700611636,0.7284,1,41.74733298714273
010750097,1075,0,MARY,10.0,1,0.7289,1,39.14537499076687,0.729,1,40.22837500087917
010750104,1075,5,TEACHER'S,10.0,1,0.7282,1,36.170250008581206,0.7234,1,35.746874986216426
010750104,1075,6,OFFICE,10.0,1,0.3933,0,39.17562498827465,0.5673,1,39.888458006316796
010750117,1075,0,HONEY,10.0,1,0.7292,1,38.0997079773806,0.7293,1,37.918209010967985
010760002,1076,0,MARY,10.0,1,0.7109,1,54.79008299880661,0.7289,1,44.71558300429024
010760013,1076,0,TIMMY,10.0,1,0.6975,1,55.87174999527633,0.7283,1,47.64699999941513
010760032,1076,0,ZERO,10.0,1,0.7063,1,51.07845799648203,0.7196,1,40.67795799346641
010760046,1076,0,ZERO,10.0,1,0.7276,1,47.834084019996226,0.7228,1,44.55587497795932
010760046,1076,1,ZERO,10.0,1,0.7271,1,43.533457996090874,0.7265,1,48.682125023333356
010760062,1076,0,LOCKING,10.0,1,0.7156,1,56.958583008963615,0.7279,1,42.72608400788158
010760076,1076,2,LILLY'S,10.0,1,0.728,1,37.835000024642795,0.728,1,40.329416980966926
010760079,1076,2,JAYME'S,10.0,1,0.7288,1,39.763250009855255,0.7293,1,39.85712499707006
010760089,1076,0,RARELY,10.0,1,0.7292,1,47.81762501806952,0.7301,1,52.77970799943432
010760111,1076,0,BETTY,10.0,1,0.7285,1,41.134333005174994,0.7284,1,49.00220799027011
010760111,1076,4,MUSIC,10.0,1,0.7299,1,36.12104197964072,0.7297,1,40.80066701862961
010760116,1076,0,MANDY,10.0,1,0.73,1,43.175708007765934,0.7303,1,43.58983400743455
010760116,1076,2,WALKING,10.0,1,0.7199,1,40.929832990514114,0.6442,1,43.58420899370685
010760116,1076,4,NATURE,10.0,1,0.7278,1,42.791334009962156,0.7298,1,43.46370798884891
010760136,1076,0,NEVER,10.0,1,0.7291,1,47.84549999749288,0.7286,1,43.17716698278673
010760162,1076,1,HAPPY,10.0,1,0.729,1,40.2667080052197,0.7289,1,43.59004201251082
010990020,1099,3,ASSURE,10.0,1,0.6583,1,38.338416983606294,0.7102,1,35.447125002974644
010990048,1099,3,ONLY,10.0,1,0.7293,1,35.35258400370367,0.7292,1,35.43150000041351
010990060,1099,0,WEDNESDAY,10.0,1,0.7294,1,36.43158299382776,0.7295,1,37.3911669885274
010990063,1099,5,OURSELVES,10.0,1,0.573,1,44.336582999676466,0.5661,1,48.12562500592321
010990082,1099,6,OTHERS,10.0,1,0.3147,0,38.69349998421967,0.4215,0,37.610083003528416
010990082,1099,7,WOUNDED,10.0,1,0.7272,1,38.57083301409148,0.7291,1,34.428165992721915
010990087,1099,8,CHRISTMAS,10.0,1,0.7287,1,36.94845797144808,0.7283,1,41.73066598013975
010990087,1099,9,SPIRIT,10.0,1,0.7264,1,37.79487501014955,0.7292,1,42.29916600161232
010990139,1099,2,SURE,10.0,1,1.0,1,28.994166990742087,1.0,1,30.64720900147222
010990218,1099,4,GROWING,10.0,1,0.7301,1,38.70595901389606,0.7302,1,39.03508299845271
010990239,1099,3,VERY,10.0,1,0.7286,1,34.884790977230296,0.7281,1,34.26245800801553
010990239,1099,4,CREATIVE,10.0,1,0.5707,1,49.409667000873014,0.5715,1,49.01358301867731
010990279,1099,4,TOMORROW,10.0,1,0.5602,1,47.57183400215581,0.5648,1,46.27424999489449
011090011,1109,3,IMPORTANT,10.0,1,0.2432,0,49.52204198343679,0.2274,0,48.13833298976533
011090020,1109,5,OUR,10.0,1,0.7261,1,49.6038330020383,0.7286,1,48.433166986797005
011090020,1109,6,PROTECTION,10.0,1,0.2811,0,59.962208004435524,0.2162,0,48.314666986698285
011090089,1109,4,WATER,10.0,1,0.7287,1,47.97308301203884,0.7293,1,34.94637500261888
011090140,1109,3,BELIEVE,10.0,1,0.2865,0,36.2000830064062,0.2976,0,38.43745798803866
011090140,1109,9,DIFFERENCE,10.0,1,0.3948,0,36.0454170149751,0.271,0,37.85337498993613
011090154,1109,3,GETTING,10.0,1,0.7262,1,35.73208299349062,0.7286,1,35.76175001217052
011090154,1109,6,CONTROL,5.0,0,0.2773,0,35.42508400278166,0.6605,1,39.877875009551644
011090235,1109,0,SEEING,10.0,1,0.6934,1,39.488666981924325,0.7293,1,37.57799998857081
011090246,1109,4,REMINDING,10.0,1,0.5666,1,51.7036669771187,0.5743,1,47.83724999288097
011090277,1109,3,GOING,10.0,1,0.73,1,35.796457988908514,0.7298,1,35.506167012499645
011090295,1109,0,BECAUSE,10.0,1,0.2993,0,36.56437501194887,0.7182,1,38.35787498974241
011090295,1109,6,OFFER,10.0,1,0.7218,1,50.504833983723074,0.7217,1,44.92362501332536
011090333,1109,0,BEFORE,10.0,1,0.3058,0,43.09925000416115,0.4225,0,40.14579197973944
011090333,1109,5,ANSWER,10.0,1,0.7275,1,41.46841701003723,0.7293,1,40.165500016883016
011090333,1109,8,QUESTION,10.0,1,0.7303,1,35.599666996859014,0.7303,1,35.68404199904762
011090334,1109,4,BELIEVE,10.0,1,0.6944,1,36.1046250036452,0.6837,1,38.1240829883609
011090334,1109,6,SOMETHING,10.0,1,0.7303,1,36.602667008992285,0.7303,1,33.68583298288286
011090335,1109,3,CLEAR,10.0,1,1.0,1,26.53329199529253,1.0,1,29.431667004246265
011090335,1109,4,IDEA,10.0,1,0.574,1,50.97779101924971,0.5738,1,51.320708997081965
011090359,1109,2,BETTER,10.0,1,0.7288,1,37.367832992458716,0.7282,1,34.57995899952948
011090359,1109,6,BEFORE,10.0,1,0.6365,1,45.10679200757295,0.6864,1,38.9635419996921
011090359,1109,7,HAVING,10.0,1,0.7286,1,34.915666008600965,0.7283,1,35.287665989017114
011350001,1135,7,SUCCESS,10.0,1,0.2722,0,39.408415992511436,0.272,0,49.241583998082206
011350026,1135,6,CONCERN,10.0,1,0.2846,0,35.90795898344368,0.276,0,39.447582996217534
011350026,1135,8,ALARM,10.0,1,0.7209,1,41.53533300268464,0.7101,1,37.824291008291766
011350027,1135,0,STARTING,10.0,1,0.7303,1,36.93075000774115,0.7304,1,37.225416977889836
011350064,1135,1,COLLEGE,10.0,1,0.6803,1,39.93100000661798,0.6849,1,39.887749997433275
011350064,1135,5,AWAY,10.0,1,0.7116,1,38.59383301460184,0.6762,1,51.72454100102186
011350116,1135,0,LOOKING,10.0,1,0.7217,1,37.17545801191591,0.727,1,36.52954098652117
011350116,1135,7,MARKETING,10.0,1,0.5393,1,50.846333004301414,0.5563,1,47.05370799638331
011350141,1135,8,WATER,10.0,1,0.7282,1,38.9915420091711,0.727,1,40.283334004925564
011350141,1135,9,LATELY,10.0,1,0.7295,1,64.49908399372362,0.7218,1,78.30112500232644
011350158,1135,4,LATER,10.0,1,0.7291,1,63.23445797897875,0.7294,1,43.21150001487695
011350190,1135,8,DESIGN,10.0,1,0.7296,1,38.6047089996282,0.7275,1,40.50158298923634
011350215,1135,0,SPIRITED,5.0,0,0.5522,1,50.38150001200847,0.2202,0,51.16862498107366
011350215,1135,1,AWAY,10.0,1,0.6205,1,41.58399999141693,0.5935,1,49.05741600668989
011350215,1135,4,MASTERPIECE,10.0,1,0.4633,1,54.21245898469351,0.5539,1,51.783167000394315
011350218,1135,1,READY,10.0,1,0.729,1,39.73725001560524,0.7287,1,39.78266700869426
011350221,1135,1,KIDDING,10.0,1,0.7278,1,38.39862497989088,0.7233,1,40.28124999604188
011350225,1135,2,ONLY,10.0,1,0.7293,1,44.936041987966746,0.7293,1,44.41716699511744
011350249,1135,7,OTHER,10.0,1,0.7129,1,64.00912499520928,0.7211,1,46.661875006975606
011350257,1135,7,YEAR,10.0,1,1.0,1,27.479541982756928,1.0,1,25.773667002795264
011350290,1135,5,OWNER,10.0,1,0.7295,1,45.01612499007024,0.7295,1,44.452541013015434
011350290,1135,6,COMPANY,10.0,1,0.4054,1,71.51616702321917,0.5709,1,54.99058301211335
011350303,1135,0,SUPPORTING,10.0,1,0.2246,0,50.74333300581202,0.2211,0,44.87837498891167
011350303,1135,2,OTHER,10.0,1,0.7252,1,49.20224999659695,0.7254,1,53.89125001966022
011350318,1135,2,ONLY,10.0,1,0.7298,1,45.47170901787467,0.7297,1,44.207500002812594
011350345,1135,3,NOTHING,10.0,1,0.7279,1,40.71254201699048,0.7264,1,39.33295898605138
011350345,1135,4,UNTIL,10.0,1,0.2891,0,39.31283298879862,0.3735,0,40.21979100070894
011350345,1135,6,ENTIRE,10.0,1,0.5727,1,50.797584000974894,0.5741,1,54.53708302229643
011350345,1135,7,AFFAIR,10.0,1,0.7244,1,38.74399999040179,0.7141,1,39.85962501610629
011350345,1135,9,OVER,10.0,1,0.7268,1,66.39112500124611,0.7293,1,47.74816599092446
011350374,1135,3,POLICE,10.0,1,0.2997,0,37.582040997222066,0.3289,0,37.77679201448336
011350374,1135,4,ABOUT,10.0,1,0.7289,1,38.13233398250304,0.7297,1,38.555042003281415
011560005,1156,7,FINANCIAL,10.0,1,0.5497,1,51.294167002197355,0.5607,1,48.211708024609834
011560005,1156,8,STANDPOINT,10.0,1,0.724,1,36.77937499014661,0.7281,1,38.947583991102874
011560058,1156,2,DANGEROUS,10.0,1,0.2163,0,46.274624997749925,0.2164,0,44.90050001186319
011560058,1156,7,DOCTOR,10.0,1,0.7299,1,63.11191600980237,0.7304,1,40.101958002196625
011560063,1156,5,GOING,10.0,1,0.7298,1,34.40775000490248,0.7297,1,34.60945899132639
011560068,1156,3,COOPERATE,10.0,1,0.469,1,55.36066700005904,0.4708,1,48.54054099996574
011560068,1156,6,BENEFIT,10.0,1,0.4696,1,44.43316601100378,0.5423,1,46.04316598852165
011560068,1156,9,SITUATION,10.0,1,0.4237,1,74.09545799600892,0.2616,0,64.71895801951177
011560075,1156,7,BELIEVE,10.0,1,0.7022,1,36.16499999770895,0.706,1,39.356958004646
011560086,1156,8,COLORS,10.0,1,0.7179,1,39.85083298175596,0.7278,1,36.549917014781386
011560100,1156,4,UNDER,10.0,1,0.729,1,39.51879098895006,0.7288,1,38.300583022646606
011560117,1156,1,LATEST,10.0,1,0.7294,1,41.60379199311137,0.7293,1,41.05995799181983
011560117,1156,2,ADDITION,10.0,1,0.5486,1,54.228792025242,0.573,1,42.71650000009686
011560117,1156,5,COLLECTION,10.0,1,0.5673,1,63.07958299294114,0.5638,1,56.088624987751245
011560184,1156,2,TAKING,10.0,1,0.7287,1,36.610292008845136,0.7289,1,34.64062500279397
011560184,1156,8,STORY,10.0,1,0.7299,1,59.48562498087995,0.7301,1,42.424292012583464
011560192,1156,1,GOING,10.0,1,0.7297,1,34.37183299683966,0.7296,1,35.57179099880159
011560192,1156,6,CRAZY,10.0,1,0.73,1,37.354958010837436,0.7302,1,34.95620799367316
011560192,1156,7,MOMENT,10.0,1,0.7283,1,36.50779201416299,0.7235,1,35.51608297857456
011560269,1156,4,SOMETHING,10.0,1,0.7299,1,36.88629201496951,0.7301,1,39.42279098555446
011560275,1156,0,TAKING,10.0,1,0.7277,1,36.09366700402461,0.7293,1,35.70112498709932
011560289,1156,3,GOING,10.0,1,0.7297,1,35.3406670037657,0.7296,1,35.404791007749736
011560289,1156,5,HAPPEN,10.0,1,0.7136,1,36.72600002028048,0.7276,1,35.786874999757856
011560320,1156,2,GOING,10.0,1,0.7298,1,35.5855829839129,0.7298,1,35.0462089991197
011560320,1156,6,USUAL,10.0,1,0.3142,0,47.3252079973463,0.356,0,47.99037499469705
011560353,1156,1,STARED,10.0,1,1.0,1,27.94674999313429,1.0,1,28.425291005987674
011560353,1156,4,BLACKNESS,10.0,1,0.7298,1,39.3502910155803,0.7304,1,37.698542000725865
011560354,1156,7,AFTERWARDS,10.0,1,0.2216,0,72.03520799521357,0.2145,0,55.11329200817272
011810162,1181,0,PLAYERS,10.0,1,0.7035,1,49.84720901120454,0.7302,1,37.669958983315155
011810168,1181,0,BECAUSE,10.0,1,0.2792,0,36.21883399318904,0.3908,0,35.61958300997503
011810173,1181,5,WORKING,10.0,1,0.6837,1,35.163541993824765,0.7203,1,37.191374984104186
011810173,1181,7,REMOVE,10.0,1,0.6913,1,37.4489999958314,0.3228,0,37.661375012248755
011810197,1181,5,CANNOT,10.0,1,0.7151,1,38.790499995229766,0.714,1,42.72670901264064
011810197,1181,8,THEMSELVES,10.0,1,0.6011,1,35.966541996458545,0.3847,0,35.83245899062604
011810206,1181,0,BLESSING,10.0,1,0.7293,1,38.336291996529326,0.7294,1,36.692915979074314
011810213,1181,0,EATING,10.0,1,0.5346,1,59.1539170127362,0.3338,0,38.000417000148445
011810214,1181,4,SUPPOSED,10.0,1,0.723,1,38.765624980442226,0.7277,1,41.10937501536682
011810222,1181,4,PREDICTION,10.0,1,0.3352,0,65.50354100181721,0.3389,0,57.62545802281238
011810246,1181,3,ONLY,10.0,1,0.7298,1,36.12075001001358,0.7299,1,37.7962079946883
011810246,1181,5,HERE,10.0,1,1.0,1,42.94270800892264,1.0,1,30.20254199509509
011810279,1181,5,FOLLOWS,10.0,1,0.2868,0,40.34224999486469,0.3915,0,39.14941698894836
011810280,1181,5,TOGETHER,10.0,1,0.2805,0,68.02274999790825,0.2177,0,52.2723330068402
011810284,1181,6,ANYTHING,10.0,1,0.5339,1,47.35004200483672,0.364,0,64.37525001820177
011810284,1181,9,ATTEND,10.0,1,0.6572,1,40.173167013563216,0.5477,1,34.59575001033954
011810314,1181,5,HEAR,10.0,1,1.0,1,30.07350000552833,1.0,1,29.36316598788835
011810334,1181,2,ADMIT,10.0,1,0.5569,1,37.83295801258646,0.6197,1,41.175082995323464
011810334,1181,5,HIMSELF,10.0,1,0.2744,0,36.23958400567062,0.2728,0,34.79695800342597
011810377,1181,7,EXPECTED,10.0,1,0.5741,1,45.553250005468726,0.5742,1,48.887542012380436
011860256,1186,3,MANY,10.0,1,0.7289,1,44.52416699496098,0.7284,1,52.93054200592451
011860263,1186,0,REWARD,10.0,1,0.3057,0,49.10608401405625,0.3662,0,51.125541009241715
011860264,1186,0,EXCITED,10.0,1,0.5688,1,73.32900000619702,0.5747,1,47.148415993433446
011860264,1186,2,GOING,10.0,1,0.7303,1,35.70020801271312,0.7303,1,34.73520901752636
011860292,1186,4,VERY,10.0,1,0.7262,1,49.2689170059748,0.7282,1,50.88391699246131
011860292,1186,5,COSTLY,10.0,1,0.7299,1,72.75462499819696,0.7301,1,48.05716700502671
011860308,1186,1,WANTED,10.0,1,0.7301,1,39.85383300459944,0.7296,1,41.603917023167014
011860308,1186,6,AFTER,10.0,1,0.4095,0,46.773709007538855,0.7043,1,44.0063749847468
011860317,1186,1,EASY,10.0,1,0.7224,1,62.01504199998453,0.7286,1,44.37783299363218
011860317,1186,2,PREVAIL,10.0,1,0.6338,1,35.5451249924954,0.2716,0,36.22341700247489
011860317,1186,3,SYSTEM,10.0,1,0.6335,1,36.54170798836276,0.6156,1,36.03845799807459
011860359,1186,2,HERE,10.0,1,1.0,1,31.940416985889897,1.0,1,28.071333013940603
011860361,1186,2,NEVER,10.0,1,0.7286,1,39.082166011212394,0.7286,1,40.40570798679255
011860363,1186,0,AM,10.0,1,0.7204,0,57.308082992676646,0.7244,0,36.667458014562726
011860363,1186,2,NEVER,10.0,1,0.729,1,38.16587498295121,0.7288,1,37.64404100365937
011860363,1186,5,ALLOWED,10.0,1,0.7287,1,43.47512498497963,0.7257,1,37.10070898523554
011860363,1186,8,ANYTHING,10.0,1,0.492,1,48.53679199004546,0.4006,1,46.82829199009575
012280016,1228,0,REALITY,5.0,0,0.4426,1,59.4706250121817,0.4499,1,51.57270800555125
012280016,1228,4,DRAMATIC,5.0,0,0.2926,0,47.3119999805931,0.3623,0,45.130709011573344
012280033,1228,7,OUR,10.0,1,0.7295,1,45.90658299275674,0.7295,1,47.513166995486245
012280053,1228,2,EXPECTED,10.0,1,0.5694,1,49.050208006519824,0.5707,1,53.13445799401961
012280053,1228,7,IDEA,10.0,1,0.5728,1,46.368417009944096,0.5702,1,52.55612498149276
012280053,1228,8,AGAIN,10.0,1,0.3221,0,39.52337498776615,0.5891,1,40.11375000118278
012280054,1228,2,ONLY,10.0,1,0.7294,1,51.91937499330379,0.7289,1,42.56020800676197
012280054,1228,7,SECOND,10.0,1,0.725,1,36.21262501110323,0.7141,1,37.72012499393895
012280173,1228,0,ALREADY,10.0,1,0.5559,1,71.60816600662656,0.5711,1,47.18408299959265
012280201,1228,2,MORNING,10.0,1,0.729,1,36.32270800881088,0.7286,1,35.901666997233406
012280201,1228,7,AFTERNOON,10.0,1,0.2302,0,46.27995900227688,0.2286,0,47.357667004689574
012280206,1228,7,YEAR,10.0,1,1.0,1,27.160917001310736,1.0,1,26.011417008703575
012280243,1228,2,INTERESTING,10.0,1,0.3407,0,45.75491702416912,0.3988,1,48.16550001851283
012280243,1228,5,ANOTHER,10.0,1,0.5473,1,46.91529099363834,0.338,0,48.10975000145845
012280261,1228,2,SUPPOSED,10.0,1,0.305,0,37.453083001310006,0.5892,1,42.38475000602193
012280261,1228,6,SURPRISE,10.0,1,0.6608,1,38.788124977145344,0.4827,0,41.02112501277588
012280262,1228,2,ALLOWED,10.0,1,0.7277,1,40.48120800871402,0.7294,1,30.75574999093078
012280262,1228,5,ANGRY,10.0,1,0.7191,1,58.258375007426366,0.7282,1,38.95570800523274
012280288,1228,3,ORIGINAL,10.0,1,0.4691,1,57.81945801572874,0.4652,1,59.06408402370289
012280308,1228,0,EXISTENCE,10.0,1,0.3399,0,64.40262502292171,0.5638,1,48.85858402121812
012280308,1228,3,BETTER,10.0,1,0.7289,1,42.245416989317164,0.7291,1,41.733749996637926
012280308,1228,5,EVERY,10.0,1,0.7289,1,39.07254201476462,0.7288,1,36.75333401770331
012280343,1228,2,DEPEND,10.0,1,0.3372,0,35.123499983455986,0.3933,0,35.425041016424075
012920007,1292,5,COMMENTS,5.0,0,0.484,0,37.40779199870303,0.4179,0,38.62466698046774
012920027,1292,7,CONCEPT,10.0,1,0.7289,1,39.267166022909805,0.7285,1,38.247875025263056
012920062,1292,1,NOTHING,10.0,1,0.7273,1,37.8106250136625,0.7257,1,36.691957997391
012920073,1292,2,MONEY,10.0,1,0.7277,1,37.966958014294505,0.7288,1,40.32212498714216
012920073,1292,4,CHRISTMAS,10.0,1,0.7222,1,33.65674999076873,0.7284,1,34.51354100252502
012920085,1292,4,BETTER,10.0,1,0.7283,1,37.51212501083501,0.7279,1,38.081916980445385
012920143,1292,4,AGAIN,10.0,1,0.7215,1,38.403208018280566,0.726,1,38.83570901234634
012920146,1292,6,VOTED,10.0,1,0.7296,1,39.105167001252994,0.7283,1,41.564749990357086
012920155,1292,4,COPY,10.0,1,0.7262,1,40.200416988227516,0.7272,1,39.16562499944121
012920158,1292,4,HERE,10.0,1,1.0,1,33.4062080073636,1.0,1,32.92004199465737
012920158,1292,5,AGAIN,10.0,1,0.3083,0,38.48225000547245,0.6617,1,36.37083401554264
012920214,1292,0,SOMETIMES,10.0,1,0.2759,0,37.18058398226276,0.2702,0,38.1907080009114
012920254,1292,0,LISTENING,10.0,1,0.7177,1,39.72375000012107,0.5921,1,37.9964169987943
012920254,1292,5,PUBLIC,10.0,1,0.698,1,41.00900000776164,0.7045,1,39.82579201692715
012920259,1292,0,ALSO,10.0,1,0.687,1,65.9543749934528,0.5684,1,40.30616700765677
012920259,1292,4,SPONSORS,10.0,1,0.7292,1,38.542458991287276,0.7303,1,38.370124995708466
012920268,1292,1,NEVER,10.0,1,0.727,1,36.51808301219717,0.7277,1,37.966332980431616
012920268,1292,6,GOING,10.0,1,0.7298,1,35.133833007421345,0.7299,1,34.93195798364468
012920268,1292,8,IMPACT,10.0,1,0.6656,1,36.03712498443201,0.6746,1,38.45804202137515
012920299,1292,0,AWARDED,10.0,1,0.5493,1,71.0600420134142,0.5482,1,46.16283398354426
012920299,1292,3,PICTURE,10.0,1,0.7301,1,38.34774999995716,0.7298,1,36.88150001107715
012920299,1292,6,YEAR,10.0,1,1.0,1,28.76858299714513,1.0,1,27.073375007603317
012920301,1292,0,SUMMER,10.0,1,0.729,1,37.64933400088921,0.7289,1,37.9887500021141
012920301,1292,2,BETTER,10.0,1,0.7282,1,36.07370800455101,0.7286,1,37.56929098744877
012920301,1292,4,WINTER,10.0,1,0.7301,1,50.482708000345156,0.7301,1,39.52883300371468
012920368,1292,4,COMPETITION,10.0,1,0.466,1,74.41416700021364,0.2621,0,61.770792002789676
012930008,1293,6,EXPLOSION,10.0,1,0.575,1,55.62404100783169,0.5749,1,44.75070899934508
012930012,1293,3,SUPPOSED,10.0,1,0.7257,1,35.620791983092204,0.7166,1,36.209166020853445
012930028,1293,5,COMPANY,10.0,1,0.351,0,44.9172499938868,0.2419,0,46.6764580050949
012930036,1293,1,OFFERED,10.0,1,0.6393,1,38.63704201648943,0.2822,0,38.90999997383915
012930037,1293,1,RESULT,10.0,1,0.6918,1,35.86362500209361,0.7231,1,38.16674998961389
012930037,1293,5,PRETTY,10.0,1,0.7289,1,39.964583003893495,0.7301,1,40.04362499108538
012930040,1293,0,ANYTHING,10.0,1,0.3239,0,66.91245798720047,0.5153,1,44.134208001196384
012930040,1293,1,OVER,10.0,1,0.729,1,38.42712499317713,0.7295,1,42.39991700160317
012930040,1293,5,BENEFIT,10.0,1,0.4596,1,43.839040998136625,0.4844,1,44.32645800989121
012930051,1293,1,SALUTE,10.0,1,0.2768,0,38.05412500514649,0.2721,0,37.89316600887105
012930079,1293,4,HOLIDAY,10.0,1,0.4484,1,45.30049997265451,0.3257,0,43.05562499212101
012930097,1293,4,PRESIDENT,10.0,1,0.3971,1,42.69341699546203,0.466,1,43.59195800498128
012930097,1293,6,INTEND,10.0,1,0.5686,1,34.871416981332004,0.4744,0,37.25337501964532
012930114,1293,1,MOTHER,10.0,1,0.7288,1,40.35904200281948,0.7278,1,37.93316599330865
012930114,1293,4,CRITICAL,10.0,1,0.4078,1,44.43604202242568,0.4365,1,44.1274170007091
012930114,1293,5,CONDITION,10.0,1,0.3635,0,56.77024999749847,0.4442,1,46.66079199523665
012930139,1293,3,ANY,10.0,1,0.727,1,34.55720798228867,0.728,1,36.29858398926444
012930139,1293,4,QUESTIONS,10.0,1,0.7283,1,34.379999997327104,0.7285,1,35.03999998793006
012930155,1293,5,CLEVER,10.0,1,0.7298,1,48.29958299524151,0.7299,1,36.20429098373279
012930195,1293,6,INTERESTS,10.0,1,0.2753,0,36.29841600195505,0.3004,0,56.07362498994917
012930225,1293,2,BEAUTIFUL,10.0,1,0.5584,1,45.034916984150186,0.5706,1,43.37633299292065
012930240,1293,7,WEEKEND,10.0,1,0.7093,1,35.9044159995392,0.6326,1,35.522791993571445
012930261,1293,0,TOGETHER,10.0,1,0.4432,1,44.96366699459031,0.5681,1,45.601499994518235
012930261,1293,5,CURE,10.0,1,1.0,1,25.736167008290067,1.0,1,27.98958300263621
012930266,1293,0,FREEDOM,10.0,1,0.7293,1,36.11491699120961,0.7292,1,36.384166014613584
012930266,1293,4,CONCEPT,10.0,1,0.7229,1,38.056666002376005,0.7289,1,38.14720798982307
013340007,1334,5,HIMSELF,10.0,1,0.2738,0,34.16170799755491,0.2733,0,34.98804199625738
013340034,1334,0,SOMETHING,10.0,1,0.7301,1,34.569665993331,0.7301,1,34.127207996789366
013340046,1334,5,DRAMA,10.0,1,0.7299,1,57.23629199201241,0.7301,1,37.9590829834342
013340137,1334,0,BECAUSE,10.0,1,0.2795,0,36.13654201035388,0.6725,1,35.48674998455681
013340137,1334,2,WANTED,10.0,1,0.7302,1,38.06279101991095,0.7302,1,37.46799999498762
013340204,1334,5,DESPAIR,10.0,1,0.2897,0,35.33470898400992,0.6571,1,36.36604201165028
013340217,1334,6,UNDERSTANDING,10.0,1,0.3343,1,52.869875013129786,0.2683,0,55.36441699950956
013340243,1334,7,MYSELF,10.0,1,0.3689,0,37.310291023459285,0.3264,0,38.120957993669435
013340255,1334,2,GOING,10.0,1,0.7295,1,38.81379100494087,0.7289,1,37.03375000623055
013340255,1334,6,BUSY,10.0,1,0.7284,1,38.50620798766613,0.7282,1,39.36387499561533
013340255,1334,7,EVENING,10.0,1,0.4296,0,36.07337499852292,0.713,1,42.25649998988956
013340259,1334,3,ONLY,10.0,1,0.7299,1,39.04166701249778,0.7298,1,37.43254198343493
013340297,1334,0,BECAUSE,10.0,1,0.2825,0,38.42608301783912,0.2942,0,37.34937502304092
013340345,1334,3,SHOULDER,10.0,1,0.7301,1,42.3422500025481,0.7301,1,39.47850002441555
013340375,1334,4,ANYONE,10.0,1,0.5695,1,47.60204200283624,0.5674,1,49.761083006160334
013340378,1334,2,WANTED,10.0,1,0.7281,1,36.61787498276681,0.7301,1,37.95595798874274
014040005,1404,1,TURKEY,10.0,1,0.7246,1,46.356583974557,0.7228,1,48.96612500306219
014040027,1404,2,CANADA,10.0,1,0.4767,1,96.59762500086799,0.4941,1,49.77245899499394
014040052,1404,0,JAYME,5.0,0,0.7228,1,41.22141600237228,0.7291,1,34.08212499925867
014040052,1404,3,BIKING,5.0,0,0.7217,1,37.41470800014213,0.7105,1,45.94974999781698
014040081,1404,1,DORA'S,5.0,0,0.7278,1,39.08087499439716,0.7244,1,36.497749999398366
014040081,1404,2,SHOULDER,5.0,0,0.7272,1,54.55108400201425,0.7275,1,37.2662500012666
014040088,1404,0,HERE,5.0,0,1.0,1,65.89145798352547,1.0,1,29.00620800210163
014040088,1404,2,PETER'S,5.0,0,0.7173,1,36.05583400349133,0.7109,1,38.49420900223777
014040089,1404,0,HERE,5.0,0,1.0,1,65.44616699102335,1.0,1,26.974709006026387
014040090,1404,0,HERE,5.0,0,1.0,1,106.63066699635237,1.0,1,26.213499979348853
014040090,1404,2,MARY'S,5.0,0,0.7252,1,34.70370901050046,0.7223,1,38.244666007813066
014040096,1404,3,SUNGLASSES,5.0,0,0.4236,1,52.24120800266974,0.44,1,61.238624999532476
014040097,1404,2,LOVELY,10.0,1,0.7303,1,38.126458995975554,0.7296,1,43.219000013777986
014040097,1404,3,SHINY,5.0,0,0.7287,1,36.05366701958701,0.7298,1,65.13537501450628
014040097,1404,4,UNDERGROUND,5.0,0,0.2387,0,90.05637498921715,0.5287,1,48.011041013523936
014040109,1404,0,CASEY,10.0,1,0.7288,1,45.38891700212844,0.7275,1,40.242290997412056
014040111,1404,2,WALKING,10.0,1,0.445,0,36.99637501267716,0.5568,1,37.07033398677595
014040111,1404,4,SCIENCE,10.0,1,0.7272,1,37.33949997695163,0.7262,1,40.15625000465661
014040111,1404,5,MUSEUM,10.0,1,0.3532,0,60.89891699957661,0.2286,0,61.64775000070222
014040122,1404,5,CUCUMBER,5.0,0,0.4107,1,92.45379199273884,0.5291,1,44.79441698640585
014040145,1404,0,SANDY,10.0,1,0.7241,1,46.185833984054625,0.7299,1,47.59679100243375
014040145,1404,3,ENGLISH,10.0,1,0.6596,1,39.60200000437908,0.62,1,40.47462501330301
014040148,1404,3,FAMOUS,5.0,0,0.722,1,34.96987497783266,0.7214,1,40.15233300742693
014040148,1404,4,CITY,5.0,0,0.7221,1,34.87166701233946,0.4735,0,35.290875006467104
014040148,1404,5,SYDNEY,5.0,0,0.7276,1,56.79920897819102,0.7222,1,38.973874994553626
014040152,1404,3,HAPPY,10.0,1,0.7288,1,39.3349579826463,0.7287,1,42.25683299591765
014040155,1404,2,BROTHER'S,10.0,1,0.7299,1,47.25475001032464,0.7299,1,47.45616699801758
014080008,1408,2,SOMETHING,10.0,1,0.7294,1,36.95216600317508,0.7298,1,36.88854200299829
014080008,1408,3,VERY,10.0,1,0.7288,1,36.022040992975235,0.7288,1,35.815499984892085
014080008,1408,4,DIFFERENT,10.0,1,0.6919,1,36.243915994418785,0.3039,0,37.53054200205952
014080073,1408,2,DRIVING,10.0,1,0.728,1,37.074249994475394,0.727,1,36.772541992831975
014080103,1408,3,AGO,10.0,1,0.3923,0,39.65575000620447,0.3161,0,41.86624998692423
014080117,1408,5,WINDOW,10.0,1,0.7222,1,35.923165996791795,0.7184,1,36.640790989622474
014080243,1408,1,READY,10.0,1,0.7281,1,37.698208005167544,0.7282,1,39.43837500992231
014080270,1408,3,GOING,10.0,1,0.7296,1,37.36033398308791,0.7294,1,38.75791700556874
014080279,1408,0,HAPPY,10.0,1,0.7242,1,37.54266700707376,0.7286,1,37.984499998856336
014080279,1408,1,SUNDAY,10.0,1,0.7217,1,40.96825001761317,0.6847,1,41.58916600863449
014080333,1408,4,RETURN,10.0,1,0.5095,1,37.522291007917374,0.3074,0,35.472916992148384
014080336,1408,5,BROKEN,10.0,1,0.7295,1,41.188000002875924,0.7274,1,38.845458009745926
014080337,1408,2,ALMOST,10.0,1,0.2708,0,37.864666985115036,0.2736,0,35.89724999619648
014080358,1408,2,MYSELF,10.0,1,0.2796,0,37.90274998755194,0.2784,0,37.47141599887982
014080358,1408,7,HAPPINESS,10.0,1,0.4102,1,51.73799998010509,0.5606,1,55.917374993441626
014080361,1408,5,WRITING,10.0,1,0.7174,1,38.09925002860837,0.7186,1,38.875582977198064
014080362,1408,2,SOMETHING,10.0,1,0.7297,1,40.899874991737306,0.7295,1,42.073958000401035
014080362,1408,5,POCKET,10.0,1,0.7187,1,58.541250007692724,0.725,1,43.590875022346154
014200011,1420,1,EXPECT,10.0,1,0.6667,1,34.95124998153187,0.6429,1,35.85904199280776
014200060,1420,4,FAULTED,10.0,1,0.7298,1,36.92474999115802,0.7297,1,36.071249982342124
014200076,1420,1,ONLY,10.0,1,0.7294,1,35.4031250171829,0.7293,1,34.264457994140685
014200087,1420,1,DEFENDANTS,10.0,1,0.5334,1,48.42070801532827,0.499,1,50.58695800835267
014200087,1420,2,ALSO,10.0,1,0.5048,1,40.83554199314676,0.7021,1,37.51924997777678
014200087,1420,8,STATEMENT,10.0,1,0.7296,1,35.876791982445866,0.7297,1,38.81945801549591
014200124,1420,0,TALKING,10.0,1,0.7266,1,41.27225000411272,0.7275,1,40.65245800302364
014200124,1420,4,PROBLEM,10.0,1,0.6925,1,41.53791701537557,0.7211,1,41.759333020308986
014200161,1420,1,ABOUT,10.0,1,0.7295,1,30.49449998070486,0.7292,1,35.52837501047179
014200161,1420,7,MIRROR,10.0,1,0.7279,1,54.912665975280106,0.7288,1,44.438375014578924
014200177,1420,5,PROBLEM,10.0,1,0.7126,1,40.446250000968575,0.723,1,42.798666981980205
014200206,1420,3,BEAUTIFUL,10.0,1,0.5218,1,51.390042004641145,0.567,1,51.48654099320993
014200295,1420,0,AFTER,10.0,1,0.6924,1,61.16308399941772,0.7253,1,40.9123329736758
014200295,1420,3,SURE,10.0,1,1.0,1,29.088999988744035,1.0,1,38.360999984433874
014200296,1420,2,PLENTY,10.0,1,0.7303,1,37.91808401001617,0.7302,1,39.06133401324041
014200339,1420,4,MATTER,10.0,1,0.7285,1,39.326999976765364,0.7286,1,40.44633300509304
014200342,1420,2,EVERYONE,10.0,1,0.5391,1,49.06783299520612,0.5594,1,49.29195900331251
014200353,1420,2,OVER,10.0,1,0.7294,1,41.46100001526065,0.7292,1,45.308000000659376
014200353,1420,5,SHOULDER,10.0,1,0.7293,1,38.44795800978318,0.7293,1,36.353500006953254
014220003,1422,0,MARY,10.0,1,0.7196,1,67.30116700055078,0.729,1,42.07137497724034
014220003,1422,2,GOING,10.0,1,0.7291,1,60.88629100122489,0.7291,1,63.23441700078547
014220021,1422,0,DORA,10.0,1,0.7223,1,42.11366700474173,0.7277,1,35.131540993461385
014220044,1422,2,ZERO,10.0,1,0.7254,1,45.617957977810875,0.728,1,43.66150000714697
014220048,1422,0,TINA,10.0,1,0.7257,1,40.198458009399474,0.7277,1,46.944874979089946
014220048,1422,3,VERY,10.0,1,0.729,1,39.53737500705756,0.7283,1,39.295374997891486
014220048,1422,6,GYMNASTICS,10.0,1,0.326,0,85.12387500377372,0.3409,0,50.20366600365378
014220058,1422,1,JAYME,10.0,1,0.7289,1,40.88141699321568,0.7287,1,47.825624991673976
014220066,1422,0,DORA,10.0,1,0.7281,1,48.224750004010275,0.7199,1,36.16066699032672
014220081,1422,2,LUCY'S,5.0,0,0.6191,1,40.57625000132248,0.6316,1,42.79212499386631
014220142,1422,0,ANDY,10.0,1,0.7285,1,84.78112501325086,0.7281,1,56.292249995749444
014220142,1422,5,POLICE,10.0,1,0.2768,0,41.041415999643505,0.3069,0,47.09920901223086
014650011,1465,0,HANDY,10.0,1,0.7297,1,41.96170801878907,0.7303,1,45.93579197535291
014650011,1465,4,TURKEY,10.0,1,0.7153,1,72.61624999227934,0.7242,1,50.2491669903975
014650023,1465,0,CATHY,10.0,1,0.7264,1,52.80358300660737,0.7285,1,50.17179099377245
014650037,1465,3,ZERO,10.0,1,0.7068,1,70.62020801822655,0.712,1,45.684499986236915
014650038,1465,3,ZERO,10.0,1,0.6894,1,69.273291999707,0.7057,1,43.409750011051074
014650043,1465,1,ZERO,10.0,1,0.7128,1,39.47683301521465,0.6937,1,40.62208402319811
014650047,1465,2,ZERO,10.0,1,0.7281,1,41.361624986166134,0.7139,1,39.68904199427925
014650058,1465,0,SANDY,10.0,1,0.7302,1,40.925542009063065,0.7302,1,46.96462498395704
014650063,1465,0,LINDA,10.0,1,0.7296,1,41.05400000116788,0.7301,1,48.51170798065141
014650085,1465,0,MARY,10.0,1,0.7199,1,61.79829200846143,0.7286,1,46.916124993003905
014650085,1465,2,YOUR,10.0,1,1.0,1,26.366041012806818,1.0,1,28.058791998773813
014650088,1465,2,YOUR,10.0,1,1.0,1,26.680999988457188,1.0,1,26.471041986951604
014650113,1465,1,TEDDY,10.0,1,0.7283,1,47.872957977233455,0.7291,1,44.16112499893643
014650125,1465,0,BILLY,10.0,1,0.7289,1,43.270791007671505,0.7285,1,44.316790997982025
014650164,1465,3,BEAUTIFUL,10.0,1,0.4826,1,68.81500000599772,0.5539,1,53.922792023513466
014690004,1469,2,AWAY,10.0,1,0.6755,1,42.03824998694472,0.6941,1,43.56966700288467
014690006,1469,0,JAYME,10.0,1,0.7292,1,51.51691701030359,0.7275,1,56.21883299318142
014690006,1469,2,GOING,10.0,1,0.73,1,35.03541700774804,0.7297,1,35.35337498760782
014690020,1469,1,DORA,10.0,1,0.7288,1,48.16249999566935,0.7288,1,43.338291987311095
014690048,1469,0,TINA,10.0,1,0.7278,1,39.979916997253895,0.7292,1,41.67945799417794
014690048,1469,3,VERY,10.0,1,0.7292,1,39.600250020157546,0.728,1,39.33420797693543
014690048,1469,6,RUGBY,10.0,1,0.7298,1,67.83174999873154,0.7304,1,42.49091699603014
014690067,1469,0,MANDY,10.0,1,0.7293,1,44.09499999019317,0.7303,1,49.51333298231475
014690074,1469,0,LUCY,10.0,1,0.7292,1,39.2750829923898,0.7294,1,37.8932080056984
014690082,1469,4,SWEATER,10.0,1,0.7293,1,67.78866602689959,0.73,1,48.273749998770654
014690110,1469,3,INTO,10.0,1,0.516,1,48.56208301498555,0.5915,1,44.13891697186045
014690110,1469,5,CLASSROOM,10.0,1,0.7252,1,52.86662501748651,0.7216,1,47.80641701654531
014690113,1469,3,INTO,10.0,1,0.7288,1,41.384957992704585,0.7208,1,42.16383400489576
014690113,1469,5,LIVING,10.0,1,0.6942,1,35.13529201154597,0.7091,1,35.68533400539309
014690125,1469,3,CARROT,10.0,1,0.7192,1,42.5252920249477,0.7178,1,35.16879101516679
014690136,1469,0,JAYME,10.0,1,0.7295,1,46.67825001524761,0.728,1,50.71887499070726
014690136,1469,3,GARLIC,10.0,1,0.7188,1,43.61799999605864,0.73,1,42.40350000327453
014690144,1469,0,BILLY,10.0,1,0.7276,1,36.96666698670015,0.7291,1,35.341834009159356
014690144,1469,4,OCTOBER,10.0,1,0.5708,1,59.99612499726936,0.5724,1,50.080499990144745
015010004,1501,0,LILLY,10.0,1,0.7284,1,40.96208297414705,0.7287,1,41.60262501682155
015010004,1501,2,GOING,10.0,1,0.6961,1,35.672666010214016,0.7289,1,35.103000001981854
015010004,1501,5,MONKEY,10.0,1,0.7297,1,65.62633300200105,0.7303,1,38.275750004686415
015010014,1501,2,GOING,10.0,1,0.7294,1,36.509708006633446,0.729,1,35.73279199190438
015010014,1501,5,TIGER,10.0,1,0.7271,1,60.581083002034575,0.7279,1,52.134917001239955
015010033,1501,1,ZERO,10.0,1,0.6595,1,38.80941600073129,0.7188,1,36.69670899398625
015010094,1501,4,SWEATER,10.0,1,0.7284,1,68.71625001076609,0.7295,1,38.34316701977514
015010097,1501,0,TEDDY,10.0,1,0.7235,1,41.780500003369525,0.7286,1,38.96570799406618
015010103,1501,0,ALICE,10.0,1,0.6827,1,63.211790984496474,0.5808,1,35.58962501119822
015010137,1501,0,JAYME,10.0,1,0.7293,1,40.85220900014974,0.7275,1,43.08120900532231
015010137,1501,2,DRAWING,10.0,1,0.7288,1,36.48270899429917,0.7295,1,40.23008397780359
015010137,1501,4,POTATO,10.0,1,0.5693,1,74.07270799740218,0.5612,1,59.57933398894966
015010145,1501,0,TINA,5.0,0,0.7273,1,37.368666991824284,0.7291,1,40.72966700186953
015010145,1501,3,ENGLISH,10.0,1,0.6711,1,35.577917005866766,0.6626,1,36.75216599367559
015010156,1501,3,HERE,10.0,1,1.0,1,46.20849998900667,1.0,1,30.728875019121915
015010169,1501,5,DOING,10.0,1,0.7199,1,36.96108399890363,0.7274,1,37.92229198734276
015020007,1502,1,TEDDY,10.0,1,0.7289,1,43.21895798784681,0.7291,1,45.418374997098
015020010,1502,0,PETER,10.0,1,0.729,1,41.65712499525398,0.729,1,40.79683302552439
015020010,1502,4,WETTER,10.0,1,0.7225,1,61.23712501721457,0.7256,1,38.10895900824107
015020012,1502,1,BETTY,10.0,1,0.7288,1,39.70558298169635,0.7273,1,39.736000006087124
015020017,1502,0,DORA,10.0,1,0.7292,1,39.46895798435435,0.7289,1,39.163208013633266
015020022,1502,0,BILLY,5.0,0,0.7267,1,44.5030830160249,0.7277,1,53.27729199780151
015020022,1502,3,JAPAN,10.0,1,0.2793,0,41.94708398426883,0.3016,0,37.72591700544581
015020061,1502,0,BETTY,10.0,1,0.7281,1,41.28000000491738,0.7284,1,38.814415980596095
015020061,1502,4,HAMBURGER,10.0,1,0.4322,1,58.82337500224821,0.4617,1,46.65583299356513
015020065,1502,0,JAYME,10.0,1,0.7295,1,36.09379197587259,0.7226,1,35.85654200287536
015020065,1502,3,HAMBURGER,10.0,1,0.448,1,60.41629199171439,0.5197,1,42.71729200263508
015020088,1502,0,BETTY,10.0,1,0.729,1,38.06937497574836,0.7285,1,37.09512500790879
015020088,1502,3,BEAUTIFUL,10.0,1,0.4865,1,48.07716599316336,0.4634,1,44.855832995381206
015020101,1502,0,DAVID,10.0,1,0.7173,1,54.13729199790396,0.728,1,43.23341598501429
015020113,1502,3,INTO,10.0,1,0.7275,1,37.801707978360355,0.7242,1,35.531415982404724
015020113,1502,5,COUNTRY,10.0,1,0.7295,1,60.13558400445618,0.73,1,42.89070900995284
015020126,1502,0,ANDY,10.0,1,0.7284,1,68.5263329942245,0.7269,1,39.61187499226071
015020126,1502,2,CANBERRA,10.0,1,0.2735,0,71.31533301435411,0.215,0,45.174416998634115
015020136,1502,0,JAYME,10.0,1,0.7283,1,37.39091599709354,0.7293,1,36.22929099947214
015020136,1502,3,EGGPLANT,10.0,1,0.5123,1,45.20087499986403,0.6625,1,41.30329200415872
015020161,1502,8,MORNING,10.0,1,0.7293,1,40.8919170149602,0.7301,1,41.86762499739416
015020162,1502,1,OPENED,10.0,1,0.7098,1,38.37395898881368,0.6954,1,38.89733299729414
015030001,1503,5,ORANGE,10.0,1,0.4231,0,37.149042007513344,0.4269,0,42.27662499761209
015030015,1503,1,SANDY,10.0,1,0.7303,1,39.53133398317732,0.7303,1,36.57629099325277
015030015,1503,6,SUPER,10.0,1,0.7279,1,43.72787501779385,0.727,1,49.44166599307209
015030027,1503,0,LUCY,10.0,1,0.7287,1,42.12287499103695,0.7286,1,40.6571660132613
015030027,1503,5,CANADA,5.0,0,0.2468,0,66.09450001269579,0.3356,0,51.32087497622706
015030106,1503,0,HENNY,10.0,1,0.7295,1,38.85908302618191,0.7293,1,38.545999996131286
015030106,1503,4,CINEMA,10.0,1,0.4896,1,68.97916700108908,0.4735,1,50.478082994231954
015030109,1503,1,SANDY,10.0,1,0.7303,1,39.22170799341984,0.7303,1,38.600250001763925
015030115,1503,2,WALKING,10.0,1,0.7248,1,36.17108298931271,0.7265,1,38.31974999047816
015030115,1503,4,COMPUTER,10.0,1,0.5508,1,47.45250000269152,0.3379,0,50.4351670097094
015030133,1503,2,PUMPKIN,10.0,1,0.73,1,38.453874993138015,0.7302,1,36.85637499438599
015030142,1503,0,BETTER,10.0,1,0.7296,1,36.243333015590906,0.7284,1,39.01637499802746
015030150,1503,3,HERE,10.0,1,1.0,1,48.34799998207018,1.0,1,32.640290999552235
020020032,2002,3,RETURN,10.0,1,0.3034,0,39.13283298606984,0.3364,0,39.53158299555071
020020032,2002,6,CLASSROOM,10.0,1,0.7301,1,40.52954199141823,0.7302,1,42.023332993267104
020020108,2002,2,DIFFERENT,10.0,1,0.7067,1,36.54308299883269,0.7053,1,36.12008300842717
020020108,2002,3,OPINIONS,10.0,1,0.5582,1,44.664832996204495,0.3453,0,47.43808298371732
020020108,2002,6,OTHERS,10.0,1,0.5427,1,40.9828340052627,0.5519,1,42.02891598106362
020020181,2002,5,COMPLICATED,10.0,1,0.2328,0,63.69316700147465,0.1899,0,68.09758301824331
020020181,2002,6,ANSWER,10.0,1,0.726,1,51.16491700755432,0.7292,1,41.06966601102613
020020185,2002,5,INTERESTING,10.0,1,0.2308,0,44.876125000882894,0.2243,0,44.79262500535697
020020208,2002,2,COUNTRY,10.0,1,0.7303,1,36.79687500698492,0.7302,1,37.34087501652539
020020220,2002,1,ALARM,10.0,1,0.6947,1,37.07770898472518,0.7269,1,26.61237501888536
020020220,2002,5,ANSWER,10.0,1,0.7084,1,54.97691698838025,0.7234,1,41.425125004025176
020020285,2002,7,PROJECT,10.0,1,0.2715,0,38.5442920087371,0.2716,0,38.15287500037812
020020295,2002,8,MONEY,10.0,1,0.7276,1,67.35108298016712,0.7287,1,50.955083017470315
020020303,2002,0,OVERALL,10.0,1,0.3124,0,72.56520900409669,0.3357,0,55.60408299788833
020020357,2002,5,PERHAPS,10.0,1,0.3075,0,37.90516601293348,0.2872,0,38.432707980973646
020070039,2007,2,ZERO,10.0,1,0.5991,1,42.11199999554083,0.3411,0,39.92858302081004
020070050,2007,3,ZERO,10.0,1,0.6433,1,56.12824999843724,0.7275,1,40.50179201294668
020070066,2007,0,DAVID,10.0,1,0.7247,1,48.56454097898677,0.7236,1,39.11462501855567
020070070,2007,0,SANDY,10.0,1,0.7302,1,39.562375022796914,0.7302,1,41.59237499698065
020070070,2007,3,SWEATER,10.0,1,0.7297,1,55.864374997327104,0.7299,1,41.676249995362014
020070081,2007,1,DORA,10.0,1,0.7289,1,45.41766599868424,0.7287,1,41.45579197211191
020070081,2007,3,INTO,10.0,1,0.7271,1,43.047625018516555,0.7242,1,42.98912498052232
020070083,2007,0,MANDY,10.0,1,0.7301,1,40.267542004585266,0.7304,1,42.841290996875614
020070083,2007,2,WALKING,10.0,1,0.7273,1,36.32549999747425,0.7238,1,38.24279201216996
020070086,2007,4,BATHROOM,10.0,1,0.7254,1,39.60145800374448,0.7259,1,41.222750005545095
020070091,2007,1,SANDY,10.0,1,0.73,1,48.48408300313167,0.7301,1,43.68337499909103
020070091,2007,5,PLAYGROUND,10.0,1,0.7161,1,40.89641699101776,0.7161,1,44.46299999835901
020070095,2007,5,COMPANY,10.0,1,0.5269,1,62.14516598265618,0.5731,1,52.11745901033282
020070132,2007,4,FLOWERS,10.0,1,0.2851,0,44.018541026161984,0.7281,1,43.90008401242085
020070165,2007,6,HERE,10.0,1,1.0,1,47.2116669989191,1.0,1,35.26595901348628
020140004,2014,0,JAYME,10.0,1,0.7294,1,41.64254100760445,0.7268,1,41.01362498477101
020140014,2014,0,MARY,10.0,1,0.7118,1,59.633791010128334,0.7285,1,42.90562498499639
020140028,2014,1,ZERO,10.0,1,0.6296,1,39.773541007889435,0.6014,1,42.81616699881852
020140032,2014,2,ZERO,10.0,1,0.5302,1,43.501875014044344,0.4278,0,42.14033400057815
020140045,2014,3,ZERO,10.0,1,0.7275,1,61.48049997864291,0.6522,1,45.765832997858524
020140048,2014,0,ZERO,10.0,1,0.7105,1,39.25050000543706,0.6717,1,41.18945897789672
020140048,2014,2,ZERO,10.0,1,0.7152,1,39.77758399560116,0.6476,1,38.244916999246925
020140059,2014,0,ANDY,10.0,1,0.7283,1,64.02383299428038,0.7244,1,35.759582999162376
020140059,2014,4,ANGRY,10.0,1,0.483,0,52.6663750060834,0.6944,1,39.529375004349276
020140074,2014,0,HENNY,10.0,1,0.7282,1,40.2336249826476,0.7267,1,40.045458008535206
020140083,2014,3,INTO,10.0,1,0.7216,1,41.07029197621159,0.7137,1,48.09416699572466
020140087,2014,5,LIBRARY,10.0,1,0.498,1,74.86320799216628,0.5203,1,54.411416000220925
020140096,2014,1,SEVENTEEN,10.0,1,0.4256,0,102.86933300085366,0.4384,0,107.47850002371706
020140096,2014,3,INTO,10.0,1,0.7099,1,41.69912499492057,0.7164,1,45.494999998481944
020140096,2014,6,OFFICE,10.0,1,0.6816,1,50.653332989895716,0.7115,1,39.979541004868224
020140099,2014,3,INTO,10.0,1,0.5571,1,50.14112498611212,0.3741,0,45.985667005879804
020140114,2014,3,LATER,10.0,1,0.709,1,37.99762501148507,0.7282,1,37.67583298031241
020140117,2014,0,DANIEL,10.0,1,0.705,1,36.66120898560621,0.7019,1,36.777041997993365
020140117,2014,2,MILKING,10.0,1,0.7296,1,37.668249977286905,0.7297,1,37.92137501295656
020140133,2014,2,BEGIN,10.0,1,0.3077,0,36.253291997127235,0.3053,0,39.51912498450838
020140133,2014,3,SITTING,10.0,1,0.7233,1,39.29120799875818,0.7246,1,38.99970799102448
020160042,2016,4,EASY,10.0,1,0.7278,1,38.24633301701397,0.7283,1,43.13916701357812
020160042,2016,6,ACHIEVE,10.0,1,0.3175,0,41.08616700978018,0.3148,0,40.207916987128556
020160068,2016,4,CONCERNED,10.0,1,0.2715,0,35.89720799936913,0.2767,0,37.3823749832809
020160068,2016,5,ABOUT,10.0,1,0.7293,1,38.02166698733345,0.7289,1,40.127749991370365
020160068,2016,6,ORGANIZED,10.0,1,0.5584,1,53.23099999804981,0.3481,0,51.02041698410176
020160068,2016,7,WORKERS,10.0,1,0.7172,1,39.833333023125306,0.7173,1,47.19637500238605
020160093,2016,2,CONCERNED,10.0,1,0.2714,0,39.29558300296776,0.2705,0,39.095040992833674
020160093,2016,3,ABOUT,10.0,1,0.7286,1,38.64595899358392,0.7251,1,38.669041998218745
020160093,2016,6,FREEDOM,10.0,1,0.7289,1,38.413832982769236,0.7294,1,37.906541023403406
020160128,2016,2,SOMEONE,10.0,1,0.7301,1,38.049249997129664,0.7301,1,39.5215839962475
020160131,2016,6,OFFICE,10.0,1,0.6123,1,41.24245900311507,0.6677,1,40.04983400227502
020160132,2016,0,HAPPY,10.0,1,0.7284,1,37.846458988497034,0.7284,1,34.65149999829009
020160132,2016,6,CELEBRATE,10.0,1,0.5234,1,45.65679200459272,0.5675,1,46.5881249983795
020160151,2016,0,BEING,10.0,1,0.7281,1,36.18266599369235,0.709,1,39.34629200375639
020160151,2016,5,AGAIN,10.0,1,0.7276,1,36.03758299141191,0.7283,1,38.47829200094566
020160151,2016,7,PERFECT,10.0,1,0.7137,1,38.00883301300928,0.7055,1,35.86254199035466
020160171,2016,0,WONDER,10.0,1,0.7302,1,36.99304201290943,0.7303,1,36.06816698447801
020160171,2016,2,ANYONE,10.0,1,0.5653,1,47.26258301525377,0.564,1,44.29191700182855
020160178,2016,5,REMOVE,10.0,1,0.3453,0,35.6242079869844,0.3435,0,36.02808402501978
020160245,2016,5,REMEMBER,10.0,1,0.3378,0,43.361834017559886,0.3377,0,43.635624984744936
020160245,2016,6,ABOUT,10.0,1,0.7283,1,35.76050000265241,0.7284,1,37.01358399121091
020160245,2016,7,TODAY,10.0,1,0.2728,0,71.9821660022717,0.5153,1,47.4198330193758
020160264,2016,3,TODAY,10.0,1,0.2761,0,69.63275000452995,0.6956,1,41.14675000892021
020160318,2016,1,UNDER,10.0,1,0.7291,1,36.666959000285715,0.729,1,37.18270899844356
020160335,2016,5,VERY,10.0,1,0.7292,1,36.80899998289533,0.7291,1,37.1127910038922
020160344,2016,4,ESCAPE,10.0,1,0.7302,1,41.87708301469684,0.7282,1,39.56520798965357
020160347,2016,5,GOING,10.0,1,0.7287,1,36.09241699450649,0.729,1,36.84549999888986
020160371,2016,8,MYSELF,10.0,1,0.4231,0,40.92745800153352,0.2853,0,41.10208401107229
020270005,2027,4,ZEBRA,10.0,1,0.7256,1,64.43058300646953,0.6599,1,52.2374169959221
020270020,2027,0,JAYME,10.0,1,0.7297,1,45.457832980901,0.7278,1,45.596083014970645
020270077,2027,2,WALKING,10.0,1,0.7151,1,38.62712500267662,0.721,1,40.457458002492785
020270087,2027,0,MANDY,10.0,1,0.7299,1,44.85283300164156,0.7303,1,50.421041989466175
020270087,2027,2,WALKING,10.0,1,0.6993,1,38.8345830142498,0.7249,1,38.32162500475533
020270108,2027,0,DADDY,10.0,1,0.7289,1,48.78891599946655,0.7267,1,60.37024999386631
020270108,2027,5,TOBOGGAN,10.0,1,0.5159,1,51.52041697874665,0.5259,1,52.13304201606661
020270142,2027,7,SISTER,10.0,1,0.7273,1,59.55895798979327,0.729,1,42.53379101282917
020270146,2027,3,FOOTBALL,10.0,1,0.7286,1,37.35020902240649,0.726,1,45.451584010152146
020270146,2027,4,AFTER,10.0,1,0.7238,1,40.75070802355185,0.7267,1,38.467499980470166
020270167,2027,3,BEGIN,10.0,1,0.2813,0,37.27262499160133,0.2786,0,38.942582992604
020270171,2027,4,SURE,10.0,1,1.0,1,28.782540990505368,1.0,1,30.14275000896305
020300005,2030,0,ANDY,10.0,1,0.682,1,62.679208000190556,0.7219,1,43.27808300149627
020300012,2030,0,DAVID,10.0,1,0.7052,1,54.727750015445054,0.7292,1,46.85783397872001
020300012,2030,4,LION,10.0,1,0.7301,1,42.0361669966951,0.7298,1,42.17379100737162
020300017,2030,0,TINA,10.0,1,0.7288,1,42.13933300343342,0.729,1,41.610749991377816
020300020,2030,0,LILLY,10.0,1,0.7141,1,53.352749993791804,0.7177,1,70.13291600742377
020300020,2030,2,GOING,10.0,1,0.73,1,49.18791601085104,0.7299,1,48.7039590079803
020300020,2030,5,TIGER,10.0,1,0.7295,1,64.89924999186769,0.7295,1,40.52425001282245
020300044,2030,0,ZERO,10.0,1,0.7083,1,39.920249982969835,0.7287,1,40.39616699446924
020300056,2030,0,BILLY,10.0,1,0.7278,1,41.54804101563059,0.7253,1,48.96074999123812
020300057,2030,0,BILLY,10.0,1,0.7276,1,45.937375020002946,0.7254,1,49.39362499862909
020300059,2030,3,RAINCOAT,10.0,1,0.3279,0,47.67770800390281,0.279,0,50.24554199189879
020300065,2030,0,LUCY,10.0,1,0.7271,1,46.50275001768023,0.7283,1,68.63487500231713
020300065,2030,3,RAINCOAT,10.0,1,0.3264,0,43.88025001389906,0.376,0,41.066625009989366
020300083,2030,0,PETER,10.0,1,0.7276,1,42.93158298241906,0.7285,1,44.370290997903794
020300083,2030,2,WALKING,10.0,1,0.7227,1,40.3874579933472,0.7253,1,41.20766700361855
020300083,2030,4,NATURE,10.0,1,0.7284,1,56.26483299420215,0.7301,1,40.20441698958166
020300097,2030,4,COUNTRY,10.0,1,0.7249,1,61.58420900464989,0.7302,1,44.59712500101887
020300121,2030,3,NOSES,10.0,1,0.7288,1,48.229292005999014,0.7293,1,52.469125017523766
020300173,2030,1,MANY,10.0,1,0.7285,1,52.87541699362919,0.7288,1,51.503124996088445
020310075,2031,0,HERE,10.0,1,1.0,1,43.4694169962313,1.0,1,29.70079198712483
020310075,2031,3,SUMMARY,10.0,1,0.5676,1,47.88554197875783,0.5714,1,46.11258301883936
020310075,2031,6,MAJOR,10.0,1,0.7302,1,40.889249998144805,0.7302,1,45.35437500453554
020310075,2031,7,PROVISIONS,10.0,1,0.3584,0,68.82520799990743,0.5148,1,57.910417002858594
020310085,2031,2,PROBABLY,10.0,1,0.5449,1,50.614708015928045,0.5673,1,49.010416987584904
020310112,2031,0,COACHES,10.0,1,0.723,1,40.356709010666236,0.6544,1,40.01725002308376
020310114,2031,2,MARRIED,10.0,1,0.7282,1,40.6187089974992,0.7282,1,40.305000002263114
020310133,2031,5,ALONE,10.0,1,0.7237,1,41.171374992700294,0.7191,1,37.29358300915919
020310141,2031,0,ANYTHING,10.0,1,0.4711,1,67.36012498731725,0.5664,1,44.583290989976376
020310148,2031,0,DOING,10.0,1,0.7228,1,34.935624978970736,0.7288,1,36.319500009994954
020310148,2031,1,BETTER,10.0,1,0.7292,1,35.68158400594257,0.7286,1,36.30504198372364
020310151,2031,0,BLESSINGS,10.0,1,0.7296,1,37.898290989687666,0.7235,1,40.43995900428854
020310154,2031,3,MANY,10.0,1,0.7287,1,39.51491697807796,0.7289,1,41.70891601825133
020310174,2031,4,WORKING,10.0,1,0.7266,1,34.80054100509733,0.7255,1,35.70054197916761
020310219,2031,1,LOOKING,10.0,1,0.5061,1,34.48704199399799,0.7085,1,33.993624994764104
020310273,2031,7,CLEARLY,10.0,1,0.7304,1,42.605208000168204,0.7304,1,47.47333301929757
020310281,2031,0,GOING,10.0,1,0.7296,1,35.73800000594929,0.7293,1,34.80699998908676
020310295,2031,2,HAPPENED,10.0,1,0.7253,1,36.50016599567607,0.7266,1,36.63116702227853
020310295,2031,5,PARTY,10.0,1,0.7304,1,37.01937501318753,0.7303,1,35.74345802189782
020310322,2031,2,MYSELF,10.0,1,0.2746,0,37.62029099743813,0.3086,0,40.35175000899471
020310322,2031,4,DARKNESS,10.0,1,0.7296,1,39.493749995017424,0.7302,1,36.820749985054135
021120025,2112,4,PROBLEM,10.0,1,0.7129,1,40.674249990843236,0.706,1,40.1688750134781
021120059,2112,2,OUR,10.0,1,0.7299,1,37.96441698796116,0.7299,1,37.498541991226375
021120059,2112,5,REMAIN,10.0,1,0.729,1,36.704458005260676,0.7287,1,37.76829200796783
021120075,2112,8,COMFORTABLE,10.0,1,0.3591,1,57.815999985905364,0.3438,1,54.437250015325844
021120075,2112,9,WORKING,10.0,1,0.7245,1,36.01504099788144,0.727,1,34.09679199103266
021120085,2112,4,HAPPEN,10.0,1,0.6695,1,35.36454099230468,0.7097,1,34.111541986931115
021120108,2112,4,PLAYERS,10.0,1,0.7304,1,42.056583013618365,0.7303,1,44.20433298218995
021120135,2112,0,REMEMBER,10.0,1,0.3447,0,46.96574999252334,0.2389,0,48.624582996126264
021120135,2112,2,CHARITY,10.0,1,0.4866,1,51.60383300972171,0.2475,0,54.31291600689292
021120135,2112,5,TOMORROW,10.0,1,0.3571,0,77.05287501448765,0.569,1,53.28024999471381
021120151,2112,4,FORGET,10.0,1,0.3302,0,38.391833018977195,0.2882,0,40.15154100488871
021120161,2112,2,GOING,10.0,1,0.73,1,35.82945899688639,0.7298,1,36.01254100794904
021120161,2112,5,BETTER,10.0,1,0.7267,1,36.10425000078976,0.7289,1,36.674958013463765
021120164,2112,8,LATER,10.0,1,0.7112,1,66.2852919776924,0.728,1,38.0512080155313
021120171,2112,2,PARTY,10.0,1,0.7304,1,40.461291995598,0.7304,1,41.00095800822601
021120187,2112,4,WAITING,10.0,1,0.73,1,35.471250012051314,0.73,1,38.262291986029595
021120232,2112,0,ALWAYS,10.0,1,0.2846,0,61.519915994722396,0.2707,0,36.83133400045335
021120232,2112,2,EVERYTHING,10.0,1,0.57,1,47.270291979657486,0.5705,1,57.77495799702592
021120233,2112,6,ABOUT,10.0,1,0.7253,1,37.94658399419859,0.7171,1,35.88608297286555
021120250,2112,6,SOLUTION,10.0,1,0.3334,0,70.16004199977033,0.3165,0,57.4721249868162
021120256,2112,0,ONLY,10.0,1,0.7242,1,60.44770800508559,0.7298,1,38.684707978973165
021120296,2112,6,TIRES,10.0,1,0.708,1,58.54954099049792,0.7237,1,43.71525000897236
021120309,2112,1,FATHER,10.0,1,0.7279,1,43.043749989010394,0.7288,1,39.755625010002404
021120309,2112,7,EIGHTEEN,10.0,1,0.354,0,41.2790410046,0.7042,1,40.31954100355506
021120321,2112,2,BUSINESS,10.0,1,0.7302,1,36.67674999451265,0.7301,1,39.94820799562149
021120321,2112,8,MANNER,10.0,1,0.7182,1,61.13554199691862,0.7289,1,41.41241600154899
021120354,2112,0,KILLING'S,10.0,1,0.7235,1,38.318167004035786,0.7243,1,38.14187500393018
021160002,2116,7,SUSPECTS,10.0,1,0.7222,1,37.95070800697431,0.729,1,37.94429200934246
021160027,2116,6,LOOKING,10.0,1,0.7223,1,35.64254197408445,0.7283,1,34.42650000215508
021160075,2116,2,EVERYONE,10.0,1,0.2743,0,52.20329199801199,0.4178,1,52.056374988751486
021160075,2116,3,ACROSS,10.0,1,0.6776,1,43.145958974491805,0.6779,1,41.40891699353233
021160080,2116,4,BETTER,10.0,1,0.7099,1,60.26566700893454,0.7289,1,43.60270898905583
021160089,2116,5,REPORTER,10.0,1,0.5374,1,48.77012499491684,0.5292,1,49.36566698597744
021160089,2116,8,COVER,10.0,1,0.7288,1,37.950166006339714,0.7288,1,39.194082986796275
021160090,2116,0,POLICE,10.0,1,0.2709,0,38.06049999548122,0.3506,0,39.08524999860674
021160090,2116,1,RESPONDED,10.0,1,0.5679,1,50.714666984276846,0.5668,1,53.63633399247192
021160090,2116,3,TEAR,10.0,1,1.0,1,27.939791994867846,1.0,1,29.67950000311248
021160120,2116,0,GOING,10.0,1,0.73,1,37.69645901047625,0.7298,1,37.22129200468771
021160120,2116,9,SOMETHING,10.0,1,0.7214,1,38.39870900264941,0.73,1,40.70237500127405
021160185,2116,4,SEPTEMBER,10.0,1,0.3668,0,48.9556250104215,0.5692,1,53.88600000878796
021160185,2116,5,ALREADY,10.0,1,0.561,1,92.71312502096407,0.56,1,58.61099998583086
021160195,2116,4,SMOKING,10.0,1,0.7298,1,38.108875014586374,0.7301,1,38.21008399245329
021160212,2116,5,SNOWING,10.0,1,0.73,1,43.631209002342075,0.7302,1,38.584374997299165
021160249,2116,0,FOLLOW,10.0,1,0.4882,0,51.32337499526329,0.7291,1,38.83241699077189
021160249,2116,3,BELOW,10.0,1,0.6478,1,38.14112499821931,0.6262,1,39.91145797772333
021160249,2116,5,REGISTER,5.0,0,0.218,0,83.8274160050787,0.2299,0,49.55654201330617
021160303,2116,3,GOING,10.0,1,0.7299,1,36.77570799482055,0.7298,1,36.51866700965911
021160303,2116,9,TONIGHT,10.0,1,0.7268,1,38.97066702484153,0.7284,1,37.9782090021763
021160310,2116,2,ABOUT,10.0,1,0.7303,1,38.13887501019053,0.7299,1,39.80187498382293
021160310,2116,5,LUCKY,10.0,1,0.7284,1,42.63466701377183,0.729,1,44.06437498982996
021160326,2116,1,NEVER,10.0,1,0.7289,1,36.6137079836335,0.7292,1,37.669582990929484
021160326,2116,5,MISTAKE,10.0,1,0.73,1,37.08479201304726,0.73,1,39.937833993462846
022520012,2252,3,JACKET,10.0,1,0.7225,1,36.87529201852158,0.7288,1,37.63291600625962
022520012,2252,6,SECOND,10.0,1,0.7257,1,35.085792012978345,0.7269,1,35.181624989490956
022520174,2252,9,UNDERSTAND,10.0,1,0.3405,0,45.470999990357086,0.2494,0,48.87316600070335
022520203,2252,0,RUNNING,10.0,1,0.7224,1,34.67879199888557,0.7078,1,34.63845801888965
022520209,2252,0,HAPPINESS,10.0,1,0.3693,0,46.71416699420661,0.3446,0,48.66933400626294
022520221,2252,0,HAPPY,10.0,1,0.7289,1,39.477874990552664,0.7285,1,37.18266700161621
022520226,2252,0,ACTUALLY,10.0,1,0.2789,0,76.81233398034237,0.2013,0,51.34350000298582
022520226,2252,4,HAVING,10.0,1,0.718,1,36.98841601726599,0.7213,1,37.66366699710488
022520258,2252,4,HOUR,10.0,1,0.7298,1,42.00579100870527,0.7297,1,44.095125020248815
022520258,2252,6,OUR,10.0,1,0.7298,1,39.86091702245176,0.7299,1,38.469416002044454
022520272,2252,0,CREATED,10.0,1,0.5555,1,45.34920901642181,0.5721,1,49.0456250263378
022520290,2252,0,SURELY,10.0,1,0.7302,1,46.08924998319708,0.7303,1,49.53366701374762
022520290,2252,4,ANSWER,10.0,1,0.7285,1,39.07879101461731,0.7285,1,42.12512500816956
022520337,2252,1,ABOUT,10.0,1,0.7281,1,36.185040982672945,0.7294,1,37.330750026740134
022520345,2252,0,REMEMBER,10.0,1,0.3028,0,43.75195800093934,0.3959,1,42.806167009985074
022520345,2252,5,HUNGRY,10.0,1,0.7223,1,67.97962498967536,0.7298,1,43.45245799049735
022520358,2252,1,MOTHER,10.0,1,0.7281,1,48.59354201471433,0.7271,1,52.401167020434514
022520358,2252,5,VERY,10.0,1,0.729,1,37.18220899463631,0.728,1,35.80154202063568
022520360,2252,8,AWAY,10.0,1,0.3193,0,64.925333019346,0.2763,0,39.68016599537805
022520375,2252,2,CANNOT,10.0,1,0.7034,1,41.63674998562783,0.6863,1,42.3324579896871
023270032,2327,4,CONSCIOUS,10.0,1,0.7303,1,45.33370799617842,0.7301,1,38.668291992507875
023270032,2327,5,DECISION,10.0,1,0.5725,1,59.390915994299576,0.5741,1,45.639874995686114
023270080,2327,3,VERY,10.0,1,0.7284,1,36.275124992243946,0.7277,1,34.96620801161043
023270098,2327,6,HERE,10.0,1,1.0,1,47.34574997564778,1.0,1,36.308833019575104
023270120,2327,1,MATTER,10.0,1,0.7283,1,40.99591702106409,0.7288,1,40.728708991082385
023270140,2327,8,AGO,10.0,1,0.6911,1,66.92879201727919,0.6842,1,43.9745000039693
023270214,2327,5,BETTER,10.0,1,0.721,1,64.84408400137909,0.7284,1,45.79729199758731
023270237,2327,3,BLAMING,10.0,1,0.7303,1,36.56179198878817,0.7303,1,38.93191702081822
023270237,2327,7,BEING,10.0,1,0.7274,1,39.554875023895875,0.3532,0,38.0814159871079
023270268,2327,5,TODAY,10.0,1,0.2714,0,60.2021669910755,0.271,0,47.40454099373892
023270280,2327,0,ABOUT,10.0,1,0.701,1,57.6985829975456,0.729,1,37.39087501890026
023270303,2327,6,DECISION,10.0,1,0.5734,1,61.012249992927536,0.5735,1,37.68979199230671
023270315,2327,1,FOLLOWED,10.0,1,0.3962,0,39.183624990982935,0.3533,0,40.782666008453816
023270319,2327,4,NOTHING,10.0,1,0.7293,1,36.004167021019384,0.7237,1,34.92087498307228
023270364,2327,4,SOMETHING,10.0,1,0.7302,1,35.53424999699928,0.7302,1,41.82333400240168
023550002,2355,2,MINIMUM,10.0,1,0.5587,1,46.61345900967717,0.5485,1,49.180292000528425
023550002,2355,6,ACCEPTABLE,10.0,1,0.4533,1,57.29104101192206,0.4701,1,55.704375001369044
023550002,2355,9,PERSONALLY,10.0,1,0.2496,0,81.61324998945929,0.266,0,60.8032500022091
023550003,2355,0,SPEAKER,10.0,1,0.7297,1,40.32583298976533,0.7285,1,38.67008400266059
023550003,2355,1,AFTER,10.0,1,0.7284,1,37.33520899550058,0.7267,1,38.68516700458713
023550003,2355,2,SPEAKER,10.0,1,0.7301,1,36.583167006028816,0.73,1,37.61900000972673
023550003,2355,8,MILITARY,10.0,1,0.184,0,57.233500003349036,0.2819,1,55.59316600556485
023550008,2355,4,MONEY,10.0,1,0.7286,1,39.18554200208746,0.7282,1,40.140458004316315
023550008,2355,6,ABROAD,10.0,1,0.3219,0,41.065875004278496,0.5213,1,38.558750005904585
023550013,2355,6,FUNNY,10.0,1,0.7259,1,60.90683399816044,0.7284,1,43.539959006011486
023550099,2355,0,BEFORE,10.0,1,0.2717,0,37.4073330021929,0.3296,0,37.69629102316685
023550099,2355,5,ZERO,10.0,1,0.7275,1,64.18829099857248,0.727,1,42.00195800513029
023550123,2355,0,TODAY,10.0,1,0.2747,0,37.99841698491946,0.2907,0,38.79824999603443
023550123,2355,2,GOING,10.0,1,0.7295,1,35.572166001657024,0.7297,1,35.9004579950124
023550123,2355,6,BUSY,10.0,1,0.728,1,37.23237500526011,0.7275,1,36.102999991271645
023550138,2355,0,EDITOR,10.0,1,0.4808,1,80.47320900368504,0.4589,1,59.04970900155604
023550175,2355,5,ALLOWED,10.0,1,0.7263,1,38.40199997648597,0.7211,1,42.01237499364652
023550201,2355,2,POWERFUL,10.0,1,0.2296,0,49.30095799500123,0.2182,0,48.70970800402574
023550201,2355,8,RECOVER,10.0,1,0.5667,1,70.89662499492988,0.5472,1,51.75874999258667
023550202,2355,0,TODAY,10.0,1,0.3025,0,36.38566698646173,0.438,0,36.54850000748411
023550202,2355,6,REVOLUTION,10.0,1,0.2178,0,70.70495901280083,0.2846,1,58.065833000000566
023550230,2355,0,ANGER,10.0,1,0.7247,1,64.99745801556855,0.7288,1,45.082957978593186
023550230,2355,2,SOMETHING,10.0,1,0.7303,1,35.04887499730103,0.7303,1,34.99095799634233
023550230,2355,9,CONTROL,10.0,1,0.5459,1,36.70720898662694,0.6784,1,38.39733300264925
023550233,2355,4,TALENT,10.0,1,0.7228,1,37.51358299632557,0.7242,1,39.782541018212214
023550237,2355,2,FIGURE,10.0,1,0.729,1,35.388249991228804,0.7292,1,35.52241699071601
023550257,2355,0,ALWAYS,10.0,1,0.2783,0,60.11600000783801,0.2718,0,38.99324999656528
023550257,2355,5,BRITISH,10.0,1,0.73,1,38.13883301336318,0.73,1,40.14712499338202
023550290,2355,0,UNABLE,10.0,1,0.5639,1,70.96862499020062,0.5726,1,52.16045799897984
023550341,2355,4,MILITARY,10.0,1,0.2653,0,80.89658300741576,0.2071,0,61.02525000460446
024380040,2438,7,OTHERWISE,10.0,1,0.3074,0,51.71779199736193,0.3499,0,49.52320799930021
024380041,2438,1,HAPPENED,10.0,1,0.7226,1,34.70474999630824,0.7253,1,34.23725001630373
024380041,2438,4,BEFORE,10.0,1,0.2874,0,62.61750002158806,0.2862,0,38.37958400254138
024380116,2438,9,SERVICE,10.0,1,0.7167,1,39.53241600538604,0.7194,1,43.27058300259523
024380142,2438,0,PARADISE,10.0,1,0.3163,0,61.200875003123656,0.5242,1,52.48554199351929
024380142,2438,5,CORNER,10.0,1,0.7293,1,61.12962501356378,0.7302,1,38.01041701808572
024380194,2438,4,PARTY,10.0,1,0.7303,1,36.568415991496295,0.7303,1,35.16554197994992
024380200,2438,7,BETTER,10.0,1,0.7192,1,57.404916995437816,0.7289,1,42.589125019731
024380204,2438,5,CONCERT,10.0,1,0.7285,1,36.79845799342729,0.7298,1,35.914250009227544
024380234,2438,1,EVERY,10.0,1,0.7291,1,36.375499999849126,0.7291,1,36.81354198488407
024380265,2438,2,BUCKET,10.0,1,0.724,1,38.504500000271946,0.7246,1,46.256500005256385
024380276,2438,3,SOMETHING,10.0,1,0.7301,1,34.734166983980685,0.7302,1,35.404499998549
024380276,2438,5,BELIEVE,10.0,1,0.2924,0,37.682624999433756,0.275,0,37.84558299230412
024380278,2438,0,HAPPY,10.0,1,0.7139,1,34.40504102036357,0.728,1,34.08312497776933
024380278,2438,1,BIRTHDAY,10.0,1,0.7296,1,36.10104200197384,0.7294,1,36.64041598676704
024380278,2438,5,YOUR,10.0,1,1.0,1,26.057500013848767,1.0,1,26.428540993947536
024380317,2438,7,OPENED,10.0,1,0.6546,1,36.29345798981376,0.7095,1,38.253292004810646
024380354,2438,4,ALWAYS,10.0,1,0.2729,0,44.15537498425692,0.2723,0,38.54108302039094
024380363,2438,4,DRIFTING,10.0,1,0.7297,1,35.534208989702165,0.7302,1,35.57295800419524
024380369,2438,2,HAPPENED,10.0,1,0.6679,1,36.22604100382887,0.6912,1,42.49970900127664
024380369,2438,4,PURPOSE,10.0,1,0.7021,1,38.85233300388791,0.697,1,39.66687500360422
024410049,2441,1,APOLOGIZE,10.0,1,0.4583,1,58.05758401402272,0.2758,0,57.4593749770429
024410052,2441,4,SURE,10.0,1,1.0,1,29.34366700355895,1.0,1,27.17474999371916
024410092,2441,7,VICTORY,10.0,1,0.5006,1,60.19975000526756,0.5536,1,60.785791982198134
024410092,2441,8,AGAINST,10.0,1,0.5544,1,40.87050000089221,0.4152,0,39.84212499926798
024410092,2441,9,ANYBODY,10.0,1,0.2135,0,76.17391701205634,0.3232,1,58.84879099903628
024410098,2441,2,ALSO,10.0,1,0.7275,1,40.068707981845364,0.7244,1,39.04900001361966
024410098,2441,3,AMONG,10.0,1,0.7138,1,38.98149999440648,0.7089,1,42.10750001948327
024410098,2441,5,TRYING,10.0,1,0.7301,1,36.751791019923985,0.7299,1,35.10337497573346
024410110,2441,8,SOMETHING,10.0,1,0.7296,1,36.16291601792909,0.7293,1,35.666707990458235
024410110,2441,9,EXTRA,10.0,1,0.7174,1,56.813000002875924,0.7094,1,39.30333300377242
024410149,2441,6,STATUE,10.0,1,0.728,1,63.052917015738785,0.7297,1,40.49191699596122
024410160,2441,0,FINISHED,10.0,1,0.725,1,37.17191601754166,0.7242,1,39.53929099952802
024410173,2441,0,WONDER,10.0,1,0.7297,1,38.42687499127351,0.7302,1,38.144541991641745
024410228,2441,5,SNOWSTORM,10.0,1,0.7238,1,41.37424999498762,0.7299,1,43.14762499416247
024410240,2441,4,TOMORROW,10.0,1,0.4573,1,68.3008749911096,0.3725,0,47.998207999626175
024410241,2441,5,REPLACE,10.0,1,0.728,1,40.18025001278147,0.7288,1,42.08358301548287
024410294,2441,4,SERIES,10.0,1,0.7181,1,44.14029198233038,0.7227,1,44.687624991638586
024410312,2441,0,COLLEGE,10.0,1,0.7084,1,50.25587498676032,0.7193,1,37.23991601145826
024410312,2441,3,ABOUT,10.0,1,0.7126,1,36.31445800419897,0.7133,1,38.259082997683436
024410312,2441,4,SETTING,10.0,1,0.729,1,35.23112498805858,0.7286,1,38.69379198295064
024410312,2441,5,YOURSELF,10.0,1,0.363,0,37.32616698835045,0.3248,0,36.391208006534725
024410312,2441,9,FUTURE,10.0,1,0.7297,1,59.515291010029614,0.73,1,38.25562499696389
024410318,2441,8,MOMENT,10.0,1,0.7296,1,37.12095899390988,0.7297,1,37.68820897676051
024410368,2441,1,MOTIVE,10.0,1,0.7288,1,37.42795801372267,0.7289,1,40.34108397900127
024480016,2448,4,IMMEDIATE,10.0,1,0.4419,1,56.243790982989594,0.4527,1,58.24783301795833
024480016,2448,5,OFFICIAL,10.0,1,0.545,1,50.64845798187889,0.5413,1,47.880583006190136
024480016,2448,6,COMMENT,10.0,1,0.6973,1,37.007000006269664,0.6774,1,38.11612501158379
024480094,2448,3,INTEREST,10.0,1,0.6688,1,37.46112500084564,0.6623,1,36.22512498986907
024480094,2448,5,ATTEMPTING,10.0,1,0.4505,1,48.596874985378236,0.448,1,48.688083013985306
024480095,2448,0,THURSDAY,10.0,1,0.7297,1,38.75395900104195,0.7299,1,41.65345901856199
024480095,2448,8,DEBATE,10.0,1,0.7229,1,40.53758300142363,0.7049,1,42.08979199756868
024480105,2448,5,ABOUT,10.0,1,0.7286,1,38.50745799718425,0.7282,1,37.968708988046274
024480105,2448,7,PHYSICAL,10.0,1,0.4255,1,46.54220899101347,0.4294,1,44.794208981329575
024480127,2448,3,POSSIBLE,10.0,1,0.5606,1,52.83237498952076,0.3931,1,50.4552919883281
024480127,2448,9,INTERVIEW,10.0,1,0.3989,1,65.73020800715312,0.2539,0,48.68370899930596
024480159,2448,5,SELFISHNESS,10.0,1,0.448,1,48.534875008044764,0.429,1,49.509832984767854
024480186,2448,2,HEAR,10.0,1,1.0,1,30.381666001630947,1.0,1,32.41241700015962
024480188,2448,0,HOPING,10.0,1,0.724,1,35.79299998818897,0.7283,1,37.509000016143546
024480188,2448,4,DOING,10.0,1,0.726,1,37.55025001009926,0.7282,1,38.91904099145904
024480212,2448,1,ABOUT,10.0,1,0.7295,1,35.96550002112053,0.7207,1,36.236582993296906
024480212,2448,6,UNIVERSE,10.0,1,0.5075,1,48.042666021501645,0.5669,1,45.14316702261567
024480228,2448,6,MOVIE,10.0,1,0.7201,1,63.43362500774674,0.729,1,45.22054101107642
024480232,2448,0,SOMETIMES,10.0,1,0.2912,0,38.26895900419913,0.2734,0,39.28237498621456
024480232,2448,8,NOTHING,10.0,1,0.7174,1,36.8777499825228,0.72,1,36.907291010720655
024480241,2448,2,TRYING,10.0,1,0.7298,1,39.13904199725948,0.7298,1,39.907583995955065
024480255,2448,5,SOMETHING,10.0,1,0.7302,1,34.93533399887383,0.73,1,35.380582994548604
024480292,2448,3,COMFORTABLE,10.0,1,0.3251,1,55.17204201896675,0.3141,1,59.19129098765552
024480292,2448,6,PRESSURE,10.0,1,0.7298,1,54.947458003880456,0.73,1,43.02291601197794
024480297,2448,1,BELIEVE,10.0,1,0.316,0,35.586875019362196,0.3321,0,36.67399997357279
024480297,2448,8,HAPPEN,10.0,1,0.703,1,35.42250001919456,0.7282,1,35.650999983772635
024480335,2448,2,COMING,10.0,1,0.7129,1,35.5412500211969,0.7093,1,34.459459013305604
024510043,2451,1,VERY,10.0,1,0.7212,1,36.69783298391849,0.7273,1,37.55458301748149
024510043,2451,6,INTIMATE,10.0,1,0.4954,1,46.65370800648816,0.4546,1,47.2005839983467
024510061,2451,2,PRECIOUS,10.0,1,0.7248,1,40.52870799205266,0.7298,1,38.97870899527334
024510070,2451,7,MANAGEMENT,10.0,1,0.4756,1,43.77687501255423,0.4177,1,49.38812498585321
024510164,2451,3,AFRICA,10.0,1,0.2496,0,55.36208298872225,0.2909,0,54.52083400450647
024510179,2451,5,ALREADY,10.0,1,0.3567,0,67.5486669933889,0.3297,0,51.854874996934086
024510215,2451,5,MYSELF,10.0,1,0.3304,0,40.83383400575258,0.2785,0,43.436999985715374
024510215,2451,8,MIRROR,10.0,1,0.7033,1,52.399458014406264,0.7291,1,42.975125019438565
024510224,2451,3,DIFFERENCE,10.0,1,0.2873,0,37.52570800133981,0.3175,0,38.45920797903091
024510224,2451,8,DIFFERENCE,10.0,1,0.4459,0,35.414750018389896,0.3597,0,37.69279099651612
024510247,2451,2,MIRACLE,10.0,1,0.5441,1,49.60641701472923,0.4286,1,59.05399998300709
024510252,2451,0,SOMEONE,10.0,1,0.7236,1,37.83037498942576,0.7295,1,38.08150000986643
024510316,2451,4,SUFFICIENT,10.0,1,0.5314,1,65.12716697761789,0.3961,1,56.0076670080889
024510336,2451,0,HUMANE,10.0,1,0.5656,1,41.37441699276678,0.2734,0,40.545291994931176
024510336,2451,1,DOCTORS,10.0,1,0.7297,1,41.41416598577052,0.7298,1,41.65841598296538
024510351,2451,1,PROFESSOR,10.0,1,0.5595,1,51.10133299604058,0.5398,1,51.48362499312498
024880041,2488,2,ABOUT,10.0,1,0.7258,1,37.56383300060406,0.7256,1,40.564041992183775
024880041,2488,4,MOUNTAINS,10.0,1,0.7282,1,36.94320801878348,0.7286,1,37.979917018674314
024880059,2488,0,EVERYTHING,10.0,1,0.5668,1,70.30620801378973,0.5101,1,48.32162498496473
024880059,2488,3,AHEAD,10.0,1,0.723,1,37.336292007239535,0.7079,1,35.929000005126
024880070,2488,7,POWER,10.0,1,0.6866,1,65.98174999817275,0.7277,1,51.48512500454672
024880118,2488,2,SURE,10.0,1,1.0,1,27.91895900736563,1.0,1,27.099458005977795
024880118,2488,5,ONLY,10.0,1,0.7301,1,37.822999991476536,0.73,1,35.11575001175515
024880118,2488,7,BEGINNING,10.0,1,0.4456,1,46.81991602410562,0.4292,1,47.630208980990574
024880155,2488,8,HERE,10.0,1,1.0,1,45.838583988370374,1.0,1,34.475833002943546
024880176,2488,0,BECAUSE,10.0,1,0.2907,0,38.72095901169814,0.3179,0,39.2558749881573
024880190,2488,3,IDEA,10.0,1,0.2353,0,48.0510420165956,0.3732,0,51.47533299168572
024880207,2488,5,BETTER,10.0,1,0.6857,1,64.32070798473433,0.7205,1,50.2868750190828
024880234,2488,0,INSTEAD,10.0,1,0.3021,0,59.78020900511183,0.317,0,38.74383299262263
024880258,2488,2,EVER,10.0,1,0.7282,1,40.69799999706447,0.7261,1,39.49287498835474
024880258,2488,4,ABOUT,10.0,1,0.7273,1,35.968582989880815,0.7273,1,39.5002500154078
024880299,2488,2,GOING,10.0,1,0.7302,1,34.554584010038525,0.7301,1,35.127250012010336
024880299,2488,7,MOVIE,10.0,1,0.729,1,41.615124995587394,0.7289,1,40.49437498906627
024880299,2488,8,EVER,10.0,1,0.6561,1,66.31641599233262,0.3538,0,47.01283300528303
024880339,2488,2,TRYING,10.0,1,0.7302,1,37.57200000109151,0.7303,1,37.352916988311335
025380004,2538,9,BALLOONS,10.0,1,0.2954,0,37.10237500490621,0.6163,1,40.90258400538005
025380051,2538,6,READY,10.0,1,0.7276,1,64.8558340035379,0.7285,1,49.696375004714355
025380065,2538,1,WANTED,10.0,1,0.7294,1,40.72879100567661,0.7298,1,41.483875014819205
025380091,2538,3,INNER,10.0,1,0.7289,1,43.01758299698122,0.7285,1,39.28429100778885
025380091,2538,4,INTERNATIONAL,10.0,1,0.1629,0,65.69449999369681,0.1914,0,73.45974998315796
025380107,2538,2,REPORTED,10.0,1,0.5464,1,46.68495801161043,0.5562,1,44.78087500319816
025380107,2538,4,GUARDED,10.0,1,0.7301,1,36.45241699996404,0.73,1,37.981958012096584
025380107,2538,5,CONDITION,10.0,1,0.5288,1,48.04537500604056,0.5369,1,46.25166600453667
025380107,2538,6,TODAY,10.0,1,0.2742,0,64.55645800451748,0.648,1,48.45658299745992
025380133,2538,0,ADVICE,10.0,1,0.7281,1,60.808417008956894,0.7285,1,44.13845800445415
025380151,2538,3,DEADLY,10.0,1,0.7301,1,38.21441699983552,0.7303,1,40.094291005516425
025380152,2538,0,MEANWHILE,10.0,1,0.6963,1,37.272749992553145,0.4442,0,40.63791598309763
025380158,2538,0,PUTTING,10.0,1,0.7282,1,36.30579198943451,0.7237,1,36.27745801350102
025380162,2538,4,PROTEST,10.0,1,0.7298,1,38.836457999423146,0.7302,1,38.73529200791381
025380175,2538,0,EVERYBODY,10.0,1,0.3062,1,78.16812497912906,0.3268,1,60.01712501165457
025380175,2538,2,GETTING,10.0,1,0.7282,1,34.88704201299697,0.727,1,35.129374999087304
025380175,2538,3,READY,10.0,1,0.7287,1,36.085833999095485,0.7274,1,36.786916985874996
025380202,2538,4,VIDEO,10.0,1,0.3298,0,72.1459160267841,0.5498,1,52.48079201555811
025380217,2538,4,RIDICULOUS,10.0,1,0.2986,0,56.02529100724496,0.2787,0,55.71162499836646
025380251,2538,5,PHOTOGRAPHERS,5.0,0,0.2976,1,61.82245898526162,0.2996,0,60.112834005849436
025380256,2538,3,IDEA,10.0,1,0.5743,1,55.637083016335964,0.5712,1,54.74587497883476
025380256,2538,6,POPULAR,10.0,1,0.5297,1,74.56170799559914,0.5321,1,58.960666006896645
025380277,2538,4,EARTHQUAKE,10.0,1,0.2721,0,38.90124999452382,0.2998,0,37.431833014125004
025380298,2538,6,WEEKEND,10.0,1,0.675,1,38.78258398617618,0.7206,1,40.77020799741149
025380340,2538,3,MOMENT,10.0,1,0.7245,1,35.80566600430757,0.7273,1,38.011500000720844
025380347,2538,1,ENTERED,10.0,1,0.726,1,47.38437497871928,0.7215,1,48.01770800258964
025380347,2538,4,OPENING,10.0,1,0.5466,1,48.695042001781985,0.5405,1,48.80841699196026
027400125,2740,5,BABY,10.0,1,0.7275,1,67.76591701782309,0.7295,1,46.26087500946596
027400145,2740,6,EXECUTE,10.0,1,0.395,1,56.44779099384323,0.3991,1,48.88474999461323
027400151,2740,7,VIDEO,10.0,1,0.5722,1,47.29620899888687,0.5615,1,45.10287501034327
027400171,2740,7,YESTERDAY,10.0,1,0.5397,1,80.45458301785402,0.5327,1,58.81454100017436
027400173,2740,0,READY,10.0,1,0.728,1,37.91266601183452,0.7291,1,37.92945799068548
027400173,2740,4,BENEFITS,10.0,1,0.4596,1,50.0318749982398,0.4458,1,52.62574998778291
027400176,2740,5,HAPPY,10.0,1,0.7276,1,62.850458023604006,0.729,1,41.66024998994544
027400246,2740,0,TRULY,10.0,1,0.7297,1,37.92591698584147,0.7301,1,37.11766700143926
027400246,2740,7,REMEMBER,10.0,1,0.3284,0,72.08837498910725,0.3488,0,54.26108301617205
027400276,2740,4,SALARY,10.0,1,0.5647,1,75.46408398775384,0.5685,1,49.77012498420663
027400283,2740,3,ABOUT,10.0,1,0.7249,1,38.88125001685694,0.7163,1,38.74687498318963
027400286,2740,4,ALIVE,10.0,1,0.3842,0,44.94125000201166,0.7289,1,37.68075001426041
027400295,2740,4,GOING,10.0,1,0.7297,1,35.18391598481685,0.7296,1,36.510709003778175
027400321,2740,2,INTO,10.0,1,0.7198,1,39.3885420053266,0.7062,1,37.321874988265336
027400321,2740,5,TRYING,10.0,1,0.7303,1,35.68400000222027,0.7303,1,35.792832990409806
027400372,2740,5,COURTING,10.0,1,0.7296,1,37.563374993624166,0.7295,1,37.52820799127221
028920012,2892,0,SENDING,10.0,1,0.7125,1,35.86591698694974,0.7284,1,35.66737499204464
028920012,2892,4,BLESSINGS,10.0,1,0.7237,1,37.40737499902025,0.7232,1,37.57662497810088
028920044,2892,5,OTHER,10.0,1,0.7166,1,47.34316701069474,0.7275,1,42.43466700427234
028920044,2892,7,WOUNDED,10.0,1,0.7268,1,36.68837499571964,0.729,1,45.11254100361839
028920050,2892,5,FREEDOM,10.0,1,0.7275,1,36.152665998088196,0.7294,1,36.30416697706096
028920120,2892,1,BETTER,10.0,1,0.7268,1,35.16825000406243,0.7272,1,36.18587501114234
028920131,2892,5,FIGHTING,10.0,1,0.5295,1,37.44737498345785,0.6221,1,38.82708298624493
028920200,2892,2,HARDLY,10.0,1,0.7303,1,34.88399999332614,0.7303,1,43.461458990350366
028920213,2892,3,EASY,10.0,1,0.7254,1,36.6070409945678,0.7256,1,35.923957999330014
028920213,2892,6,EVERYTHING,10.0,1,0.4229,1,44.62387500097975,0.5417,1,45.40854200604372
028920214,2892,2,READY,10.0,1,0.7292,1,34.14249999332242,0.7289,1,35.66583298379555
028920224,2892,4,SELFISH,10.0,1,0.7297,1,38.59237500000745,0.7291,1,36.11483299755491
028920239,2892,4,HEAR,10.0,1,1.0,1,31.50808301870711,1.0,1,28.905542014399543
028920239,2892,5,TODAY,10.0,1,0.2734,0,60.39987501571886,0.6221,1,40.243124996777624
028920259,2892,1,WANTED,10.0,1,0.7298,1,38.71929197339341,0.7298,1,38.64616699866019
028920259,2892,6,DAUGHTER,10.0,1,0.7099,1,51.63620799430646,0.7263,1,40.6139999977313
028920315,2892,6,SUNSHINE,10.0,1,0.3865,0,37.65716697671451,0.6557,1,38.22654200484976
028970002,2897,6,ANYTHING,10.0,1,0.5676,1,44.233082997379825,0.5627,1,48.889458004850894
028970002,2897,7,ABOUT,10.0,1,0.7288,1,37.596500013023615,0.7287,1,36.88075000536628
028970016,2897,4,TOMORROW,10.0,1,0.4886,1,52.24383302265778,0.5641,1,50.924250012030825
028970016,2897,6,ANOTHER,10.0,1,0.5134,1,45.423166011460125,0.5696,1,35.69404099835083
028970016,2897,7,OFFER,10.0,1,0.729,1,40.40304198861122,0.7285,1,43.76583301927894
028970022,2897,3,DISMISSED,10.0,1,0.7283,1,39.54179197899066,0.6881,1,40.942166990134865
028970022,2897,4,BECAUSE,10.0,1,0.7189,1,38.01137499976903,0.4436,0,38.87804099940695
028970022,2897,6,NOTHING,10.0,1,0.5641,1,35.275125002954155,0.6173,1,36.33679199265316
028970039,2897,5,EXPECTED,10.0,1,0.5745,1,45.28045799816027,0.5744,1,44.51520799193531
028970052,2897,3,ABOUT,10.0,1,0.7299,1,36.81262498139404,0.729,1,37.043958000140265
028970052,2897,5,HOUR,10.0,1,0.7298,1,39.498790982179344,0.7297,1,40.09958400274627
028970052,2897,6,LATER,10.0,1,0.7266,1,57.793499989202246,0.7278,1,36.155874986434355
028970088,2897,2,GOING,10.0,1,0.7296,1,35.47916599200107,0.7294,1,34.79041700484231
028970129,2897,3,OTHER,10.0,1,0.7286,1,42.0183330134023,0.7288,1,39.9228329770267
028970129,2897,4,ACCOUNT,10.0,1,0.7295,1,39.33045800658874,0.728,1,38.53941700072028
028970146,2897,3,ONLY,10.0,1,0.7298,1,35.25375001481734,0.7299,1,35.83645902108401
028970153,2897,5,DISCUSSION,10.0,1,0.4584,1,63.15883301431313,0.3329,0,51.286291010910645
028970158,2897,3,GOING,10.0,1,0.7284,1,35.88666699943133,0.7283,1,37.0157909928821
028970190,2897,0,WELCOME,10.0,1,0.7302,1,35.99554198444821,0.7302,1,34.55854198546149
028970198,2897,1,SURE,10.0,1,1.0,1,27.236875001108274,1.0,1,26.40704100485891
028970198,2897,6,TONIGHT,10.0,1,0.3079,0,38.169957988429815,0.3441,0,41.673041007015854
028970221,2897,0,PERHAPS,10.0,1,0.3019,0,47.87870799191296,0.6687,1,34.0149580151774
028970245,2897,0,HELLO,10.0,1,0.389,0,39.5465420151595,0.3012,0,39.803124993341044
028970245,2897,4,SORRY,10.0,1,0.7285,1,42.13337501278147,0.7287,1,41.35254101129249
028970245,2897,6,HEAR,10.0,1,1.0,1,30.442749994108453,1.0,1,29.811958986101672
028970294,2897,4,VERY,10.0,1,0.7288,1,41.04562499560416,0.7292,1,41.0597910231445
028970329,2897,1,SHOUTED,10.0,1,0.7295,1,38.60604201327078,0.7296,1,39.552540984004736
029170043,2917,1,BELIEVE,10.0,1,0.3284,0,37.93662501266226,0.3579,0,41.41779098426923
029170055,2917,1,GENERAL,10.0,1,0.7291,1,39.25512498244643,0.73,1,38.42699999222532
029170055,2917,2,CONCLUSION,10.0,1,0.3408,0,63.53549999766983,0.3899,1,52.652500016847625
029170104,2917,1,PRICES,10.0,1,0.7282,1,58.603874989785254,0.7295,1,49.428541999077424
029170104,2917,2,ALSO,10.0,1,0.7207,1,45.58783399988897,0.3255,0,42.638084007194266
029170104,2917,4,SHARPLY,10.0,1,0.7293,1,77.15754100354388,0.7299,1,51.138084003468975
029170156,2917,3,WAITING,10.0,1,0.729,1,42.692999995779246,0.729,1,42.90341702289879
029170161,2917,4,ANY,10.0,1,0.7288,1,42.59974998421967,0.7287,1,49.491874990053475
029170161,2917,5,QUESTIONS,10.0,1,0.7292,1,42.116041004192084,0.7299,1,53.69779100874439
029170177,2917,0,DOING,10.0,1,0.727,1,42.13645798154175,0.7289,1,45.29758301214315
029170181,2917,1,PICTURE,10.0,1,0.7297,1,49.7897089808248,0.7295,1,48.20408299565315
029170196,2917,1,ONLY,10.0,1,0.7299,1,154.24891700968146,0.7297,1,58.929040998918936
029170211,2917,5,MUSIC,10.0,1,0.7299,1,63.293415994849056,0.73,1,117.56000001332723
029170211,2917,6,TOMORROW,10.0,1,0.5624,1,95.82745798979886,0.5532,1,63.91616602195427
029170226,2917,4,INTEREST,10.0,1,0.3868,0,45.92587499064393,0.3649,0,46.51566699612886
029170309,2917,2,NEVER,10.0,1,0.7287,1,44.60116600967012,0.7283,1,45.17679201671854
029170309,2917,5,ATTENDANT,10.0,1,0.5704,1,54.241917008766904,0.5719,1,40.69833399262279
029170321,2917,3,MEMORY,10.0,1,0.5694,1,51.41791599453427,0.5691,1,50.79320800723508
029170321,2917,6,FATHERS,10.0,1,0.7245,1,43.84962498443201,0.728,1,43.90775001957081
029170359,2917,2,TRANSFERRED,10.0,1,0.2698,0,41.84604200418107,0.2698,0,43.29895798582584
029170359,2917,5,MASTER,10.0,1,0.7277,1,46.49870900902897,0.7277,1,44.809000013628975
029170359,2917,7,ANOTHER,10.0,1,0.346,0,90.77604100457393,0.3719,0,59.459958982188255
029370032,2937,1,IDEAS,10.0,1,0.573,1,56.40558400773443,0.573,1,59.46983298053965
029370106,2937,4,ARGUMENT,10.0,1,0.569,1,57.66158297774382,0.5654,1,54.50699999346398
029370106,2937,6,BUSINESS,10.0,1,0.7301,1,41.29933301010169,0.7302,1,43.044625024776906
029370106,2937,8,USUAL,10.0,1,0.427,1,67.05120898550376,0.4205,1,42.02395799802616
029370108,2937,3,EDUCATION,10.0,1,0.2876,0,62.00725000235252,0.3709,1,60.43291700189002
029370108,2937,4,CAMPAIGN,10.0,1,0.2705,0,41.422707989113405,0.2702,0,43.96683399681933
029370108,2937,5,TARGETING,10.0,1,0.5726,1,53.85512500652112,0.4842,1,52.59445798583329
029370108,2937,7,ISSUE,10.0,1,0.7279,1,47.97870901529677,0.7207,1,44.82999999891035
029370108,2937,9,WEAPONS,10.0,1,0.7188,1,39.58937499555759,0.6536,1,40.80766698461957
029370126,2937,3,BEAUTIFUL,10.0,1,0.5716,1,51.687291997950524,0.5722,1,52.109167008893564
029370217,2937,5,CONFERENCE,10.0,1,0.2421,0,56.01775000104681,0.5471,1,53.16229100571945
029370230,2937,7,TODAY,10.0,1,0.2822,0,69.0177499782294,0.2722,0,48.11254201922566
029370235,2937,0,BECAUSE,10.0,1,0.2769,0,42.51766699599102,0.7175,1,41.45933300605975
029370235,2937,4,GOING,10.0,1,0.7294,1,43.44620800111443,0.7289,1,38.61545899417251
029370239,2937,5,BETTER,10.0,1,0.7272,1,69.75395802874118,0.7287,1,48.61683401395567
029370379,2937,4,ANYWAY,10.0,1,0.5315,1,80.1181249844376,0.5679,1,57.914874982088804
030070054,3007,2,SHOULDER,10.0,1,0.7166,1,42.27120798896067,0.7192,1,41.29699998884462
030070094,3007,1,AFTER,10.0,1,0.7224,1,42.17833300936036,0.6847,1,43.558290984947234
030070108,3007,3,FALLING,10.0,1,0.7274,1,44.26137497648597,0.7265,1,43.24262498994358
030070112,3007,6,SOMETHING,10.0,1,0.73,1,39.263042010134086,0.73,1,40.222874988103285
030120001,3012,2,MANY,10.0,1,0.7288,1,49.007207999238744,0.7286,1,50.21466698963195
030120003,3012,7,ABOUT,10.0,1,0.7251,1,46.80616600671783,0.7264,1,44.174083013786
030120072,3012,3,SISTER,10.0,1,0.7219,1,61.46308299503289,0.7277,1,46.97437499999069
030120089,3012,2,SOMETHING,10.0,1,0.7301,1,42.077707999851555,0.7302,1,41.58108399133198
030120121,3012,3,IDEA,10.0,1,0.5735,1,71.7437089770101,0.5716,1,58.061458985321224
030120173,3012,2,GOING,10.0,1,0.7293,1,45.853415998863056,0.7296,1,47.83604099065997
030140010,3014,5,DRIVING,10.0,1,0.7298,1,40.443833015160635,0.7297,1,43.818249978357926
030140017,3014,4,ALREADY,10.0,1,0.3775,0,85.56395798223093,0.5388,1,60.85404200712219
030140025,3014,5,BEFORE,10.0,1,0.6067,1,41.029582993360236,0.3241,0,38.52804101188667
030140053,3014,3,MORNING,10.0,1,0.7303,1,40.12283400516026,0.7302,1,46.72258300706744
030140089,3014,3,EIGHTEEN,10.0,1,0.3404,0,49.82470799586736,0.7178,1,44.09624999971129
030140126,3014,7,HEAR,10.0,1,1.0,1,40.9957499941811,1.0,1,36.58041698508896
030140128,3014,4,EVERY,10.0,1,0.7285,1,49.224415997741744,0.7286,1,50.08616700069979
030140134,3014,2,ELEVEN,10.0,1,0.5693,1,69.66199999442324,0.4102,1,61.499583011027426
030270013,3027,2,ONLY,10.0,1,0.7299,1,47.54808300640434,0.7298,1,41.52620898094028
030270014,3027,8,YEAR,10.0,1,1.0,1,35.791958012850955,1.0,1,31.008791993372142
030270033,3027,5,AFTER,10.0,1,0.7287,1,52.93858397635631,0.6956,1,49.72091701347381
030270049,3027,7,HAPPY,10.0,1,0.7282,1,62.55933400825597,0.7288,1,47.9487499978859
030270053,3027,1,FINGERS,10.0,1,0.7301,1,53.075333999004215,0.7301,1,49.3304590054322
030270053,3027,3,GIVING,10.0,1,0.727,1,39.52183297951706,0.7277,1,39.40841602161527
030270073,3027,7,FATHER,10.0,1,0.7292,1,56.10233300831169,0.7292,1,46.25712498091161
030270116,3027,4,WANTED,10.0,1,0.7297,1,49.201207992155105,0.73,1,50.57970798225142
030270161,3027,3,STORY,10.0,1,0.7299,1,62.616500013973564,0.73,1,46.83358402689919
030270175,3027,4,WINDY,10.0,1,0.7304,1,44.3101669952739,0.7304,1,41.566790983779356
030270175,3027,6,RAINY,10.0,1,0.7302,1,61.07687501935288,0.7291,1,47.98824997851625
030600004,3060,4,BEGINNING,5.0,0,0.2872,0,50.86204200051725,0.2237,0,51.06829199939966
030600039,3060,2,MOTHER,10.0,1,0.7287,1,48.9241250033956,0.7286,1,46.55570798786357
030600042,3060,2,OVER,10.0,1,0.7287,1,48.025333002442494,0.725,1,57.15345899807289
030600052,3060,2,ONLY,10.0,1,0.7294,1,42.910374992061406,0.7298,1,52.158249978674576
030600052,3060,5,SURE,10.0,1,1.0,1,31.708458991488442,1.0,1,31.654582999181002
030600054,3060,5,OUR,10.0,1,0.729,1,70.44375000987202,0.7294,1,53.51029199664481
030600070,3060,4,SOMETHING,10.0,1,0.7297,1,46.53779201908037,0.73,1,57.067375018959865
030600156,3060,3,COMING,10.0,1,0.7284,1,48.301917006028816,0.7289,1,47.57437499938533
030600168,3060,9,YOUR,10.0,1,1.0,1,31.983124994440004,1.0,1,31.42887499416247
030750012,3075,5,HERE,10.0,1,1.0,1,37.720958003774285,1.0,1,34.462083014659584
030750030,3075,6,ABOUT,10.0,1,0.7257,1,46.71712499111891,0.7269,1,43.03687499486841
030750034,3075,2,EASY,10.0,1,0.728,1,50.625375006347895,0.7282,1,51.16208299295977
030750057,3075,2,GOING,10.0,1,0.7301,1,47.61312497430481,0.7302,1,50.657125015277416
030750057,3075,4,AFTER,10.0,1,0.5115,1,48.214250011369586,0.5332,1,49.58204200374894
030750057,3075,5,DINNER,10.0,1,0.7285,1,55.54420800763182,0.7288,1,45.40199998882599
030750074,3075,1,EVENING,10.0,1,0.6229,1,47.538582992274314,0.5464,1,47.78833399177529
030750074,3075,3,FAILING,10.0,1,0.7249,1,42.298665997805074,0.7243,1,45.210083975689486
030750093,3075,2,HOLIDAY,10.0,1,0.5702,1,62.005416984902695,0.5685,1,56.51812499854714
030750108,3075,2,LOVING,10.0,1,0.7262,1,43.033291993197054,0.6534,1,59.07687498256564
030750128,3075,5,WAITING,10.0,1,0.7292,1,52.951040997868404,0.7246,1,45.942041993839666
030750155,3075,3,SOMETHING,10.0,1,0.7282,1,43.526916997507215,0.729,1,44.60795901832171
032140007,3214,5,AFTER,10.0,1,0.713,1,44.34520800714381,0.7259,1,46.4665409817826
032140025,3214,4,FATHER,10.0,1,0.7284,1,47.63504199218005,0.7274,1,51.54495898750611
032140082,3214,2,OPENED,10.0,1,0.724,1,51.22358299558982,0.7273,1,45.7468329987023
032140082,3214,4,EARS,10.0,1,1.0,1,35.32004199223593,1.0,1,36.87075001653284
032140110,3214,4,AGAIN,10.0,1,0.4352,0,56.521749997045845,0.6592,1,43.99304199614562
032140117,3214,0,ANY,10.0,1,0.7228,1,69.45429198094644,0.7284,1,48.0426249851007
032140121,3214,6,MANY,10.0,1,0.7284,1,59.374915988883004,0.7287,1,49.21887500677258
032140121,3214,9,YEAR,10.0,1,1.0,1,31.535167014226317,1.0,1,30.364416976226494
032140169,3214,3,MERRY,10.0,1,0.7288,1,61.65270900237374,0.7287,1,48.449666996020824
034120027,3412,2,ANY,10.0,1,0.7288,1,44.32283298228867,0.7283,1,43.90295801567845
034120035,3412,2,SECOND,10.0,1,0.7111,1,41.91579201142304,0.7272,1,42.51737502636388
034120077,3412,4,EVERY,10.0,1,0.7289,1,43.28604199690744,0.729,1,41.62316600559279
034120085,3412,5,WAITING,10.0,1,0.729,1,41.74120898824185,0.7295,1,46.6327499889303
034120101,3412,2,ONLY,10.0,1,0.7294,1,45.740375004243106,0.7294,1,42.43908301577903
034120111,3412,3,MOTHER,10.0,1,0.7248,1,71.0582910105586,0.7286,1,46.76641698461026
034120125,3412,3,LISTENING,10.0,1,0.4749,1,50.2188750251662,0.5696,1,49.18795797857456
034120155,3412,2,FORTY,10.0,1,0.7302,1,42.980375001206994,0.7299,1,55.02133400295861
034120161,3412,1,YEAR,10.0,1,1.0,1,32.284417015034705,1.0,1,34.08524999395013
034120161,3412,4,OVER,10.0,1,0.7247,1,72.02950000646524,0.7297,1,48.86799998348579
036310098,3631,2,PARENTS,10.0,1,0.7166,1,43.309332977514714,0.7122,1,61.55787501484156
036310100,3631,3,AFTER,10.0,1,0.727,1,44.76775001967326,0.7284,1,42.64112500823103
036310116,3631,1,SURELY,10.0,1,0.7301,1,50.44062502565794,0.7302,1,48.12845902051777
036310116,3631,2,OVER,10.0,1,0.7297,1,53.062916005728766,0.7298,1,47.90225002216175
036310116,3631,4,OVER,10.0,1,0.7298,1,44.20174998813309,0.7298,1,46.35008398327045
036310116,3631,5,AGAIN,10.0,1,0.7292,1,43.72854201938026,0.7286,1,43.092083011288196
036310159,3631,6,HAPPY,10.0,1,0.7268,1,67.56333401426673,0.7282,1,46.02170901489444
050150024,5015,2,AFRAID,10.0,1,0.7295,1,45.7784169993829,0.7303,1,49.45045898784883
050150024,5015,7,ALONE,10.0,1,0.7141,1,42.135125026106834,0.7203,1,41.835500014713034
050150028,5015,3,OTHERS,10.0,1,0.6836,1,45.19337500096299,0.4281,0,51.57054198207334
050150041,5015,3,ABOUT,10.0,1,0.7286,1,49.788250005804,0.7291,1,30.818582978099585
050150041,5015,5,MATTER,10.0,1,0.7293,1,43.180584005312994,0.7292,1,45.155916013754904
050150041,5015,8,OTHER,10.0,1,0.7293,1,42.48120801639743,0.7291,1,44.70212501473725
050150070,5015,2,NOTHING,10.0,1,0.7272,1,41.53216700069606,0.7261,1,40.79620898119174
050150070,5015,5,STORIES,10.0,1,0.73,1,51.91445798845962,0.7301,1,47.32787498505786
050150093,5015,1,CERTAINLY,10.0,1,0.5534,1,54.87216598703526,0.5203,1,56.2279169971589
050150116,5015,7,THEMSELVES,10.0,1,0.271,0,41.93850001320243,0.2796,0,39.912458014441654
050150125,5015,4,MORNING,10.0,1,0.7301,1,40.552457998273894,0.73,1,42.30683299829252
050150163,5015,1,NEVER,10.0,1,0.7285,1,43.23108398239128,0.7286,1,46.94704100256786
050150165,5015,3,SISTER,10.0,1,0.7267,1,60.07191599928774,0.7283,1,46.21241599670611
050150170,5015,4,TELLING,10.0,1,0.7235,1,40.127958985976875,0.7159,1,42.51075000502169
050150175,5015,3,HERE,10.0,1,1.0,1,45.10162500082515,1.0,1,37.84537498722784
050170002,5017,7,ABOUT,10.0,1,0.7295,1,41.724834009073675,0.7296,1,43.262541003059596
050170005,5017,0,NOTHING,10.0,1,0.7268,1,40.909291012212634,0.7239,1,48.530958010815084
050170005,5017,1,HERE,10.0,1,1.0,1,35.13079200638458,1.0,1,33.79091701935977
050170101,5017,3,TODAY,10.0,1,0.2718,0,41.63154200068675,0.2749,0,44.22891701688059
050170113,5017,6,FASTER,10.0,1,0.7278,1,55.526165990158916,0.7278,1,47.5903750048019
050170117,5017,5,NOTHING,10.0,1,0.7238,1,43.312499998137355,0.7258,1,40.568374999566004
050170131,5017,6,BEGIN,10.0,1,0.698,1,39.905000012367964,0.2744,0,39.54866700223647
050170131,5017,7,ABOUT,10.0,1,0.7301,1,42.8398750082124,0.6792,1,47.400458017364144
050170132,5017,9,HAPPEN,10.0,1,0.7269,1,40.18312500556931,0.7288,1,45.28545800712891
050170145,5017,2,HEAR,10.0,1,1.0,1,34.76375000900589,1.0,1,36.7787079885602
050170145,5017,6,BEFORE,10.0,1,0.2801,0,61.0649170121178,0.2777,0,38.874125020811334
050170151,5017,2,NOTHING,10.0,1,0.7251,1,42.53779200371355,0.7248,1,42.64475000672974
050170151,5017,3,UNDER,10.0,1,0.7243,1,45.76866599381901,0.7257,1,50.16445799265057
050170154,5017,2,NOTHING,10.0,1,0.7264,1,40.39933401509188,0.7248,1,42.9717079969123
050170154,5017,6,ABOUT,10.0,1,0.7297,1,45.519833016442135,0.7272,1,41.970749996835366
050170165,5017,7,HERE,10.0,1,1.0,1,44.092124997405335,1.0,1,30.70983398356475
050290009,5029,6,SUBJECT,10.0,1,0.3344,0,40.343792003113776,0.2706,0,39.257666998310015
050290028,5029,3,BECOME,10.0,1,0.2779,0,40.56783299893141,0.2811,0,39.47762501775287
050290028,5029,6,POOR,10.0,1,1.0,1,37.067500001285225,1.0,1,35.12479198980145
050290028,5029,8,ALONE,10.0,1,0.7254,1,44.25916698528454,0.7241,1,40.47591699054465
050290042,5029,4,DIFFERENT,10.0,1,0.3788,0,40.23445799248293,0.4409,0,58.55312498169951
050290060,5029,3,ANY,10.0,1,0.7213,1,42.24333300953731,0.7268,1,39.74591600126587
050290060,5029,6,AFTERNOON,10.0,1,0.2143,0,52.861083997413516,0.2131,0,50.82733402377926
050290062,5029,0,OUR,10.0,1,0.7207,1,63.176083989674225,0.7292,1,35.043499985476956
050290062,5029,1,POOR,10.0,1,1.0,1,33.76995801227167,1.0,1,33.48658300819807
050290062,5029,3,SISTER,10.0,1,0.7285,1,42.33429199666716,0.7285,1,42.83058299915865
050290079,5029,4,BETTER,10.0,1,0.7264,1,62.95016597141512,0.7284,1,43.745415983721614
050290087,5029,7,LONDON,10.0,1,0.7288,1,39.08220899756998,0.7291,1,39.29279200383462
050290087,5029,9,WINTER,10.0,1,0.7297,1,57.43979100952856,0.7302,1,42.23754198756069
050290120,5029,1,AFTERNOON,10.0,1,0.2152,0,52.652375015895814,0.2147,0,52.750083996215835
050290120,5029,2,NOTHING,10.0,1,0.7096,1,40.10616600862704,0.7128,1,42.40916698472574
050290120,5029,3,HAPPENED,10.0,1,0.7096,1,39.79679199983366,0.6608,1,41.43349998048507
050290136,5029,3,NOTHING,10.0,1,0.7232,1,39.87270800280385,0.7234,1,44.6417500206735
050290145,5029,8,NOTHING,10.0,1,0.7173,1,41.04766598902643,0.7183,1,48.36679101572372
050290149,5029,3,OTHERS,10.0,1,0.7244,1,63.7391249765642,0.7185,1,50.52354102372192
050290162,5029,2,BETTER,10.0,1,0.7278,1,42.58750000735745,0.7282,1,42.46175001026131
050290167,5029,2,NOTHING,10.0,1,0.7259,1,40.370792004978284,0.7248,1,45.78549999860115
050390001,5039,2,ALSO,10.0,1,0.722,1,44.27487499197014,0.7174,1,44.60483300499618
050390001,5039,7,AWAY,10.0,1,0.5049,1,53.64362502587028,0.273,0,43.56283400557004
050390011,5039,4,FINISH,10.0,1,0.7264,1,40.640167018864304,0.7239,1,43.093625019537285
050390020,5039,4,AWAY,10.0,1,0.3566,0,66.28670799545944,0.2725,0,45.64458399545401
050390021,5039,0,NOTHING,10.0,1,0.728,1,42.25795800448395,0.7197,1,42.99654200440273
050390040,5039,3,MEETINGS,10.0,1,0.7136,1,49.894916999619454,0.7168,1,48.071666999021545
050390040,5039,5,WONDERFUL,10.0,1,0.4389,1,63.53462499100715,0.5323,1,53.160375013248995
050390048,5039,2,AWAY,10.0,1,0.5141,1,45.5857909983024,0.402,0,41.06029198737815
050390048,5039,3,SLOWLY,10.0,1,0.7291,1,42.84562499378808,0.7291,1,38.390583998989314
050390048,5039,4,INTO,10.0,1,0.7225,1,43.995333020575345,0.7232,1,46.19508300675079
050390057,5039,3,BETTER,10.0,1,0.7282,1,43.18720899755135,0.7286,1,50.39333298918791
050390057,5039,4,STUDY,10.0,1,0.7297,1,42.447791987797245,0.7294,1,41.44124998128973
050390087,5039,5,LETTER,10.0,1,0.7284,1,48.16120900795795,0.7288,1,46.02383301244117
050390090,5039,0,NOTHING,10.0,1,0.726,1,43.07741700904444,0.7245,1,41.58900000038557
050390090,5039,4,HERE,10.0,1,1.0,1,37.06404200056568,1.0,1,36.974582995753735
050390097,5039,3,POOR,10.0,1,1.0,1,39.97037501540035,1.0,1,34.21216699643992
050390114,5039,4,LADY,10.0,1,0.7292,1,59.57237500115298,0.7274,1,44.455291994381696
050390129,5039,1,SURE,10.0,1,1.0,1,32.560708990786225,1.0,1,33.55108399409801
050390129,5039,5,ALREADY,10.0,1,0.5223,1,80.74745800695382,0.468,1,57.43983399588615
050390175,5039,4,OTHER,10.0,1,0.7271,1,47.181749978335574,0.7275,1,46.67341700405814
050390175,5039,5,ALSO,10.0,1,0.6343,1,48.3240419998765,0.6895,1,40.304459020262584
050720001,5072,3,GROWING,10.0,1,0.7304,1,40.76391700073145,0.7303,1,41.906415979610756
050720017,5072,5,OTHER,10.0,1,0.7156,1,67.5088329880964,0.7262,1,50.35775000578724
050720040,5072,4,OTHERS,10.0,1,0.4204,0,45.7570830185432,0.7236,1,50.71174999466166
050720063,5072,1,POOR,10.0,1,1.0,1,33.97304200916551,1.0,1,35.956792009528726
050720072,5072,2,NEVER,10.0,1,0.7292,1,42.29954199399799,0.729,1,43.54095799499191
050720072,5072,5,OTHER,10.0,1,0.7289,1,43.94216698710807,0.7288,1,42.28845800389536
050720072,5072,6,AGAIN,10.0,1,0.6195,1,42.187083017779514,0.7127,1,45.043792022624984
050720076,5072,2,CLEVER,10.0,1,0.73,1,45.33250001259148,0.7299,1,46.814957982860506
050720076,5072,8,WATER,10.0,1,0.7276,1,63.50737498723902,0.7292,1,45.49170800601132
050720078,5072,1,LIKENESS,10.0,1,0.7292,1,44.820250011980534,0.7296,1,45.747166994260624
050720078,5072,4,LADY,10.0,1,0.73,1,44.40829099621624,0.73,1,46.17179199703969
050720078,5072,6,WONDERFUL,10.0,1,0.4742,1,63.0182079912629,0.5498,1,56.10041701584123
050720079,5072,3,NOTHING,10.0,1,0.7283,1,40.9628750057891,0.7279,1,41.58441597246565
050720124,5072,3,IMPORTANT,10.0,1,0.5651,1,57.79516699840315,0.5505,1,39.72000000067055
050720124,5072,8,QUIET,10.0,1,0.7298,1,43.879040982574224,0.73,1,44.66287500690669
050720126,5072,1,OTHERS,10.0,1,0.7173,1,47.37524999654852,0.7273,1,51.74279198399745
050720138,5072,0,ONLY,10.0,1,0.6039,1,60.485958005301654,0.7297,1,44.0063749847468
050720138,5072,3,BETTER,10.0,1,0.7285,1,41.8235840043053,0.7288,1,42.95237499172799
050720158,5072,7,ASKING,10.0,1,0.4742,0,42.61233299621381,0.4424,0,41.30149999400601
052200004,5220,4,CARRY,10.0,1,0.7287,1,47.113874985370785,0.7289,1,46.04612500406802
052200020,5220,4,ABOUT,10.0,1,0.7288,1,43.772542005172,0.7253,1,46.48929098038934
052200044,5220,4,AWAY,10.0,1,0.7218,1,47.93233299278654,0.7156,1,44.54570802045055
052200050,5220,1,ALONE,10.0,1,0.7284,1,48.177249991567805,0.7281,1,58.3441250200849
052200050,5220,6,OTHER,10.0,1,0.7276,1,55.292791017564014,0.729,1,54.33470799471252
052200066,5220,2,NOTHING,10.0,1,0.6933,1,41.93258300074376,0.7268,1,42.18899999978021
052200076,5220,4,LETTER,10.0,1,0.7179,1,60.52862497745082,0.7288,1,42.300375003833324
052200092,5220,1,MOTHER,10.0,1,0.718,1,48.09850000310689,0.7212,1,48.62508299993351
052200095,5220,4,BEFORE,10.0,1,0.2856,0,47.330916015198454,0.2767,0,39.757999998982996
052200110,5220,5,STORY,10.0,1,0.7296,1,53.92137501621619,0.7296,1,49.44841700489633
052200142,5220,3,AWAY,10.0,1,0.718,1,54.58941700635478,0.547,1,50.950540986377746
052200142,5220,6,AM,10.0,1,0.7287,0,48.986291978508234,0.4901,0,36.2036669976078
052200142,5220,7,AFRAID,10.0,1,0.73,1,42.33033300261013,0.728,1,43.68695800076239
052200150,5220,6,AM,10.0,1,0.7281,0,39.95333399507217,0.5504,0,48.60712500521913
052200152,5220,0,EARLIER,10.0,1,0.478,1,79.22291601425968,0.3885,1,61.15658298949711
052200152,5220,3,MORNING,10.0,1,0.7298,1,42.9250419838354,0.7301,1,40.699167002458125
052200162,5220,0,ANOTHER,10.0,1,0.5631,1,80.43212498887442,0.2465,0,59.88070898456499
054060017,5406,2,YOUR,10.0,1,1.0,1,30.316582997329533,1.0,1,31.596749991877005
054060017,5406,3,BROTHER,10.0,1,0.7293,1,68.32695798948407,0.7297,1,49.547707982128486
054060036,5406,5,FORGET,10.0,1,0.2799,0,43.39566599810496,0.6365,1,42.9666249838192
054060036,5406,6,SOMETHING,10.0,1,0.73,1,44.7483750176616,0.7301,1,40.423791971988976
054060036,5406,8,SOMEBODY,10.0,1,0.4511,1,80.5939580022823,0.4719,1,59.5862079935614
054060076,5406,6,AWAY,10.0,1,0.6187,1,55.397082993295044,0.6341,1,48.0014999920968
054060116,5406,3,OLDER,10.0,1,0.7277,1,128.77291699987836,0.7297,1,43.772833014372736
054060126,5406,3,AFRAID,10.0,1,0.7295,1,45.46479199780151,0.7278,1,44.47691701352596
054060147,5406,3,HUNGRY,10.0,1,0.73,1,43.63437500433065,0.7302,1,42.94479198870249
054060149,5406,1,NEVER,10.0,1,0.7287,1,46.455042000161484,0.7287,1,48.507540981518105
054060149,5406,6,PLACES,10.0,1,0.7286,1,42.2533749951981,0.729,1,41.836999997030944
054060149,5406,8,OTHER,10.0,1,0.688,1,71.95308301015757,0.7285,1,48.34437498357147
054060153,5406,3,HOMEWORK,10.0,1,0.7298,1,41.26929200720042,0.73,1,40.011624980252236
054060173,5406,9,OVER,10.0,1,0.7281,1,69.57849999889731,0.7287,1,43.75587499816902
054280012,5428,0,NOTHING,10.0,1,0.7266,1,40.64137500245124,0.7282,1,39.1925000003539
054280023,5428,4,SOMETHING,10.0,1,0.7299,1,40.711750014452264,0.73,1,39.24858299433254
054280030,5428,4,AGAIN,10.0,1,0.6481,1,42.881792003754526,0.3828,0,41.91087500657886
054280042,5428,6,LADY,10.0,1,0.729,1,64.78704197797924,0.7285,1,44.49408300570212
054280049,5428,4,OTHERS,10.0,1,0.7244,1,51.9251250079833,0.7273,1,47.62183400453068
054280078,5428,2,FOLLOWED,10.0,1,0.6978,1,41.9432089838665,0.5022,1,38.319624989526346
054280078,5428,4,HERE,10.0,1,1.0,1,36.24454099917784,1.0,1,35.3449999820441
054280118,5428,6,ABOUT,10.0,1,0.7279,1,42.316541977925226,0.73,1,44.1507080104202
054280128,5428,0,NOTHING,10.0,1,0.7291,1,41.717540996614844,0.7281,1,40.47133299172856
054280148,5428,3,NOTHING,10.0,1,0.6147,1,41.29412499605678,0.6636,1,40.22245801752433
054320015,5432,3,MOTHER,10.0,1,0.7257,1,68.09174999943934,0.7291,1,42.32412501005456
054320019,5432,1,HOURS,10.0,1,0.7291,1,49.95141600375064,0.7218,1,56.134583021048456
054320020,5432,2,WOMAN,10.0,1,0.7184,1,40.60020801261999,0.7195,1,41.07212499366142
054320020,5432,4,FOLLOW,10.0,1,0.6989,1,74.81320798979141,0.7049,1,52.30024998309091
054320024,5432,6,BETTER,10.0,1,0.7281,1,43.140499998116866,0.7278,1,43.852125003468245
054320024,5432,8,AFTER,10.0,1,0.7268,1,60.20950002130121,0.7278,1,46.52266702032648
054320037,5432,1,OFTENER,10.0,1,0.3929,1,66.79737500962801,0.3398,0,67.70141600281931
054320061,5432,6,OPEN,10.0,1,0.698,1,50.72820800705813,0.7171,1,40.454833972034976
054320067,5432,3,NOTHING,10.0,1,0.7176,1,44.254374981392175,0.7161,1,42.106291017262265
054320076,5432,5,NEAR,10.0,1,1.0,1,33.68041702196933,1.0,1,32.585542008746415
054320080,5432,6,ABOUT,10.0,1,0.7267,1,41.00516700418666,0.7256,1,39.12658299668692
054320099,5432,4,AWAY,10.0,1,0.2952,0,47.813374985707924,0.2737,0,44.518542010337114
054320099,5432,5,WITHOUT,10.0,1,0.7265,1,44.834541011368856,0.7242,1,48.00758298370056
054320099,5432,6,ANY,10.0,1,0.7284,1,44.78249998646788,0.7279,1,43.13504201127216
054320100,5432,5,SUPPER,10.0,1,0.7286,1,43.43212500680238,0.7285,1,45.124332973500714
054320118,5432,3,BEGIN,10.0,1,0.5248,1,41.66849999455735,0.3669,0,45.08716700365767
054320118,5432,5,WORRY,10.0,1,0.7287,1,42.99483299837448,0.7289,1,32.82620900426991
054320118,5432,6,ABOUT,10.0,1,0.7282,1,41.86670799390413,0.7281,1,41.01662497851066
054320118,5432,8,FUTURE,10.0,1,0.7291,1,62.01070800307207,0.7296,1,53.41691701323725
054320136,5432,5,OTHER,10.0,1,0.7291,1,44.07495801569894,0.729,1,43.99762497632764
054320140,5432,2,VERY,10.0,1,0.7285,1,44.073416996980086,0.7283,1,45.943208009703085
054320140,5432,3,SORRY,10.0,1,0.7253,1,47.69329199916683,0.7289,1,46.50554098770954
054320140,5432,5,ASKING,10.0,1,0.6672,1,40.446250000968575,0.6953,1,39.160082989837974
054320149,5432,4,PALACE,10.0,1,0.723,1,42.37024998292327,0.7229,1,40.39395900326781
054320149,5432,5,TOGETHER,10.0,1,0.2202,0,53.82062500575557,0.2171,0,54.492541996296495
054320149,5432,7,EVENING,10.0,1,0.3403,0,43.08341699652374,0.6721,1,45.48620799323544
055470040,5547,2,OTHER,10.0,1,0.7232,1,60.15512498561293,0.7198,1,71.92720801685937
055470040,5547,3,COUNTRY,10.0,1,0.73,1,59.923124994384125,0.7303,1,61.281624977709725
055470046,5547,2,ONLY,10.0,1,0.7299,1,65.2959169819951,0.7288,1,69.0767079940997
055470046,5547,3,OUTSIDE,10.0,1,0.2705,0,62.188834010157734,0.2696,0,49.47491598431952
055470080,5547,1,HERE,10.0,1,1.0,1,48.08091599261388,1.0,1,49.79383299360052
055470082,5547,1,WOMAN,10.0,1,0.7237,1,45.16120901098475,0.6915,1,52.53350001294166
055470082,5547,2,FOLLOW,10.0,1,0.6781,1,73.89420800609514,0.718,1,62.262749997898936
055470082,5547,6,SERE,10.0,1,1.0,1,35.014749999390915,1.0,1,34.66737500275485
055470088,5547,2,BETTER,10.0,1,0.728,1,48.420500010252,0.727,1,60.83737500011921
055470104,5547,8,OFFICE,10.0,1,0.6974,1,47.69695800496265,0.5902,1,54.50258302153088
055470105,5547,2,NOTHING,10.0,1,0.7225,1,43.665792007232085,0.7148,1,50.16508299740963
055470105,5547,4,PARTIES,10.0,1,0.7296,1,46.60758300451562,0.73,1,45.841499988455325
055470120,5547,5,QUIET,10.0,1,0.6046,1,47.05970801296644,0.7301,1,51.75487499218434
055470131,5547,4,HOUR,10.0,1,0.7295,1,64.9289170105476,0.7297,1,46.24112497549504
055470141,5547,6,ANGRY,10.0,1,0.725,1,48.251333006192,0.7194,1,46.57854198012501
055470170,5547,4,MONEY,10.0,1,0.7115,1,67.92254201718606,0.7291,1,46.71191598754376
055470175,5547,1,ABOUT,10.0,1,0.6322,1,45.9112910029944,0.73,1,44.8669999896083
055470175,5547,3,FUTURE,10.0,1,0.7294,1,54.510541987838224,0.7293,1,43.10408400488086
060670002,6067,7,PARENTS,10.0,1,0.7155,1,40.10716700577177,0.7243,1,40.469041996402666
060670003,6067,5,WONDERFUL,10.0,1,0.5222,1,56.32516599143855,0.5039,1,58.59429101110436
060670017,6067,3,MYSELF,10.0,1,0.3145,0,42.140333011047915,0.2704,0,43.62954097450711
060670017,6067,6,NOTHING,10.0,1,0.7175,1,40.81949999090284,0.7278,1,39.650874998187646
060670017,6067,7,ABOUT,10.0,1,0.7289,1,43.97550001158379,0.7252,1,43.31350000575185
060670029,6067,3,SURE,10.0,1,1.0,1,30.507249990478158,1.0,1,29.898666020017117
060670035,6067,0,ONLY,10.0,1,0.7291,1,64.81358400196768,0.7293,1,39.255375013453886
060670035,6067,8,HERE,10.0,1,1.0,1,46.64774998673238,1.0,1,36.89370898064226
060670038,6067,2,HAPPENED,10.0,1,0.7272,1,39.55395900993608,0.726,1,41.49012500420213
060670038,6067,5,WONDER,10.0,1,0.7303,1,61.67654198361561,0.7304,1,44.274750020122156
060670041,6067,4,PRETTY,10.0,1,0.7298,1,60.26883298181929,0.73,1,52.98795801354572
060670044,6067,5,OUR,10.0,1,0.7298,1,44.450041983509436,0.7297,1,45.1607909926679
060670044,6067,6,QUIET,10.0,1,0.7303,1,40.02716700779274,0.7302,1,39.8687919951044
060670044,6067,9,READY,10.0,1,0.7279,1,62.781000015093014,0.7291,1,45.86945800110698
060670049,6067,2,ANGRY,10.0,1,0.7136,1,45.53283401764929,0.7242,1,44.39125000499189
060670060,6067,1,WONDER,10.0,1,0.7303,1,42.22929201205261,0.7302,1,41.98091599391773
060670060,6067,4,POOR,10.0,1,1.0,1,37.25958298309706,1.0,1,39.183042012155056
060670060,6067,5,LADY,10.0,1,0.7301,1,42.11949999444187,0.73,1,43.49800001364201
060670062,6067,1,WONDER,10.0,1,0.7304,1,46.38758298824541,0.7304,1,43.72858299757354
060670062,6067,3,WONDERS,10.0,1,0.7302,1,66.81695801671594,0.7302,1,46.15308399661444
060670072,6067,2,VERY,10.0,1,0.7287,1,44.72308300319128,0.7286,1,45.44099999475293
060670072,6067,4,OVER,10.0,1,0.7296,1,50.74400000739843,0.7293,1,51.60395900020376
060670075,6067,2,ABOUT,10.0,1,0.7282,1,40.40504197473638,0.729,1,41.42712501925416
060670075,6067,3,YOUR,10.0,1,1.0,1,29.536584013840184,1.0,1,29.36808401136659
060670080,6067,7,AFRAID,10.0,1,0.7299,1,43.80408301949501,0.7285,1,40.69958298350684
060670094,6067,2,NEVER,10.0,1,0.7292,1,43.20170800201595,0.729,1,46.06854199664667
060670111,6067,6,ENTERED,10.0,1,0.6912,1,62.105958990287036,0.4018,0,55.299250001553446
060670144,6067,7,AGAIN,10.0,1,0.3768,0,43.441457994049415,0.7173,1,43.75149999395944
060990011,6099,2,SURE,10.0,1,1.0,1,31.208833010168746,1.0,1,32.15591702610254
060990029,6099,2,EVENING,10.0,1,0.5525,1,43.938082992099226,0.5697,1,49.93675000150688
060990029,6099,5,AGAIN,10.0,1,0.6734,1,44.62420899653807,0.7048,1,47.02762499800883
060990039,6099,2,STANDING,10.0,1,0.7302,1,42.84120898228139,0.7302,1,41.27533300197683
060990059,6099,3,MANY,10.0,1,0.729,1,39.650041988352314,0.7289,1,40.70808400865644
060990059,6099,4,OTHERS,10.0,1,0.4376,0,45.41908300598152,0.4387,0,49.76058399188332
060990059,6099,5,INTERESTED,5.0,0,0.3312,0,69.10658298875205,0.3252,0,58.59575001522899
060990078,6099,1,LOVERS,10.0,1,0.7139,1,50.307624973356724,0.7234,1,52.717208018293604
060990083,6099,1,WONDER,10.0,1,0.7303,1,50.61366700101644,0.7303,1,43.80587500054389
060990129,6099,6,HELPING,10.0,1,0.7302,1,40.30558399972506,0.7301,1,40.38774999207817
060990168,6099,5,WONDER,10.0,1,0.7302,1,42.30637499131262,0.7302,1,41.45704198163003
060990175,6099,3,WILLING,10.0,1,0.7096,1,41.1891249823384,0.6224,1,49.93216699222103
060990175,6099,6,OTHERS,10.0,1,0.4962,0,46.67491698637605,0.4273,0,47.34137500054203
069020020,6902,0,AFTER,10.0,1,0.7133,1,98.62954201526009,0.7281,1,50.96458402113058
069020020,6902,5,MATTER,10.0,1,0.664,1,56.91774998558685,0.7202,1,44.74891599966213
069020037,6902,4,HERE,10.0,1,1.0,1,70.21045900182799,1.0,1,35.53808300057426
069020044,6902,4,HERE,10.0,1,1.0,1,41.38025001157075,1.0,1,54.36758301220834
069020044,6902,9,STANDING,10.0,1,0.7285,1,42.553915991447866,0.7302,1,42.76112499064766
069020059,6902,5,ANY,5.0,0,0.4671,0,29.758999997284263,0.6134,1,28.82300000055693
069020065,6902,3,AWAY,5.0,0,0.2787,0,43.22320799110457,0.7236,1,30.608208006015047
069020065,6902,6,NOTHING,10.0,1,0.7231,1,39.93754199473187,0.7065,1,39.441583008738235
069020090,6902,9,SUPPER,10.0,1,0.7161,1,68.85737500851974,0.724,1,56.56291701598093
069020091,6902,0,PUSHING,10.0,1,0.6317,1,48.57462501968257,0.6817,1,44.3267919763457
069020091,6902,3,OPEN,10.0,1,0.7088,1,78.79787500132807,0.7049,1,63.55529199936427
069020091,6902,5,ENTERED,10.0,1,0.3363,0,51.17233298369683,0.4499,0,60.88104099035263
069020096,6902,1,WONDER,10.0,1,0.7301,1,53.6031250085216,0.7302,1,51.45274999085814
069020096,6902,2,EVERY,10.0,1,0.7269,1,52.195167023455724,0.7286,1,43.26816598768346
069020103,6902,2,EVENTS,10.0,1,0.674,1,40.41866699117236,0.7178,1,33.155832992633805
069020143,6902,4,RETURN,10.0,1,0.2819,0,39.63720900355838,0.5814,1,40.32166700926609
069020155,6902,1,ANOTHER,5.0,0,0.5346,1,72.3637500195764,0.5701,1,39.21737501514144
069020168,6902,1,CHILDREN,10.0,1,0.7293,1,41.83358300360851,0.7249,1,46.71412502648309
080630011,8063,4,UNDER,10.0,1,0.7278,1,46.87512500095181,0.7278,1,48.02033299347386
080630014,8063,1,FACES,10.0,1,0.7292,1,41.68316599680111,0.7292,1,41.64937499444932
080630019,8063,2,BELIEVE,10.0,1,0.2984,0,40.41620797943324,0.2844,0,42.59608400752768
080630053,8063,2,NEVER,10.0,1,0.7287,1,39.90462500951253,0.729,1,41.08812499907799
080630062,8063,5,LANGUAGE,10.0,1,0.7299,1,42.04149998258799,0.7302,1,40.750915999524295
080630086,8063,8,WISHES,10.0,1,0.7264,1,43.49108302267268,0.7254,1,42.78066701954231
080630090,8063,7,EVERYBODY,10.0,1,0.3091,1,73.84404199547134,0.3215,1,68.34645799244754
080630093,8063,2,TALKING,10.0,1,0.7292,1,41.56316598528065,0.7275,1,42.6695829955861
080630094,8063,1,SECOND,10.0,1,0.724,1,42.120083002373576,0.7215,1,42.407416010973975
080630094,8063,4,YEAR,10.0,1,1.0,1,31.15791699383408,1.0,1,33.539249998284504
080630094,8063,5,LATER,10.0,1,0.7297,1,60.870250017615035,0.7297,1,44.43429197999649
080630123,8063,4,ANSWERED,10.0,1,0.7279,1,44.80350000085309,0.7284,1,45.29320800793357
080630125,8063,5,YOUR,10.0,1,1.0,1,29.96850002091378,1.0,1,30.857917008688673
080630140,8063,4,ABOUT,10.0,1,0.7262,1,42.53516599419527,0.7271,1,42.241792019922286
080630147,8063,2,SISTER,10.0,1,0.7261,1,48.158375022467226,0.7254,1,51.499915978638455
080630147,8063,5,BELIEVE,10.0,1,0.2742,0,39.965500007383525,0.2951,0,41.18229099549353
080630152,8063,2,PROMISE,10.0,1,0.7245,1,51.04291599127464,0.7242,1,50.30175001593307
080630155,8063,0,OUR,10.0,1,0.7285,1,70.7242919888813,0.7297,1,47.131791012361646
080630155,8063,4,RATHER,10.0,1,0.7291,1,41.12587502459064,0.7292,1,42.376792000140995
080630170,8063,1,BETTER,10.0,1,0.7282,1,42.66508299042471,0.7284,1,40.97941701184027
080680020,8068,1,READY,10.0,1,0.7294,1,43.051499989815056,0.7292,1,48.59350001788698
080680029,8068,3,WANTED,10.0,1,0.73,1,44.14212499978021,0.73,1,44.5690419874154
080680029,8068,5,EXPLAINED,10.0,1,0.7295,1,47.52879199804738,0.7297,1,42.53670902107842
080680031,8068,1,EVENING,10.0,1,0.4422,0,41.01045898278244,0.707,1,44.34624998248182
080680031,8068,5,LETTER,10.0,1,0.7291,1,44.44999998668209,0.7292,1,48.861958988709375
080680031,8068,8,FATHER,10.0,1,0.7156,1,62.514624994946644,0.7285,1,48.21491698385216
080680056,8068,2,ANYTHING,10.0,1,0.5688,1,53.59891601256095,0.5674,1,51.36174999643117
080680069,8068,5,SEEMING,10.0,1,0.6553,1,41.14187500090338,0.7229,1,41.19200000423007
080680084,8068,1,ONLY,10.0,1,0.7297,1,42.676999990362674,0.7296,1,45.76087501482107
080680095,8068,5,FINGER,10.0,1,0.7303,1,45.02704201149754,0.7303,1,43.7084169825539
080680106,8068,1,DEAR,10.0,1,1.0,1,31.86725001432933,1.0,1,30.661875003715977
080680108,8068,1,CANNOT,10.0,1,0.3881,0,51.56662501394749,0.707,1,51.25916699762456
080680108,8068,5,HONEST,10.0,1,0.6895,1,48.54133300250396,0.2924,0,48.43179200543091
080680129,8068,3,EVERYBODY,10.0,1,0.3101,1,73.91066700802185,0.2721,0,61.768957995809615
080680133,8068,4,BETWEEN,10.0,1,0.6886,1,38.5954589874018,0.6485,1,39.88504098379053
080680151,8068,4,VERY,10.0,1,0.7291,1,41.86733299866319,0.7291,1,39.34616700280458
080680153,8068,4,ANOTHER,10.0,1,0.4284,1,53.516582993324846,0.3931,1,54.03450000449084
080680153,8068,7,MOMENT,10.0,1,0.7282,1,41.35504100122489,0.7177,1,41.349457984324545
080680170,8068,0,BECAUSE,10.0,1,0.279,0,48.77983400365338,0.6709,1,46.29508298239671
080680170,8068,4,GOING,10.0,1,0.7298,1,47.07962501561269,0.7295,1,46.44304097746499
080680174,8068,3,LAZY,10.0,1,0.729,1,49.965708021773025,0.7292,1,45.14233299414627
081530002,8153,1,QUIET,10.0,1,0.7302,1,46.486541017657146,0.7303,1,42.55362498224713
081530002,8153,4,MOMENT,10.0,1,0.7299,1,41.6078329726588,0.7299,1,41.7662090039812
081530014,8153,3,FRIENDSHIP,10.0,1,0.73,1,41.42933298135176,0.73,1,42.12650001863949
081530016,8153,4,PERSONALLY,10.0,1,0.3166,1,86.04016600293107,0.3138,1,68.3343329874333
081530018,8153,2,GOING,10.0,1,0.7302,1,39.22479200991802,0.7302,1,39.82616701978259
081530023,8153,5,HANDSOME,10.0,1,0.7301,1,40.1952080137562,0.73,1,39.37083299388178
081530038,8153,6,SOMETHING,10.0,1,0.7303,1,38.98070898139849,0.7302,1,48.51308299112134
081530038,8153,7,WANTING,10.0,1,0.7281,1,41.069792001508176,0.7285,1,38.273666985332966
081530073,8153,2,PITY,10.0,1,0.7276,1,44.596040999749675,0.7283,1,40.53929200745188
081530073,8153,7,BREAKFAST,10.0,1,0.7278,1,41.24595900066197,0.7299,1,45.567499997559935
081530085,8153,5,DEAR,10.0,1,1.0,1,29.90754198981449,1.0,1,30.714666994754225
081530088,8153,4,FORGET,10.0,1,0.2959,0,43.026667000958696,0.3267,0,39.844167011324316
081530100,8153,5,NOTHING,10.0,1,0.7255,1,43.55112501070835,0.7111,1,42.73220899631269
081530107,8153,4,WHETHER,10.0,1,0.7289,1,43.51445901556872,0.729,1,44.214416993781924
081530109,8153,4,DIFFERENT,10.0,1,0.7232,1,48.49641700275242,0.7217,1,51.94274999666959
081530139,8153,3,READY,10.0,1,0.7285,1,40.21608299808577,0.728,1,42.037125007482246
081530167,8153,2,AMONG,10.0,1,0.687,1,40.367042005527765,0.7217,1,31.203750026179478
085810018,8581,1,ANOTHER,10.0,1,0.4437,1,58.63049998879433,0.5054,1,61.354583012871444
085810038,8581,8,MEDICINE,5.0,0,0.2381,0,64.2240830056835,0.5477,1,57.51600000075996
085810040,8581,2,NEVER,10.0,1,0.7282,1,43.756291997851804,0.728,1,47.03054198762402
085810040,8581,7,ANYBODY,10.0,1,0.301,1,84.17591601028107,0.2962,1,64.64012499782257
085810043,8581,4,MEETINGS,10.0,1,0.7121,1,60.326874983729795,0.7251,1,51.691583008505404
085810048,8581,5,NEAR,10.0,1,1.0,1,31.966624985216185,1.0,1,37.30699999141507
085810078,8581,7,TERRIBLE,10.0,1,0.4445,1,75.85012499475852,0.4974,1,54.41766598960385
085810084,8581,2,BETTER,10.0,1,0.7276,1,47.30287499842234,0.7281,1,48.853333020815626
085810112,8581,5,FRIENDSHIP,10.0,1,0.7301,1,42.6176659821067,0.73,1,42.81158300000243
085810116,8581,0,HERE,10.0,1,1.0,1,51.11508400295861,1.0,1,34.507042000768706
085810119,8581,5,INTO,10.0,1,0.7282,1,43.07833401253447,0.7271,1,43.84800000116229
085810119,8581,7,DRIVER,10.0,1,0.7281,1,56.938791007269174,0.7295,1,44.80433400021866
085810120,8581,3,LETTER,10.0,1,0.7283,1,45.871540991356596,0.7279,1,51.31650000112131
085810120,8581,7,MORNING,10.0,1,0.7293,1,42.42025001440197,0.73,1,40.07383401039988
085810121,8581,3,EXCEPTION,10.0,1,0.573,1,57.32574997819029,0.5731,1,57.89704198832624
085810152,8581,3,FUNNY,10.0,1,0.7284,1,43.110957980388775,0.7279,1,43.92179200658575
085810152,8581,5,FUNNY,10.0,1,0.7283,1,66.65887500275858,0.7289,1,46.43195797689259
085810163,8581,2,HERE,10.0,1,1.0,1,35.77966598095372,1.0,1,29.189291992224753
085810163,8581,4,MOMENT,10.0,1,0.7278,1,40.61237498535775,0.686,1,39.81712501263246
085810167,8581,5,GOING,10.0,1,0.7298,1,40.222832991275936,0.7295,1,39.50408397940919
085840013,8584,1,PREPARE,10.0,1,0.2732,0,43.071333988336846,0.2738,0,42.25312499329448
085840013,8584,4,VERY,10.0,1,0.7279,1,43.263375002425164,0.7264,1,41.38645899365656
085840013,8584,5,VERY,10.0,1,0.7286,1,41.89179200329818,0.7217,1,40.89570802170783
085840020,8584,2,ONLY,10.0,1,0.73,1,42.13124999660067,0.7298,1,44.55204200348817
085840020,8584,8,MORNING,10.0,1,0.7301,1,41.175207996275276,0.7295,1,39.08950000186451
085840022,8584,4,LATER,10.0,1,0.7124,1,45.22695901687257,0.7286,1,39.68704098952003
085840036,8584,2,MOMENT,10.0,1,0.7236,1,40.22970798541792,0.7114,1,41.28658398985863
085840040,8584,4,DEAR,10.0,1,1.0,1,30.036540993023664,1.0,1,31.20779199525714
085840059,8584,3,WITHOUT,10.0,1,0.7296,1,43.052249995525926,0.7293,1,42.98345802817494
085840059,8584,9,DEAR,10.0,1,1.0,1,30.34529197611846,1.0,1,31.641125009628013
085840072,8584,7,SOMETHING,10.0,1,0.7281,1,40.2211670007091,0.729,1,45.9176670119632
085840075,8584,3,DIFFERENCE,10.0,1,0.4396,0,40.19550001248717,0.5886,1,42.53429197706282
085840075,8584,4,BETWEEN,10.0,1,0.3524,0,39.05116699752398,0.2986,0,45.69966599228792
085840077,8584,5,BELOW,10.0,1,0.2975,0,54.98795898165554,0.281,0,46.130500006256625
085840086,8584,4,ANSWERED,10.0,1,0.7266,1,47.8620000067167,0.7214,1,50.499542005127296
085840089,8584,1,REPORT,10.0,1,0.3247,0,45.82508298335597,0.3364,0,39.773875003447756
085840115,8584,8,MOMENT,10.0,1,0.7257,1,41.354209010023624,0.7194,1,43.3585410064552
085840123,8584,3,REMEMBER,10.0,1,0.3,0,50.49045800114982,0.2791,0,49.55512497690506
085840123,8584,4,EVERY,10.0,1,0.7289,1,40.33791701658629,0.7287,1,44.6409159922041
085840123,8584,5,MOMENT,10.0,1,0.6786,1,39.21287500998005,0.6778,1,39.57699998863973
085840147,8584,3,WOMAN,10.0,1,0.6225,1,39.092584018362686,0.6631,1,46.185625018551946
085840147,8584,5,DIFFERENTLY,10.0,1,0.2305,0,71.87008301843889,0.2249,0,52.23170900717378
085840157,8584,1,BELIEVE,10.0,1,0.5536,1,39.69420798239298,0.5414,1,43.18091701134108
085840157,8584,8,EVERYTHING,10.0,1,0.4312,1,51.24837497714907,0.4326,1,48.95320799550973
085840167,8584,3,VERY,10.0,1,0.7267,1,41.97220900095999,0.727,1,41.15733297658153
085840167,8584,5,WOMAN,10.0,1,0.7081,1,41.755415993975475,0.7213,1,39.99175000353716
085840167,8584,6,NEAR,10.0,1,1.0,1,31.90829200320877,1.0,1,30.23170802043751
085840167,8584,7,FIFTY,10.0,1,0.7294,1,42.91049999301322,0.7294,1,42.53945799428038
090880018,9088,2,ANYTHING,10.0,1,0.5645,1,51.21237502316944,0.5673,1,51.63491700659506
090880060,9088,3,LONGER,10.0,1,0.7303,1,43.02850001840852,0.7303,1,43.40724999201484
090880065,9088,8,QUESTION,10.0,1,0.7301,1,39.620458002900705,0.7302,1,40.30766698997468
090880086,9088,3,READY,10.0,1,0.729,1,40.88620899710804,0.729,1,43.558624980505556
090880090,9088,3,SUPPORT,10.0,1,0.2903,0,39.332374988589436,0.2886,0,43.305833998601884
090880093,9088,5,CARELESS,10.0,1,0.7298,1,43.78533398266882,0.7301,1,41.67312500067055
090880095,9088,0,AMERICA'S,10.0,1,0.3099,1,88.10104100848548,0.4444,1,65.30695798574015
090880095,9088,1,GOING,10.0,1,0.7299,1,43.306375009706244,0.7298,1,42.983666993677616
090880095,9088,4,ABOUT,10.0,1,0.729,1,40.95995897660032,0.7293,1,41.62704199552536
090880095,9088,7,EXPERIENCE,10.0,1,0.458,1,61.88395799836144,0.4639,1,69.0057500032708
090880095,9088,9,MYSELF,10.0,1,0.2743,0,43.15733301336877,0.2902,0,41.43104198738001
090880100,9088,3,EXPECT,10.0,1,0.6558,1,42.641709005692974,0.6755,1,42.9837079718709
090880120,9088,8,SISTER,10.0,1,0.7256,1,59.54258400015533,0.7273,1,43.22270897682756
090880126,9088,5,YEAR,10.0,1,1.0,1,30.722458002856,1.0,1,31.33358299965039
090880130,9088,4,TRULY,10.0,1,0.7299,1,40.31795798800886,0.7299,1,41.61541600478813
090880132,9088,4,PARKING,10.0,1,0.7297,1,41.88449998036958,0.7297,1,42.102874984266236
090880140,9088,5,ATTENTION,10.0,1,0.563,1,62.24341600318439,0.5687,1,56.00725000840612
090880142,9088,6,IMPORTANT,10.0,1,0.5053,1,52.93220799649134,0.3459,0,59.10304200369865
090880142,9088,8,HOWEVER,10.0,1,0.5306,1,75.4845000046771,0.5679,1,60.02766700112261
090880147,9088,5,EARS,10.0,1,1.0,1,33.22149999439716,1.0,1,34.97729200171307
090880157,9088,2,REMAINING,10.0,1,0.5697,1,50.93895801110193,0.5735,1,61.19466701056808
090880157,9088,8,MANNER,10.0,1,0.7268,1,65.7756669970695,0.7289,1,46.4571249904111
090880163,9088,2,NOTHING,10.0,1,0.7193,1,41.891291009960696,0.7231,1,44.61766700842418
090880163,9088,3,UNTIL,10.0,1,0.3135,0,46.945667010731995,0.5952,1,40.00941599952057
090880163,9088,8,ANSWER,10.0,1,0.723,1,66.6970830061473,0.7282,1,44.54766699927859
091010017,9101,2,BURNING,10.0,1,0.6824,1,44.1567919915542,0.6947,1,47.512207995168865
091010017,9101,6,SOMEBODY,10.0,1,0.4303,1,69.69779200153425,0.5237,1,50.285707984585315
091010032,9101,5,ITSELF,10.0,1,0.5256,1,45.26679197442718,0.3726,0,46.60999999032356
091010049,9101,0,ENGLISH,10.0,1,0.7117,1,62.990416015964,0.5101,1,46.08833297970705
091010050,9101,5,PURPOSE,10.0,1,0.6729,1,41.84074999648146,0.694,1,43.670250015566126
091010050,9101,7,HERE,10.0,1,1.0,1,34.7298750129994,1.0,1,33.88774997438304
091010055,9101,4,SUCCEED,5.0,0,0.2703,0,40.829459001543,0.2701,0,42.69979099626653
091010063,9101,4,UNLESS,5.0,0,0.3611,0,45.13058401062153,0.2925,0,46.92537500523031
091010070,9101,1,ENGLISH,10.0,1,0.6367,1,46.13037500530481,0.6302,1,48.93674998311326
091010072,9101,3,ANY,10.0,1,0.7288,1,44.717625016346574,0.7287,1,45.55941701983102
091010100,9101,9,RETURN,10.0,1,0.3796,0,43.19258398027159,0.334,0,43.51275000954047
091010109,9101,8,QUESTIONS,10.0,1,0.7284,1,41.602499986765906,0.729,1,40.37308300030418
091010123,9101,0,HOWEVER,10.0,1,0.5586,1,57.60150001151487,0.574,1,57.40558297839016
091010133,9101,2,EVER,10.0,1,0.7288,1,46.51937499875203,0.7285,1,52.471915987553075
091010133,9101,5,AGAIN,10.0,1,0.7236,1,43.6572500038892,0.7252,1,44.59829200641252
091010138,9101,0,COVERED,10.0,1,0.7259,1,46.018124994589016,0.7213,1,47.40454099373892
091010138,9101,7,ANSWER,10.0,1,0.6943,1,55.508291989099234,0.7292,1,44.55283301649615
091010139,9101,0,OTHER,10.0,1,0.7123,1,69.98483301140368,0.729,1,48.83495799731463
091010139,9101,1,FURNITURE,10.0,1,0.5618,1,56.86350000905804,0.5275,1,58.22320800507441
091010149,9101,9,TOWEL,10.0,1,0.7278,1,44.657541991909966,0.7279,1,49.93508299230598
091010151,9101,7,PLEASURE,10.0,1,0.7303,1,62.882250000257045,0.7303,1,50.501416000770405
091070038,9107,1,ANY,10.0,1,0.7268,1,44.126958993729204,0.7273,1,46.40416702022776
091070038,9107,3,EVER,10.0,1,0.7258,1,42.38466700189747,0.7265,1,42.11079201195389
091070040,9107,0,BECAUSE,10.0,1,0.2753,0,42.01987499254756,0.6595,1,43.30558399669826
091070040,9107,7,DIFFERENTLY,10.0,1,0.2157,0,73.15045900759287,0.2152,0,55.216124979779124
091070049,9107,2,OUR,10.0,1,0.7297,1,47.442167007829994,0.7296,1,50.427415990270674
091070049,9107,3,STARTING,10.0,1,0.7303,1,39.87295800470747,0.7303,1,40.01070899539627
091070056,9107,6,GOING,10.0,1,0.7253,1,44.182833982631564,0.7286,1,47.041957994224504
091070074,9107,6,UNDER,10.0,1,0.7287,1,43.549541995162144,0.7274,1,47.69087498425506
091070074,9107,8,ORDERS,10.0,1,0.6682,1,44.70345898880623,0.5832,1,46.858582994900644
091070089,9107,1,LIFTED,10.0,1,0.7299,1,39.97499999240972,0.7297,1,40.02679098630324
091070108,9107,8,MYSELF,10.0,1,0.2719,0,43.5110839898698,0.2719,0,43.26233299798332
091070138,9107,0,MAYBE,10.0,1,0.7292,1,44.393459014827386,0.7294,1,44.693667005049065
091070140,9107,6,YOURSELF,10.0,1,0.3663,0,42.660499981138855,0.349,0,41.05837500537746
091070142,9107,3,QUESTION,10.0,1,0.7302,1,40.30637498362921,0.7302,1,38.56287500821054
091070142,9107,7,STARTING,10.0,1,0.7303,1,39.214457996422425,0.7303,1,44.4182500068564
091070143,9107,4,REGARD,10.0,1,0.6943,1,40.87958301533945,0.5919,1,40.616208978462964
091070162,9107,4,SECRET,10.0,1,0.7242,1,40.226457989774644,0.7262,1,40.63179201330058
091070174,9107,1,BEAUTY,10.0,1,0.7298,1,43.93770801834762,0.7298,1,42.28749999310821
091070174,9107,4,BEAUTY,10.0,1,0.7298,1,42.76116701657884,0.7298,1,46.917041996493936
091180015,9118,2,TRULY,10.0,1,0.73,1,42.84787498181686,0.7297,1,45.329665997996926
091180025,9118,1,WONDER,10.0,1,0.7303,1,41.25262500019744,0.7303,1,41.80745797930285
091180025,9118,3,SATURDAY,10.0,1,0.5504,1,53.43379100668244,0.5684,1,52.698833984322846
091180025,9118,5,EVER,10.0,1,0.7282,1,42.56229099701159,0.7285,1,42.55462498986162
091180035,9118,4,HERE,10.0,1,1.0,1,42.96416699071415,1.0,1,36.39175000716932
091180035,9118,8,HERE,10.0,1,1.0,1,46.083166991593316,1.0,1,39.20854101306759
091180042,9118,5,HIMSELF,10.0,1,0.2751,0,41.04529198957607,0.2714,0,42.434708011569455
091180044,9118,6,ANYTHING,10.0,1,0.5634,1,50.832125009037554,0.5269,1,64.10308400518261
091180050,9118,5,HERSELF,10.0,1,0.2768,0,42.836375010665506,0.2997,0,41.94675001781434
091180056,9118,0,SOMETHING,10.0,1,0.7296,1,40.67229200154543,0.7302,1,41.16262501338497
091180056,9118,1,TERRIBLE,10.0,1,0.5513,1,53.56879098690115,0.5317,1,56.04379199212417
091180064,9118,2,EVER,10.0,1,0.7272,1,45.294041017768905,0.7264,1,41.120874986518174
091180075,9118,9,REMAIN,10.0,1,0.5683,1,42.15604197815992,0.6793,1,41.329333995236084
091180078,9118,0,BECAUSE,10.0,1,0.2724,0,41.746667004190385,0.2947,0,41.68670799117535
091180078,9118,3,YOUR,10.0,1,1.0,1,29.819834016961977,1.0,1,31.716167024569586
091180078,9118,4,BODY,10.0,1,0.7288,1,48.355249979067594,0.7286,1,48.303624993423
091180078,9118,5,ACTING,10.0,1,0.609,1,45.23950000293553,0.6816,1,41.4577079936862
091180088,9118,9,POSSIBLE,10.0,1,0.4644,1,65.26783399749547,0.3195,0,55.40554202161729
091180091,9118,2,GENTLEMAN,10.0,1,0.4235,1,75.80249998136424,0.4082,1,76.6659590008203
091180091,9118,5,BUSINESS,10.0,1,0.7301,1,40.9850410069339,0.7302,1,40.82883399678394
091180101,9118,4,YOUR,10.0,1,1.0,1,29.869250021874905,1.0,1,29.908416996477172
091180133,9118,0,HERE,10.0,1,1.0,1,45.43054199893959,1.0,1,31.434290984179825
091180133,9118,3,INSTANCE,5.0,0,0.6322,1,40.94266699394211,0.6955,1,41.18533298606053
091180133,9118,6,FEELING,10.0,1,0.6925,1,40.25737498886883,0.721,1,41.79887499776669
091180151,9118,3,CHICKENS,10.0,1,0.711,1,46.92804199294187,0.6682,1,46.085291978670284
091180157,9118,2,ONLY,10.0,1,0.7301,1,43.37708299863152,0.7299,1,43.69249998126179
091180157,9118,4,RETURN,10.0,1,0.2777,0,40.036499995039776,0.273,0,49.31437500636093
091180157,9118,6,AFTER,10.0,1,0.7286,1,41.51916698901914,0.7273,1,43.615167000098154
091180161,9118,0,NOTHING,10.0,1,0.7191,1,41.305874998215586,0.7149,1,42.87974999169819
091180161,9118,1,REMAINS,10.0,1,0.7291,1,41.053959022974595,0.7297,1,40.766833000816405
091180163,9118,2,ALMOST,10.0,1,0.2755,0,41.17208399111405,0.2788,0,42.90712499641813
095530010,9553,1,SEATED,10.0,1,0.7254,1,46.10383399995044,0.7267,1,45.197792001999915
095530016,9553,1,OTHER,10.0,1,0.7291,1,42.4964579869993,0.7291,1,43.29145801602863
095530028,9553,5,ANOTHER,10.0,1,0.556,1,53.650125017156824,0.5165,1,54.78108298848383
095530041,9553,1,BELONGED,10.0,1,0.313,0,46.38158399029635,0.3517,0,52.18712499481626
095530049,9553,2,DINNER,10.0,1,0.7293,1,43.81720899255015,0.7289,1,46.65904198191129
095530059,9553,2,GREATLY,10.0,1,0.7303,1,42.31679200893268,0.7303,1,47.40379098802805
095530066,9553,4,ALONE,10.0,1,0.7291,1,44.36354199424386,0.7293,1,45.80345799331553
095530066,9553,5,EXPLAIN,10.0,1,0.7293,1,45.17487500561401,0.7296,1,45.14595799264498
095530066,9553,7,PLEASURE,10.0,1,0.7244,1,106.72529198927805,0.7304,1,50.69991698837839
095530082,9553,3,MOMENTS,10.0,1,0.7269,1,41.07229202054441,0.7269,1,43.01191700506024
095530082,9553,7,BEFORE,10.0,1,0.2787,0,44.41187498741783,0.2836,0,41.30241699749604
095530085,9553,2,HOWEVER,10.0,1,0.5654,1,59.18524999287911,0.5734,1,61.61924998741597
095530085,9553,5,FOLLOWING,10.0,1,0.2951,0,55.09137499029748,0.375,0,55.349625006783754
095530116,9553,4,TALKING,10.0,1,0.7265,1,42.36033299821429,0.7277,1,39.99012499116361
095530116,9553,6,HIMSELF,10.0,1,0.2802,0,44.57895801169798,0.3354,0,43.32733401679434
095530129,9553,5,FINGER,10.0,1,0.7301,1,42.18004201538861,0.7301,1,43.71354097384028
095530129,9553,8,FINGER,10.0,1,0.7302,1,41.65637498954311,0.7303,1,43.09787499369122
095530144,9553,2,OVER,10.0,1,0.7296,1,46.19270900730044,0.7298,1,45.91641700244509
095530152,9553,4,ATTENTION,10.0,1,0.5652,1,70.16933299019001,0.5688,1,56.51758299791254
095530154,9553,2,ALMOST,10.0,1,0.2728,0,41.965957992943004,0.2723,0,42.38549998262897
095530161,9553,4,UNDERSTANDING,10.0,1,0.1907,0,64.59191598696634,0.1909,0,65.59083398315124
095550027,9555,0,EVERYTHING,10.0,1,0.5516,1,84.6199169754982,0.3035,0,58.339000010164455
095550027,9555,3,EVENT,10.0,1,0.3462,0,46.636790997581556,0.2821,0,41.658082976937294
095550043,9555,4,BEHIND,10.0,1,0.7209,1,43.91879099421203,0.6978,1,46.68195900740102
095550044,9555,8,OUTSIDE,10.0,1,0.2708,0,45.54391698911786,0.2712,0,45.24441598914564
095550046,9555,6,HOURS,10.0,1,0.6952,1,65.22608301020227,0.7108,1,52.96925001312047
095550053,9555,2,EVER,10.0,1,0.7239,1,63.49391699768603,0.7285,1,58.19670800701715
095550053,9555,7,COLLECTION,10.0,1,0.3528,0,65.88079099310562,0.5061,1,53.636625001672655
095550073,9555,5,PERFECT,10.0,1,0.6979,1,45.860957994591445,0.7205,1,45.60687500634231
095550073,9555,6,AGREEMENT,10.0,1,0.5656,1,62.392374995397404,0.5361,1,49.55266599426977
095550082,9555,3,HIMSELF,10.0,1,0.2711,0,41.41112498473376,0.2716,0,48.97645802702755
095550092,9555,1,ANYTHING,10.0,1,0.2943,0,57.47550001251511,0.5589,1,62.354166992008686
095550092,9555,4,DOWNSTAIRS,10.0,1,0.7288,0,43.029083986766636,0.7212,0,47.25900001358241
095550116,9555,2,ALWAYS,10.0,1,0.3117,0,43.29349999898113,0.3462,0,41.676207998534665
095550143,9555,6,REMAIN,10.0,1,0.4634,0,42.43379199760966,0.7278,1,45.16491599497385
095550143,9555,7,HERE,10.0,1,1.0,1,49.14416701649316,1.0,1,36.4182079792954
095550173,9555,4,EXPECT,10.0,1,0.7159,1,47.95400000875816,0.713,1,43.06020800140686
095550173,9555,6,BEFORE,10.0,1,0.3014,0,47.04425000818446,0.2738,0,41.181790991686285
095550173,9555,7,MORNING,10.0,1,0.7294,1,40.850042016245425,0.7301,1,39.94283400243148
095580008,9558,5,STORY,10.0,1,0.7301,1,44.98854200937785,0.73,1,44.645624991972
095580012,9558,6,HEAR,10.0,1,1.0,1,39.967582997633144,1.0,1,38.99533400544897
095580039,9558,7,UNHAPPY,10.0,1,0.5379,1,75.338417023886,0.4296,1,53.78916600602679
095580045,9558,2,NEVER,10.0,1,0.7273,1,42.034749989397824,0.7262,1,44.772124994779006
095580045,9558,5,ANY,10.0,1,0.7247,1,45.527542009949684,0.7253,1,44.925833004526794
095580045,9558,6,INTEREST,10.0,1,0.2931,0,40.674167015822604,0.3666,0,41.756541992072016
095580045,9558,9,MONEY,10.0,1,0.728,1,66.54791699838825,0.7292,1,42.63062501559034
095580056,9558,6,PARTY,10.0,1,0.7299,1,69.4495839998126,0.7301,1,41.10016601043753
095580071,9558,1,SECOND,10.0,1,0.646,1,42.61945901089348,0.7155,1,41.346333018736914
095580071,9558,3,RATHER,10.0,1,0.7246,1,48.211082990746945,0.725,1,49.32995801209472
095580071,9558,9,LONGER,10.0,1,0.7298,1,67.19070798135363,0.7301,1,46.691958006704226
095580088,9558,3,BEFORE,10.0,1,0.2733,0,44.21937500592321,0.274,0,40.56049999780953
095580097,9558,4,SURE,10.0,1,1.0,1,34.648959001060575,1.0,1,35.45933298300952
095580097,9558,8,GUILTY,10.0,1,0.7258,1,77.58083299268037,0.7296,1,44.15654100012034
095580099,9558,2,OFFERS,10.0,1,0.6078,1,51.42874998273328,0.696,1,48.033666011178866
095580101,9558,3,ASKING,10.0,1,0.6411,1,42.74283300037496,0.5352,1,41.68200001004152
095580101,9558,8,NOTHING,10.0,1,0.7171,1,40.733000001637265,0.7207,1,53.419292002217844
095580116,9558,3,HEAR,10.0,1,1.0,1,46.59058299148455,1.0,1,53.96474999724887
095580128,9558,2,YOUR,10.0,1,1.0,1,29.969666997203603,1.0,1,30.242125008953735
095580128,9558,3,DUTY,10.0,1,0.7297,1,43.66695799399167,0.7293,1,43.77841600216925
095580157,9558,8,TALENT,10.0,1,0.7078,1,40.82695799297653,0.7227,1,41.81066699675284
095580166,9558,6,ADVERTISEMENT,10.0,1,0.4536,1,68.49558398243971,0.3934,1,63.33558398182504
095580173,9558,1,MESSAGE,10.0,1,0.7194,1,40.576041996246204,0.7177,1,40.67145902081393
096010002,9601,7,AGAIN,10.0,1,0.7064,1,50.075999984983355,0.6524,1,45.233832992380485
096010004,9601,1,OPENED,10.0,1,0.7112,1,42.99679197720252,0.7171,1,43.2759580144193
096010004,9601,4,STARING,10.0,1,0.7153,1,42.284458002541214,0.7294,1,41.89995801425539
096010006,9601,1,WONDER,10.0,1,0.7291,1,66.30670800223015,0.7301,1,45.8761659974698
096010009,9601,4,SILENCE,10.0,1,0.723,1,41.18754100636579,0.7207,1,49.796541017713025
096010009,9601,7,MOMENT,10.0,1,0.7254,1,40.42583401314914,0.7124,1,40.4452090151608
096010010,9601,2,AWAY,10.0,1,0.3753,0,72.61066601495259,0.2746,0,39.62424999917857
096010010,9601,6,SUDDENLY,10.0,1,0.2146,0,71.53474999358878,0.2169,0,65.18966698786244
096010012,9601,3,ENOUGH,10.0,1,0.2887,0,68.04579199524596,0.6983,1,46.186416991986334
096010012,9601,7,ONLY,10.0,1,0.3291,0,62.33429201529361,0.7291,1,42.4866670218762
096010013,9601,3,ABOUT,10.0,1,0.7297,1,51.592458999948576,0.7285,1,44.96904098778032
096010015,9601,8,OVER,10.0,1,0.7286,1,68.92779198824428,0.7295,1,52.373999991687015
096010018,9601,1,OTHER,10.0,1,0.6877,1,78.60612499644049,0.7266,1,53.08958300156519
096010020,9601,0,SOMEWHERE,10.0,1,0.7238,1,41.70879200682975,0.7282,1,44.86420899047516
096010020,9601,7,BETTER,10.0,1,0.7122,1,80.63849998870865,0.7259,1,40.66016600700095
096010021,9601,7,NOTHING,10.0,1,0.7198,1,43.329875014023855,0.5921,1,55.02658398472704
096010023,9601,5,BROTHER,10.0,1,0.7249,1,52.73295799270272,0.7296,1,52.74291700334288
096080005,9608,5,NEVER,10.0,1,0.7239,1,45.06058301194571,0.7245,1,43.45200001262128
096080005,9608,7,HERE,10.0,1,1.0,1,52.325791999464855,1.0,1,42.32125001726672
096080006,9608,2,ALREADY,5.0,0,0.4361,1,67.78866701642983,0.3597,0,59.60820900509134
096080006,9608,9,NOTHING,10.0,1,0.7092,1,46.3293339998927,0.7147,1,41.533167008310556
096080007,9608,4,CONFUSION,10.0,1,0.2969,0,87.72745900205337,0.2557,0,96.81575000286102
096080010,9608,4,OVER,5.0,0,0.7285,1,62.19162498018704,0.7133,1,49.55041699577123
096080012,9608,5,ANOTHER,5.0,0,0.2359,0,81.74045899068005,0.5485,1,42.2330419823993
096080013,9608,9,YOURSELF,5.0,0,0.2786,0,42.077334015630186,0.2837,0,42.024207999929786
096080014,9608,2,SOMETHING,5.0,0,0.709,1,51.373958005569875,0.7291,1,57.61658400297165
096080015,9608,7,EVER,5.0,0,0.5339,1,85.68437499343418,0.727,1,44.96679099975154
096080018,9608,4,AGAIN,10.0,1,0.3831,0,54.44495799019933,0.7115,1,31.82574998936616
096080018,9608,5,ABOUT,10.0,1,0.7298,1,50.38658398552798,0.7285,1,39.909791987156495
096080021,9608,3,AFTER,10.0,1,0.5911,1,65.68037500255741,0.7278,1,43.11616701306775
096080023,9608,1,SUPPOSE,5.0,0,0.3602,0,44.03812499367632,0.5936,1,44.806749996496364
096080023,9608,4,BETTER,10.0,1,0.7284,1,49.62887498550117,0.7267,1,52.167249988997355
096080024,9608,1,OTHER,10.0,1,0.6367,1,61.28658298985101,0.7285,1,47.9954160109628
096080024,9608,5,RESTAURANT,5.0,0,0.6931,1,41.47204200853594,0.4085,0,59.671708004316315
096080024,9608,7,LOOKING,10.0,1,0.7213,1,41.31425000377931,0.7242,1,45.345416001509875
096080025,9608,1,WATCHES,10.0,1,0.7274,1,46.02258402155712,0.7187,1,57.7559579978697
096080026,9608,8,FATHER,10.0,1,0.7038,1,71.4826249750331,0.7261,1,54.41675000474788
096080027,9608,9,BEHIND,5.0,0,0.7261,1,42.96037502354011,0.7219,1,51.91654202644713
096100003,9610,0,ACTUALLY,10.0,1,0.1971,0,99.92549999151379,0.2279,0,82.13941700523719
096100003,9610,3,SOMETHING,5.0,0,0.7295,1,41.428875003475696,0.7299,1,47.001333005027846
096100005,9610,4,AGAIN,10.0,1,0.4324,0,53.275124984793365,0.6405,1,45.00962499878369
096100006,9610,5,BETTER,5.0,0,0.7281,1,45.436790998792276,0.7202,1,39.764415996614844
096100006,9610,6,IDEA,10.0,1,0.5651,1,79.71850002650172,0.2843,0,115.05949997808784
096100010,9610,2,NEVER,5.0,0,0.7249,1,45.701750001171604,0.725,1,48.659374995622784
096100010,9610,6,ABOUT,10.0,1,0.6882,1,55.98249999457039,0.7285,1,29.621124995173886
096100012,9610,7,BEHIND,10.0,1,0.7261,1,44.8968329874333,0.4614,0,41.937333007808775
096100015,9610,4,AWAY,10.0,1,0.5252,1,58.728709002025425,0.7258,1,30.405999976210296
096100016,9610,1,ACTUALLY,5.0,0,0.2765,0,85.77787500689737,0.2134,0,68.63833399256691
096100017,9610,2,NOTHING,10.0,1,0.6959,1,44.96741699404083,0.7009,1,52.72150001837872
096100019,9610,5,VERY,10.0,1,0.7271,1,55.17591701936908,0.4743,0,55.539082997711375
096100020,9610,4,SURE,10.0,1,1.0,1,38.00045797834173,1.0,1,38.54204199160449
096120001,9612,6,MOMENT,10.0,1,0.7276,1,39.475625002523884,0.635,1,57.532584003638476
096120002,9612,5,MYSELF,10.0,1,0.2805,0,42.170792003162205,0.2866,0,41.95958297350444
096120003,9612,4,WINNING,10.0,1,0.721,1,39.55149999819696,0.7147,1,45.88429199066013
096120004,9612,2,SOMETHING,10.0,1,0.7295,1,42.1309579978697,0.7252,1,48.25333401095122
096120005,9612,5,NEVER,10.0,1,0.7286,1,42.98658299376257,0.7285,1,46.14683298859745
096120007,9612,2,GOING,10.0,1,0.7292,1,38.55387499788776,0.7301,1,49.194499995792285
096120008,9612,2,OVER,10.0,1,0.7291,1,53.408834006404504,0.7297,1,54.193457996007055
096120009,9612,2,WANTED,10.0,1,0.7111,1,44.16925000259653,0.7201,1,46.29529098747298
096120009,9612,7,VERY,10.0,1,0.7284,1,42.93516598409042,0.7276,1,41.78100000717677
096120009,9612,8,POPULAR,10.0,1,0.5134,1,66.63391698384658,0.2607,0,61.29412501468323
096120011,9612,9,AGO,10.0,1,0.6469,1,66.41408300492913,0.4421,0,47.66333301085979
096120012,9612,5,AWAY,10.0,1,0.5209,1,45.48687499482185,0.4985,0,47.61587499524467
096120012,9612,8,PLATFORM,10.0,1,0.7297,1,44.17475001537241,0.7297,1,57.388249988434836
096120015,9612,8,HERE,10.0,1,1.0,1,48.06154198013246,1.0,1,34.028207999654114
096120018,9612,2,NOTHING,10.0,1,0.6987,1,41.744207992451265,0.7039,1,42.81079099746421
096120018,9612,3,BETTER,10.0,1,0.728,1,51.55770797864534,0.7283,1,47.4416250071954
096170003,9617,2,HERE,10.0,1,1.0,1,40.067417023237795,1.0,1,45.34916701959446
096170006,9617,6,SOMETHING,10.0,1,0.73,1,44.395499979145825,0.7289,1,44.844541989732534
096170008,9617,1,NEVER,10.0,1,0.7288,1,44.07358297612518,0.7285,1,40.75445901253261
096170008,9617,2,HAPPENED,10.0,1,0.6928,1,40.82749999361113,0.6226,1,45.32195799401961
096170008,9617,5,NEVER,10.0,1,0.7283,1,42.58062498411164,0.7284,1,44.88174998550676
096170010,9617,3,OTHER,10.0,1,0.4103,0,69.52433299738914,0.7033,1,30.034499999601394
096170011,9617,5,WANTED,10.0,1,0.725,1,47.15737499645911,0.7294,1,49.62254100246355
096170011,9617,7,HEAR,10.0,1,1.0,1,45.87724999873899,1.0,1,38.974041992332786
096170011,9617,8,ONLY,10.0,1,0.7296,1,55.77095798798837,0.7301,1,41.800832987064496
096170012,9617,2,GOING,10.0,1,0.7295,1,45.973457978107035,0.7301,1,41.57233302248642
096170012,9617,5,NOTHING,10.0,1,0.7216,1,41.990958008682355,0.7221,1,44.49170801672153
096170012,9617,6,ABOUT,10.0,1,0.7229,1,45.23424999206327,0.7263,1,48.806875012815
096170013,9617,4,VERY,10.0,1,0.7287,1,40.185874997405335,0.7289,1,46.64308301289566
096170014,9617,6,AGAIN,10.0,1,0.4923,0,47.16895800083876,0.665,1,55.57050000061281
096170018,9617,2,TALENTED,10.0,1,0.4996,1,55.171042011352256,0.5029,1,50.304540985962376
096170020,9617,2,LOOKING,10.0,1,0.4338,0,43.42283299774863,0.7277,1,40.65354200429283
096170020,9617,3,AWAY,10.0,1,0.714,1,46.32337501971051,0.7092,1,42.09395800717175
096170020,9617,8,FIRE,10.0,1,0.7295,1,59.50549998669885,0.7303,1,47.04754101112485
096170022,9617,2,AFTER,10.0,1,0.7274,1,52.92474999441765,0.7281,1,55.74170799809508
096170022,9617,8,BETTER,10.0,1,0.7182,1,70.13354200171307,0.7293,1,46.0716660018079
096170023,9617,4,BECAUSE,10.0,1,0.3675,0,41.01183300372213,0.2923,0,42.0502079941798
096180001,9618,3,INTIMATE,10.0,1,0.2518,0,65.1095419889316,0.3266,0,70.7516249967739
096180002,9618,2,OVER,10.0,1,0.7294,1,53.026209003292024,0.7287,1,53.58624999644235
096180002,9618,5,MOMENT,10.0,1,0.729,1,40.993957984028384,0.727,1,49.01074999361299
096180005,9618,2,NEVER,10.0,1,0.7212,1,47.022542014019564,0.7272,1,55.968582979403436
096180005,9618,5,BEFORE,10.0,1,0.3059,0,72.18562500202097,0.4074,0,48.39441698277369
096180009,9618,4,BEHIND,10.0,1,0.7247,1,41.53029198641889,0.7301,1,51.45062500378117
096180012,9618,4,SOMETHING,10.0,1,0.7301,1,42.68120799679309,0.6661,1,40.46583300805651
096180013,9618,6,ABOUT,10.0,1,0.7075,1,54.54549999558367,0.7288,1,32.02254098141566
096180014,9618,1,ALWAYS,10.0,1,0.4959,0,65.28862498817034,0.3286,0,55.03958399640396
096180016,9618,2,VERY,10.0,1,0.7294,1,41.66983300819993,0.7293,1,42.083292006282136
096180018,9618,8,YOUR,10.0,1,1.0,1,31.26512499875389,1.0,1,36.25975002069026
096180019,9618,1,HERE,10.0,1,1.0,1,48.02541600656696,1.0,1,36.78129200125113
096180019,9618,9,CONFESSION,10.0,1,0.3467,0,80.03170898882672,0.335,0,68.66874999832362
096180021,9618,4,LOOKING,10.0,1,0.6867,1,41.8998749810271,0.6849,1,62.48774999403395
096180022,9618,5,HIMSELF,10.0,1,0.2734,0,55.27395798708312,0.272,0,62.19608400715515
096220001,9622,6,ALWAYS,10.0,1,0.6093,1,70.85845799883828,0.4526,0,42.492083011893556
096220003,9622,4,MOMENT,10.0,1,0.7235,1,58.74454099102877,0.7186,1,59.960959013551474
096220005,9622,6,DOING,10.0,1,0.6156,1,59.20558300567791,0.2972,0,60.97470902022906
096220006,9622,2,HAPPENED,10.0,1,0.6959,1,50.03579202457331,0.7125,1,51.080333010759205
096220006,9622,5,BEFORE,10.0,1,0.2844,0,47.08070898777805,0.4764,0,54.391375015256926
096220007,9622,3,GOING,10.0,1,0.7283,1,46.232207998400554,0.73,1,42.27274999720976
096220008,9622,6,ABOUT,10.0,1,0.7143,1,76.87112499843352,0.7285,1,31.933583988575265
096220011,9622,7,AGAIN,10.0,1,0.4205,0,63.06445802329108,0.7172,1,34.95787500287406
096220013,9622,9,SOMETHING,10.0,1,0.7267,1,43.15129201859236,0.7256,1,49.103124998509884
096220014,9622,7,WORKMAN,10.0,1,0.6777,1,43.47108298679814,0.7231,1,48.999916994944215
096220016,9622,8,HIDING,10.0,1,0.7235,1,46.15095799090341,0.7226,1,41.698832996189594
096220017,9622,4,BEHIND,10.0,1,0.3137,0,108.95079199690372,0.3928,0,52.586125006200746
096220018,9622,2,AWAY,10.0,1,0.4531,0,77.63650000561029,0.5699,1,40.47591600101441
096230009,9623,4,INTO,10.0,1,0.5012,1,65.32987501122989,0.6118,1,82.33545898110606
096230010,9623,2,NEVER,10.0,1,0.6867,1,54.11504200310446,0.7238,1,51.30887500126846
096230013,9623,4,GOING,10.0,1,0.7297,1,45.59737499221228,0.7298,1,41.72908398322761
096230013,9623,7,HERE,10.0,1,1.0,1,53.08912499458529,1.0,1,36.13579200464301
096230014,9623,2,NOTHING,10.0,1,0.6612,1,54.54549999558367,0.6846,1,44.58808299386874
096230016,9623,9,OVER,10.0,1,0.7239,1,71.33966698893346,0.7276,1,44.65316698770039
096230017,9623,5,OTHER,10.0,1,0.711,1,59.7997090080753,0.5033,1,76.07999999891035
096230018,9623,9,EVIL,10.0,1,0.5588,1,83.65079201757908,0.2781,0,35.23558302549645
096230020,9623,8,OPENED,10.0,1,0.6182,1,61.706165986834094,0.4907,0,52.238459000363946
096230021,9623,4,IDEA,10.0,1,0.5152,1,100.81087501021102,0.5309,1,45.6584999919869
096260002,9626,2,OVER,10.0,1,0.7218,1,63.22391700814478,0.7284,1,45.49695798777975
096260005,9626,5,ABOUT,5.0,0,0.7279,1,58.0475419992581,0.7298,1,56.71758300741203
096260007,9626,2,GOING,10.0,1,0.7296,1,44.40083398367278,0.7296,1,40.362500003539026
096260008,9626,3,ONLY,10.0,1,0.7279,1,61.92633300088346,0.7283,1,57.04145799973048
096260011,9626,2,NOTHING,5.0,0,0.7171,1,46.34591698413715,0.7267,1,51.11770800431259
096260012,9626,5,ANYTHING,10.0,1,0.4124,1,68.06166699971072,0.4331,1,80.53129201289266
096260014,9626,4,HERE,10.0,1,1.0,1,52.80208299518563,1.0,1,36.7056249815505
096260016,9626,5,DIFFERENT,5.0,0,0.5634,1,44.36883301241323,0.5781,1,43.435708998003975
096260017,9626,3,IDEA,10.0,1,0.571,1,81.29429200198501,0.5702,1,53.619416983565316
096260020,9626,4,EVER,10.0,1,0.7043,1,56.060583010548726,0.7276,1,50.866125005995855
096260022,9626,6,FATHER,10.0,1,0.7078,1,54.20312500791624,0.7168,1,58.13387501984835
096290001,9629,2,GOING,10.0,1,0.7293,1,45.631958986632526,0.7299,1,40.62024998711422
096290005,9629,5,OVER,5.0,0,0.7249,1,77.8019159915857,0.7128,1,67.2569579910487
096290006,9629,6,AGAIN,10.0,1,0.3579,0,55.232708022231236,0.5303,1,45.63991600298323
096290009,9629,3,SURE,10.0,1,1.0,1,32.68766700057313,1.0,1,38.09120898949914
096290009,9629,7,SOMETHING,10.0,1,0.7263,1,45.480541011784226,0.7251,1,46.50045800372027
096290014,9629,8,HAPPENED,10.0,1,0.7105,1,42.21712501021102,0.6995,1,44.76679099025205
096290015,9629,2,LOOKING,10.0,1,0.71,1,44.93683300097473,0.7104,1,44.56199999549426
096290017,9629,5,MOMENT,10.0,1,0.7163,1,39.80562501237728,0.706,1,39.604166988283396
096290018,9629,6,ALWAYS,10.0,1,0.4482,0,62.28291700244881,0.2709,0,39.48695899453014
096290022,9629,6,EVER,10.0,1,0.7188,1,47.07829200197011,0.6675,1,35.32120800809935
096310003,9631,2,SOMETHING,10.0,1,0.7293,1,48.02929199649952,0.7263,1,61.48062497959472
096310004,9631,2,ONLY,10.0,1,0.7298,1,46.70729098143056,0.7297,1,43.8316660001874
096310004,9631,5,MOMENT,10.0,1,0.7255,1,40.38020901498385,0.7276,1,45.98062500008382
096310005,9631,1,WOMAN,10.0,1,0.7285,1,41.03270897758193,0.7249,1,44.732000009389594
096310009,9631,2,BETTER,5.0,0,0.7222,1,37.284291989635676,0.7266,1,40.07450002245605
096310009,9631,6,HERE,10.0,1,1.0,1,47.64670800068416,1.0,1,33.475875010481104
096310011,9631,1,ALWAYS,5.0,0,0.4878,0,46.48037499282509,0.2768,0,36.23679201700725
096310012,9631,5,ABOUT,10.0,1,0.73,1,40.04133300622925,0.7296,1,39.95866701006889
096310014,9631,3,GOING,10.0,1,0.729,1,44.60741698858328,0.7296,1,41.53520899126306
096310017,9631,1,OPENED,10.0,1,0.7159,1,51.43620798480697,0.7089,1,43.51074999431148
096310020,9631,2,NEVER,10.0,1,0.7289,1,46.01325001567602,0.7277,1,43.015250004827976
096330003,9633,6,AWAY,10.0,1,0.5697,1,70.7662079948932,0.7191,1,35.134000005200505
096330007,9633,2,GOING,10.0,1,0.73,1,45.01387500204146,0.7301,1,47.10499997599982
096330009,9633,2,NEVER,10.0,1,0.7096,1,46.84741701930761,0.7244,1,40.103042003465816
096330012,9633,5,OPENED,10.0,1,0.7163,1,44.87970797345042,0.7142,1,45.57508399011567
096330016,9633,2,ALWAYS,10.0,1,0.2897,0,46.96425001020543,0.2714,0,40.98833299940452
096330017,9633,2,ONLY,10.0,1,0.7289,1,58.793375006644055,0.7298,1,42.141832993365824
096330017,9633,4,AFTER,10.0,1,0.7141,1,61.78120800177567,0.7262,1,42.06879102275707
096330019,9633,8,NOTHING,10.0,1,0.6939,1,52.019416994880885,0.6331,1,70.27391600422561
096330020,9633,2,AGAIN,10.0,1,0.4982,0,52.86358398734592,0.6871,1,36.931749986251816
096330023,9633,4,OTHER,10.0,1,0.7288,1,50.063875009072945,0.7279,1,41.47900000680238
096350007,9635,5,ABOUT,10.0,1,0.7026,1,47.42829198949039,0.7153,1,45.10291700717062
096350008,9635,6,AFTER,10.0,1,0.7285,1,53.27020797994919,0.6165,1,63.06329101789743
096350009,9635,4,ONLY,10.0,1,0.7212,1,87.43200000026263,0.73,1,57.37554200459272
096350010,9635,1,OTHER,10.0,1,0.6712,1,69.87683297484182,0.7256,1,60.88262499542907
096350011,9635,6,GOING,10.0,1,0.7293,1,50.19487498793751,0.7304,1,45.18266598461196
096350012,9635,9,FATHER,10.0,1,0.724,1,77.00725001632236,0.7283,1,45.5672089883592
096350013,9635,6,AWAY,10.0,1,0.4271,0,60.7684159767814,0.7223,1,38.38783400715329
096350014,9635,2,NEVER,10.0,1,0.7271,1,58.9175829954911,0.7277,1,68.42941598733887
096350015,9635,6,BETTER,10.0,1,0.7267,1,67.6690420077648,0.7228,1,57.032415992580354
096350018,9635,1,AM,10.0,1,0.5778,0,59.1505829943344,0.2992,0,72.6199169876054
096350018,9635,2,SURE,10.0,1,1.0,1,35.63637498882599,1.0,1,37.81616600463167
096350020,9635,3,BEFORE,10.0,1,0.6461,1,44.12958299508318,0.2825,0,40.484625002136454
096350024,9635,7,ANYTHING,10.0,1,0.4404,1,53.81633297656663,0.4404,1,50.29254200053401
096350025,9635,5,LOOKING,10.0,1,0.6992,1,58.91479199635796,0.7265,1,41.42749999300577
096350026,9635,2,OVER,10.0,1,0.7294,1,50.50708301132545,0.7291,1,28.624708007555455
096400001,9640,2,POSSIBLE,10.0,1,0.561,1,53.57545899460092,0.5666,1,53.805667004780844
096400001,9640,4,INTERPRET,5.0,0,0.4994,1,60.859749995870516,0.4616,1,56.413334008539096
096400001,9640,7,ANY,10.0,1,0.7259,1,43.02512502181344,0.7214,1,41.74004099331796
096400001,9640,9,PURPOSE,5.0,0,0.7061,1,49.70770800719038,0.7258,1,52.74020798970014
096400002,9640,2,LIVING,10.0,1,0.6772,1,41.1988330015447,0.6703,1,39.40591699210927
096400002,9640,3,CREATURE,10.0,1,0.7188,1,41.9835829816293,0.7297,1,45.93670801841654
096400002,9640,5,VISIBLE,10.0,1,0.4332,1,85.19233399420045,0.5004,1,44.06120898784138
096400004,9640,1,AFTER,10.0,1,0.727,1,44.457708980189636,0.7152,1,52.057958993827924
096400006,9640,1,RECEIVER,10.0,1,0.3289,0,57.11620900547132,0.3573,0,59.200999996392056
096400006,9640,4,SUFFERED,10.0,1,0.6998,1,39.54875000636093,0.7235,1,49.38129198853858
096400007,9640,5,WRITING,10.0,1,0.7149,1,41.625333979027346,0.7006,1,37.17975001200102
096400007,9640,7,CHAPTER,10.0,1,0.6943,1,76.70137501554564,0.729,1,41.653083986602724
096400008,9640,9,RESERVE,10.0,1,0.3058,0,41.06462499476038,0.3031,0,36.44495797925629
096400010,9640,2,SILVER,10.0,1,0.6403,1,59.32358399149962,0.7301,1,39.31516598095186
096400012,9640,5,BORING,10.0,1,0.7088,1,36.920207989169285,0.6534,1,58.43987502157688
096400013,9640,2,MARCHING,10.0,1,0.7244,1,41.268665983807296,0.7292,1,40.770541003439575
096400013,9640,3,INTO,10.0,1,0.427,0,50.30966698541306,0.7279,1,39.4764170050621
096400014,9640,0,WAITING,10.0,1,0.7227,1,38.80679199937731,0.7247,1,41.2647079792805
096400016,9640,2,USUALLY,10.0,1,0.5203,1,50.07041699718684,0.2728,0,38.37733299587853
096400016,9640,6,FIRE,10.0,1,0.723,1,49.66554100974463,0.73,1,37.52704200451262
096400018,9640,1,FORGIVE,5.0,0,0.3049,0,39.88974998355843,0.526,1,38.90029198373668
096400020,9640,0,AUTHOR,5.0,0,0.7251,1,58.31479199696332,0.7285,1,41.49420800968073
096400020,9640,2,HELLO,10.0,1,0.4494,0,42.07125000539236,0.3556,0,42.67529200296849
096400020,9640,3,AGAIN,10.0,1,0.5279,1,40.63750000204891,0.5077,1,41.168332973029464
096400020,9640,4,EVERYONE,10.0,1,0.4185,1,51.295833982294425,0.3001,0,48.89241699129343
096400021,9640,0,EVERY,10.0,1,0.7211,1,62.5386250030715,0.7285,1,40.58691600221209
096400021,9640,1,MINUTE,10.0,1,0.7158,1,56.31608300609514,0.7069,1,39.633374981349334
096400024,9640,3,FARTHER,10.0,1,0.7302,1,40.496125002391636,0.5122,1,62.21999999252148
096400024,9640,4,EXPLANATION,5.0,0,0.2062,0,71.91483298083767,0.2394,0,64.05008301953785
096400025,9640,3,DARLING,10.0,1,0.7301,1,37.16216699103825,0.73,1,37.93379198759794
096400025,9640,4,DARLING,10.0,1,0.73,1,35.58033300214447,0.7297,1,35.808415996143594
096400025,9640,5,DARLING,10.0,1,0.7295,1,36.07770797680132,0.7292,1,35.27408398804255
096400025,9640,6,JEWEL,10.0,1,0.4355,0,37.014041998190805,0.7282,1,38.93420798704028
096400026,9640,2,CONTINUE,10.0,1,0.3585,0,54.294583009323105,0.5239,1,53.6079159937799
096400026,9640,4,TRAINING,10.0,1,0.725,1,57.239500019932166,0.7295,1,37.133167003048584
096400028,9640,1,ALMOST,10.0,1,0.2873,0,43.719083012547344,0.2735,0,47.298916993895546
096400028,9640,3,YOUR,10.0,1,1.0,1,26.897040981566533,1.0,1,28.87791601824574
096470002,9647,7,SATISFIED,10.0,1,0.2214,0,50.744749984005466,0.5172,1,65.31525001628324
096470003,9647,2,FINISHED,10.0,1,0.7162,1,40.71775000193156,0.7237,1,48.30579101690091
096470004,9647,3,STRIKING,10.0,1,0.7304,1,47.981791984057054,0.7271,1,46.58762499457225
096470007,9647,4,EVIL,10.0,1,0.5953,1,55.859665997559205,0.4478,0,38.63154101418331
096470010,9647,2,EVER,10.0,1,0.7285,1,56.41866702353582,0.7269,1,54.542249999940395
096470010,9647,3,HAPPENS,10.0,1,0.7168,1,42.227791011100635,0.7186,1,36.33262499351986
096470011,9647,0,NOTHING,10.0,1,0.7229,1,38.371582981199026,0.7271,1,40.278792002936825
096470011,9647,3,IMMENSE,10.0,1,0.3398,0,36.225249990820885,0.3082,0,39.11116698873229
096470012,9647,2,PROBABLY,10.0,1,0.2816,0,54.4504169956781,0.3009,0,45.874000003095716
096470012,9647,3,DATING,10.0,1,0.6923,1,35.209374997066334,0.7209,1,46.80779200862162
096470012,9647,5,SOMETHING,10.0,1,0.7203,1,44.00875000283122,0.5998,1,40.500499977497384
096470013,9647,0,WOMAN,10.0,1,0.7174,1,39.721625013044104,0.7257,1,43.84433300583623
096470014,9647,0,EXTREMELY,10.0,1,0.3525,0,65.94541599042714,0.3561,0,64.11654100520536
096470015,9647,5,EXPLAINED,10.0,1,0.7286,1,43.11837500426918,0.7301,1,37.61137500987388
096470016,9647,1,MANY,10.0,1,0.7295,1,37.78350001084618,0.7287,1,39.38637499231845
096470016,9647,2,KINGDOMS,10.0,1,0.7293,1,38.00683299778029,0.7066,1,52.93016700306907
096470017,9647,1,AREA,10.0,1,0.465,1,47.699542017653584,0.4942,1,48.98691701237112
096470017,9647,4,OTHER,5.0,0,0.7265,1,57.187208003597334,0.7286,1,40.57179199298844
096470017,9647,5,FAMILY,10.0,1,0.5653,1,58.354833017801866,0.326,0,56.439624982886016
096470017,9647,6,MEMBERS,10.0,1,0.7059,1,58.218459016643465,0.7299,1,43.05562499212101
096470018,9647,0,ANYWAY,10.0,1,0.3292,0,75.48708401736803,0.4227,1,61.130457994295284
096470019,9647,1,FATHER'S,10.0,1,0.7236,1,43.95262501202524,0.5284,1,43.41787498560734
096470019,9647,3,SOUNDED,10.0,1,0.7302,1,37.11541701341048,0.7058,1,38.52983299293555
096470020,9647,0,MAYBE,10.0,1,0.7202,1,46.856458007823676,0.7265,1,57.48916699667461
096470021,9647,2,USUAL,10.0,1,0.2568,0,66.66774998302571,0.3751,0,40.27750002569519
096470021,9647,4,ANY,10.0,1,0.69,1,46.64770798990503,0.7215,1,36.03975000442006
096470022,9647,2,STARTED,5.0,0,0.7264,1,36.55520800384693,0.7075,1,51.16658299812116
096470022,9647,3,FORGETTING,10.0,1,0.4156,1,51.22695802128874,0.4146,1,47.40858299192041
096470022,9647,4,EVERYTHING,10.0,1,0.2186,0,56.279457989148796,0.2188,0,54.21329100499861
